f0,f1,f2,f3,f4,f5,f6,f7,f8,f9,f10,f11,f12,f13,f14,f15,f16,f17,f18,f19,f20,f21,f22,f23,f24,f25,f26,f27,f28,f29,f30,f31,f32,f33,f34,f35,f36,f37,f38,f39,f40,genre,filename
-113.619384765625,121.55301666259766,-19.15105628967285,42.345767974853516,-6.3711676597595215,18.613033294677734,-13.692060470581055,15.339378356933594,-12.28361701965332,10.973774909973145,-8.322409629821777,8.806787490844727,-3.665802001953125,50.703182220458984,17.196640014648438,15.348609924316406,12.28150463104248,12.962430953979492,9.442964553833008,8.222212791442871,8.310419082641602,9.063801765441895,7.962441444396973,7.861968040466309,7.161843299865723,6.422743320465088,1784.41650390625,360.19415283203125,0.08306638896465302,0.027689967304468155,0.34995052218437195,0.2979130148887634,123.046875,3806.418701171875,949.3838500976562,2002.6571044921875,292.9664611816406,0.13019199669361115,0.053201235830783844,20.526880264282227,8.764369010925293,blues,blues.00000.wav
-207.58151245117188,123.99714660644531,8.939114570617676,35.870758056640625,2.9199705123901367,21.518787384033203,-8.555368423461914,23.355937957763672,-10.10103702545166,11.90644359588623,-5.558122634887695,5.375942230224609,-2.237833023071289,88.15198516845703,23.667762756347656,23.931154251098633,16.274375915527344,16.734619140625,12.508814811706543,14.176376342773438,11.931994438171387,12.893104553222656,10.215604782104492,10.25786018371582,9.813216209411621,8.056106567382812,1529.871337890625,613.1978759765625,0.056044258177280426,0.038059208542108536,0.3409450948238373,0.308168888092041,67.99958801269531,3548.98681640625,1725.33837890625,2038.6121826171875,462.4822998046875,0.09589168429374695,0.048724040389060974,20.672264099121094,8.24024772644043,blues,blues.00001.wav
-90.7763442993164,140.4486083984375,-29.10055923461914,31.687339782714844,-13.975973129272461,25.741682052612305,-13.644712448120117,11.623111724853516,-11.775920867919922,9.70046615600586,-13.115348815917969,5.785763263702393,-8.89973258972168,57.61764907836914,22.563512802124023,20.297462463378906,12.00615119934082,12.490620613098145,8.629561424255371,10.328758239746094,10.326069831848145,8.104654312133789,8.236836433410645,7.592525005340576,8.037508964538574,7.776660442352295,1552.6378173828125,395.6492004394531,0.07630074769258499,0.03173781931400299,0.36356186866760254,0.2920226752758026,161.4990234375,3041.08984375,884.8426513671875,1747.382080078125,275.9541320800781,0.17549368739128113,0.05246517434716225,22.19179344177246,8.727502822875977,blues,blues.00002.wav
-199.46200561523438,150.09474182128906,5.649167060852051,26.87014389038086,1.755440592765808,14.2368803024292,-4.8288726806640625,9.29784870147705,-0.7531418800354004,8.147393226623535,-3.1952357292175293,6.085353851318359,-2.4761881828308105,74.13482666015625,21.367420196533203,16.032691955566406,12.577670097351074,16.36771583557129,11.264205932617188,12.492485046386719,9.00948715209961,9.61051082611084,8.439374923706055,10.50359058380127,6.941435813903809,7.537466049194336,1070.110107421875,429.5423889160156,0.03330894559621811,0.02056877128779888,0.4048483371734619,0.3066234886646271,63.024009704589844,2185.061767578125,1222.372314453125,1596.2442626953125,408.212646484375,0.1411392092704773,0.07962321490049362,21.428386688232422,7.962194919586182,blues,blues.00003.wav
-160.29185485839844,126.19576263427734,-35.602500915527344,22.151168823242188,-32.487640380859375,10.862022399902344,-23.357162475585938,0.5005233287811279,-11.804770469665527,1.2038776874542236,-13.085074424743652,-2.8098487854003906,-6.9356207847595215,72.09815979003906,29.218793869018555,18.267778396606445,13.916655540466309,18.34260368347168,11.610199928283691,9.659235000610352,11.169668197631836,11.401259422302246,9.989755630493164,8.961198806762695,9.300108909606934,9.466440200805664,1835.5069580078125,585.9473266601562,0.10150013864040375,0.04419851675629616,0.3085981607437134,0.2963957190513611,135.99917602539062,3581.00341796875,1253.84716796875,1748.367431640625,297.42236328125,0.09154040366411209,0.048010990023612976,21.463016510009766,7.940710544586182,blues,blues.00004.wav
-177.88876342773438,118.18952941894531,-17.550729751586914,30.753101348876953,-21.732107162475586,11.898545265197754,-20.732280731201172,3.176168918609619,-8.575770378112793,-0.9401844143867493,-11.773798942565918,-2.4260759353637695,-9.342486381530762,85.46055603027344,56.54740905761719,25.576311111450195,22.045116424560547,20.820207595825195,16.312280654907227,13.032559394836426,11.562215805053711,13.127508163452148,10.00648021697998,8.751916885375977,8.86025333404541,8.951683044433594,1831.9901123046875,1015.5272827148438,0.09403987228870392,0.07897575199604034,0.30241402983665466,0.29590877890586853,69.83741760253906,3480.85400390625,1810.097412109375,1729.456298828125,449.4438781738281,0.10343772172927856,0.06311682611703873,22.544687271118164,8.178349494934082,blues,blues.00005.wav
-190.17501831054688,130.29241943359375,-36.348472595214844,33.029090881347656,11.085680961608887,-0.5963724851608276,-20.882356643676758,0.2771161198616028,-6.500870704650879,-5.515623092651367,-7.8452887535095215,-3.123599052429199,-6.5957159996032715,98.21621704101562,43.98217010498047,36.16135787963867,21.91622543334961,32.917903900146484,16.73988151550293,12.316180229187012,10.14377498626709,11.451950073242188,12.38908576965332,9.358327865600586,8.014026641845703,8.897414207458496,1459.035400390625,661.9048461914062,0.07302790135145187,0.043698910623788834,0.29140564799308777,0.30659860372543335,71.77734375,2795.6748046875,1273.848876953125,1388.7254638671875,430.2696838378906,0.14168789982795715,0.09371677786111832,23.425853729248047,7.040285110473633,blues,blues.00006.wav
-179.42007446289062,136.4420928955078,-26.644338607788086,39.979591369628906,5.301814556121826,10.921236991882324,-20.555347442626953,8.507476806640625,-11.35435962677002,-3.4690983295440674,-8.414113998413086,-6.956976890563965,-3.5483481884002686,81.08917236328125,38.47041320800781,24.31002426147461,18.79252815246582,25.50387191772461,11.677462577819824,12.794587135314941,12.30766773223877,13.115826606750488,13.357223510742188,12.151824951171875,9.153006553649902,9.660816192626953,1451.8494873046875,670.77392578125,0.06143500283360481,0.04301174357533455,0.30731454491615295,0.30471158027648926,92.28515625,2955.765380859375,1276.9356689453125,1577.5518798828125,410.1929626464844,0.13174523413181305,0.0743989422917366,22.44033432006836,7.242144584655762,blues,blues.00007.wav
-121.38711547851562,122.5053939819336,-14.739394187927246,46.135292053222656,-8.160384178161621,20.170509338378906,-19.169321060180664,23.050188064575195,-11.825939178466797,21.173410415649414,-6.720290660858154,7.005018711090088,-12.739909172058105,51.201961517333984,20.364900588989258,18.476787567138672,13.921792984008789,13.293728828430176,10.343644142150879,7.594192028045654,8.770051956176758,6.517716407775879,7.644031047821045,6.997152328491211,7.499757289886475,7.867430210113525,1719.27392578125,404.2148742675781,0.0640275776386261,0.02705344744026661,0.40899816155433655,0.2941422462463379,83.35433197021484,3781.518798828125,1123.8306884765625,2031.6873779296875,324.9818420410156,0.1423606276512146,0.03876723721623421,22.373432159423828,9.451292037963867,blues,blues.00008.wav
-213.20452880859375,115.154541015625,-11.720502853393555,39.032554626464844,-20.357818603515625,13.089925765991211,-9.180814743041992,9.023638725280762,-14.101024627685547,4.283337116241455,-6.044196128845215,3.786367893218994,0.22368738055229187,78.3143081665039,28.262224197387695,25.86415672302246,18.730318069458008,23.0716552734375,16.684894561767578,11.249238014221191,8.243319511413574,10.496000289916992,9.617186546325684,9.212237358093262,10.222246170043945,8.740899085998535,1817.529541015625,546.128662109375,0.07921531796455383,0.03710199147462845,0.2740142345428467,0.3038528561592102,80.74951171875,3944.58447265625,1169.2471923828125,1973.6903076171875,337.9483642578125,0.08132097870111465,0.065934918820858,21.15817642211914,7.9579596519470215,blues,blues.00009.wav
-173.7158660888672,137.14024353027344,-23.76764678955078,26.99173927307129,-16.68766212463379,4.214374542236328,-12.58261775970459,5.854559421539307,-2.8846731185913086,-1.1866810321807861,-1.9771538972854614,1.8001550436019897,-3.004411458969116,90.21219635009766,32.89563751220703,32.049591064453125,22.2620906829834,17.024559020996094,12.638328552246094,12.267991065979004,9.082865715026855,10.420711517333984,8.099661827087402,7.448550224304199,7.6134138107299805,9.680582046508789,1410.6754150390625,453.11712646484375,0.06298072636127472,0.02100530080497265,0.30396515130996704,0.30775395035743713,161.4990234375,2767.50830078125,1194.0924072265625,1512.9718017578125,380.69537353515625,0.14286480844020844,0.09589651226997375,21.0878849029541,8.238383293151855,blues,blues.00010.wav
-287.9235534667969,123.97102355957031,5.456121921539307,33.68454360961914,1.0892010927200317,14.704721450805664,-4.898605823516846,8.653275489807129,0.7827977538108826,6.566735744476318,-4.879439830780029,-3.1806588172912598,-5.557003498077393,77.0452651977539,31.52353286743164,17.381046295166016,18.550790786743164,21.012859344482422,15.348381042480469,12.217013359069824,13.753050804138184,12.197827339172363,10.68626594543457,9.68674087524414,9.17844009399414,8.085728645324707,1353.3291015625,715.4744873046875,0.04395891726016998,0.043544694781303406,0.36580705642700195,0.31938475370407104,161.4990234375,2882.31591796875,1712.5018310546875,1757.3310546875,469.27496337890625,0.06568456441164017,0.05000544339418411,20.797922134399414,7.343454837799072,blues,blues.00011.wav
-207.208740234375,132.79708862304688,-15.460705757141113,60.99486541748047,0.7102412581443787,12.461278915405273,1.160927653312683,-1.5278946161270142,-17.90181541442871,8.369234085083008,-2.4538185596466064,-0.5966886878013611,0.3688164949417114,67.66199493408203,25.794357299804688,30.59287452697754,18.182411193847656,17.72148895263672,10.05937385559082,10.392874717712402,10.568408966064453,9.819367408752441,9.73562240600586,11.820317268371582,9.62463092803955,9.283365249633789,1361.1004638671875,507.0060119628906,0.06912392377853394,0.04879831150174141,0.2693325877189636,0.30644625425338745,184.5703125,2739.791748046875,976.00439453125,1567.600830078125,211.96910095214844,0.1190238893032074,0.06369339674711227,22.127099990844727,6.741583347320557,blues,blues.00012.wav
-209.78219604492188,124.4659194946289,10.285804748535156,47.030174255371094,6.482385635375977,15.417020797729492,-2.010077714920044,6.735785961151123,-21.548620223999023,10.728497505187988,-5.5324320793151855,-2.202038049697876,-3.051727056503296,44.382938385009766,23.290462493896484,25.728227615356445,12.177268028259277,10.098318099975586,12.095587730407715,8.332418441772461,8.71790885925293,9.820377349853516,9.790460586547852,9.524993896484375,7.695250988006592,7.237645626068115,1324.331787109375,414.2952880859375,0.05141730234026909,0.03544030711054802,0.26472631096839905,0.30194416642189026,107.666015625,2710.366943359375,1037.1195068359375,1827.384521484375,279.4934997558594,0.1131889671087265,0.06474139541387558,21.416027069091797,7.129589557647705,blues,blues.00013.wav
-305.6985778808594,113.0416259765625,12.114899635314941,45.03944396972656,17.739240646362305,14.594630241394043,4.157128810882568,0.24009813368320465,-7.013088226318359,13.649843215942383,8.923057556152344,1.301689863204956,5.952127933502197,90.54730224609375,26.103662490844727,38.2579345703125,14.991418838500977,15.779799461364746,12.43875789642334,12.55484390258789,12.913716316223145,9.877542495727539,8.767173767089844,9.486505508422852,7.92079496383667,8.022302627563477,1172.2762451171875,383.77703857421875,0.04504583403468132,0.03950987011194229,0.32904088497161865,0.32870593667030334,151.99908447265625,2345.777587890625,936.4971313476562,1705.8583984375,310.4303283691406,0.06693624705076218,0.05204607918858528,21.61730194091797,6.527442932128906,blues,blues.00014.wav
-238.5330352783203,120.08828735351562,-4.224555492401123,42.31004333496094,5.916329383850098,13.91418170928955,5.357577323913574,1.903708815574646,-16.929880142211914,12.339310646057129,3.94096040725708,-1.3906770944595337,0.014792084693908691,66.20257568359375,26.991220474243164,31.297775268554688,19.574748992919922,17.288063049316406,10.838105201721191,10.939125061035156,11.995671272277832,9.480667114257812,8.733510971069336,9.037074089050293,7.804614543914795,7.785207271575928,1420.4114990234375,447.32464599609375,0.06371767818927765,0.044069256633520126,0.2703465521335602,0.30876871943473816,103.359375,2930.24072265625,836.9628295898438,1730.9171142578125,285.169189453125,0.08063894510269165,0.0532103106379509,21.364320755004883,6.689703464508057,blues,blues.00015.wav
-233.79489135742188,120.66705322265625,-3.167560338973999,39.539268493652344,3.8588550090789795,18.839672088623047,-3.6889171600341797,4.431845188140869,-14.975372314453125,17.571035385131836,1.8447446823120117,2.538606643676758,-1.2386857271194458,70.44123077392578,23.711532592773438,34.75709533691406,19.910839080810547,16.844215393066406,12.497923851013184,10.01887035369873,10.562871932983398,10.074906349182129,10.108126640319824,10.421930313110352,8.149383544921875,8.067007064819336,1455.04248046875,390.38909912109375,0.06135072559118271,0.03767737001180649,0.30829644203186035,0.3167685568332672,198.76803588867188,3009.965087890625,1005.488525390625,1825.9090576171875,341.8276062011719,0.08141902089118958,0.051397182047367096,21.057214736938477,7.080088138580322,blues,blues.00016.wav
-245.75413513183594,140.48092651367188,-2.7714390754699707,60.42012023925781,18.925399780273438,9.837099075317383,3.5665769577026367,0.536187469959259,-16.367359161376953,6.629854202270508,7.269148826599121,-4.015730857849121,1.6074535846710205,72.07491302490234,28.298141479492188,28.210205078125,18.994874954223633,15.329365730285645,9.9878511428833,10.890830039978027,9.65005874633789,11.359437942504883,10.260236740112305,9.83566951751709,8.446646690368652,8.542129516601562,1088.778076171875,481.4411926269531,0.048323970288038254,0.029080133885145187,0.30223947763442993,0.30567795038223267,172.265625,2134.753662109375,1040.1175537109375,1410.8359375,264.16998291015625,0.09325911104679108,0.04638774320483208,21.719440460205078,6.357365608215332,blues,blues.00017.wav
-252.51876831054688,104.9369888305664,15.316827774047852,42.67346954345703,6.762617588043213,21.623579025268555,-1.313277006149292,5.6919331550598145,-16.619516372680664,12.161626815795898,-1.9679499864578247,1.969765067100525,-0.8889584541320801,53.61874008178711,24.581554412841797,25.72705078125,12.75080394744873,9.637907028198242,10.82491397857666,8.574239730834961,10.023236274719238,11.194994926452637,11.117654800415039,7.221667766571045,8.042827606201172,6.976861953735352,1537.5609130859375,439.6507873535156,0.056131936609745026,0.04151089861989021,0.2700793147087097,0.3125685155391693,83.35433197021484,3495.462158203125,1352.6627197265625,2054.22412109375,381.49603271484375,0.07964064180850983,0.0543760322034359,21.71347427368164,7.420516014099121,blues,blues.00018.wav
-236.68890380859375,138.40428161621094,-4.923574924468994,47.64771270751953,5.152376174926758,8.895283699035645,0.48285630345344543,-3.8016674518585205,-14.97489070892334,10.432586669921875,-0.3539614975452423,0.7883455157279968,1.7829302549362183,74.70635223388672,23.166364669799805,34.17282485961914,17.647171020507812,21.60105323791504,9.57451057434082,9.904786109924316,12.605185508728027,8.792123794555664,10.226059913635254,11.592766761779785,8.970575332641602,8.832467079162598,1195.4134521484375,499.7222900390625,0.05887115001678467,0.04241648316383362,0.25735950469970703,0.30988022685050964,123.046875,2235.21142578125,1099.3751220703125,1480.9442138671875,216.57655334472656,0.09763429313898087,0.050781093537807465,21.481304168701172,6.513913154602051,blues,blues.00019.wav
-230.42657470703125,127.10052490234375,7.145354270935059,39.78431701660156,1.9449424743652344,17.40534019470215,-5.639429092407227,8.252129554748535,-18.10438346862793,13.842513084411621,-3.7609128952026367,2.571859836578369,-4.320805549621582,54.645503997802734,19.935543060302734,24.48725700378418,13.249691009521484,10.760223388671875,10.012038230895996,8.914257049560547,8.327550888061523,7.745545864105225,8.527892112731934,8.461935043334961,8.635147094726562,7.914322853088379,1389.9522705078125,320.81512451171875,0.05256015062332153,0.024811774492263794,0.30279943346977234,0.30718228220939636,135.99917602539062,3005.740234375,972.8569946289062,1911.314453125,297.89752197265625,0.07535404711961746,0.04988358914852142,20.069971084594727,7.192836761474609,blues,blues.00020.wav
-264.678466796875,138.85833740234375,11.156023025512695,48.53825378417969,14.89592456817627,20.584367752075195,3.2051422595977783,1.2625881433486938,-15.847021102905273,15.986576080322266,3.3616716861724854,-1.5137410163879395,1.8921550512313843,79.65916442871094,31.658893585205078,35.838104248046875,19.26860809326172,15.755782127380371,11.406539916992188,10.95698356628418,10.222084045410156,9.767314910888672,9.229901313781738,8.898972511291504,8.480931282043457,8.370803833007812,1046.7275390625,540.075439453125,0.04793735221028328,0.048290252685546875,0.3211421072483063,0.3213796615600586,99.38401794433594,1831.122314453125,1161.5989990234375,1480.5791015625,264.76776123046875,0.10111809521913528,0.05685032904148102,22.150178909301758,6.469194412231445,blues,blues.00021.wav
-233.85751342773438,136.17208862304688,3.2713184356689453,48.93121337890625,8.685133934020996,13.979510307312012,5.354867935180664,0.39087027311325073,-13.5045747756958,16.85610580444336,5.1309380531311035,-2.231879949569702,3.9640326499938965,80.59227752685547,30.977920532226562,34.091278076171875,19.60270881652832,17.44671058654785,12.86181640625,10.27258586883545,11.302638053894043,12.309768676757812,9.099172592163086,10.696426391601562,8.792097091674805,8.120821952819824,1156.202392578125,560.5751342773438,0.05861340090632439,0.053551338613033295,0.306441992521286,0.31307587027549744,95.703125,2170.511962890625,1153.744384765625,1497.7589111328125,243.07704162597656,0.11343149840831757,0.06071941554546356,22.285951614379883,6.7928147315979,blues,blues.00022.wav
-227.26885986328125,137.73069763183594,-14.4934663772583,63.555702209472656,5.612640857696533,11.984639167785645,1.8855520486831665,-1.863376498222351,-7.620555400848389,-2.447174549102783,-2.8867249488830566,-9.429529190063477,-10.92391300201416,64.4076156616211,22.503929138183594,35.30354309082031,14.521750450134277,12.356342315673828,9.678050994873047,10.130398750305176,9.341695785522461,9.878338813781738,9.88372802734375,10.20205020904541,9.378917694091797,10.746888160705566,1210.4571533203125,363.0846252441406,0.05248267576098442,0.03298931568861008,0.280720978975296,0.30193594098091125,184.5703125,2522.54296875,781.1815185546875,1498.0545654296875,227.26333618164062,0.1019149050116539,0.05966828390955925,21.828065872192383,6.130971908569336,blues,blues.00023.wav
-274.3118591308594,130.41371154785156,-6.392800331115723,70.40501403808594,13.26914119720459,9.461283683776855,7.725641250610352,-1.247490644454956,-0.5775883197784424,-2.30258846282959,3.783147096633911,0.08482332527637482,-0.9394359588623047,76.93624114990234,22.37529182434082,36.63964080810547,17.646696090698242,15.184504508972168,12.469621658325195,11.023465156555176,12.256719589233398,9.703689575195312,8.30018424987793,8.76274299621582,8.577573776245117,11.257425308227539,1120.3909912109375,420.0105285644531,0.047297898679971695,0.032851267606019974,0.2631080448627472,0.3161962330341339,103.359375,2325.127685546875,1067.2899169921875,1447.8526611328125,231.99485778808594,0.08696161210536957,0.05012074112892151,21.717050552368164,5.983712196350098,blues,blues.00024.wav
-249.28939819335938,130.98703002929688,0.6773899793624878,66.68578338623047,17.89780616760254,4.623736381530762,6.5983076095581055,1.2490499019622803,1.4163895845413208,-1.5791419744491577,-0.9626631140708923,-3.571995735168457,-2.9279816150665283,63.09784698486328,18.394969940185547,39.75187301635742,17.279258728027344,13.545689582824707,13.16553020477295,9.820876121520996,9.916266441345215,8.703125953674316,9.580452919006348,10.061666488647461,9.229387283325195,9.291680335998535,1109.721435546875,372.4129333496094,0.051724933087825775,0.03659632056951523,0.2909806966781616,0.3017832040786743,92.28515625,2243.744873046875,915.8907470703125,1463.5390625,194.51148986816406,0.08917960524559021,0.05582619458436966,21.02326202392578,6.300135135650635,blues,blues.00025.wav
-284.6973571777344,108.8051986694336,9.088282585144043,51.222740173339844,18.09175682067871,7.612260818481445,8.779499053955078,2.3628289699554443,0.005786435212939978,2.2509660720825195,4.205099105834961,-3.2933170795440674,1.6082983016967773,78.7223129272461,26.004621505737305,38.02742385864258,17.197452545166016,14.505343437194824,13.483985900878906,11.017854690551758,10.154078483581543,9.670384407043457,10.304088592529297,9.183077812194824,9.884416580200195,8.278565406799316,1198.7545166015625,402.3468933105469,0.05198759213089943,0.03857056796550751,0.27866607904434204,0.3082524836063385,83.35433197021484,2478.82666015625,995.8270263671875,1573.0850830078125,289.4571838378906,0.07693855464458466,0.07693015784025192,21.957340240478516,6.230118274688721,blues,blues.00026.wav
-228.2506561279297,130.3444061279297,-23.291290283203125,70.1720962524414,1.1422709226608276,7.602447509765625,0.9099381566047668,1.9782512187957764,-6.1670074462890625,-9.396023750305176,-2.5628409385681152,-4.522894382476807,-0.2629503607749939,53.045005798339844,26.25477409362793,30.453990936279297,19.92217445373535,13.4837064743042,12.392955780029297,10.015294075012207,9.411503791809082,7.8687520027160645,9.273236274719238,10.388401985168457,7.683055400848389,8.236430168151855,1391.44384765625,447.3847961425781,0.07235897332429886,0.05042678117752075,0.2887045443058014,0.30685824155807495,92.28515625,2811.141357421875,735.6703491210938,1494.850830078125,208.5677490234375,0.09572528302669525,0.04683949053287506,23.02192497253418,5.867445468902588,blues,blues.00027.wav
-248.9867401123047,139.06719970703125,-16.282499313354492,57.117984771728516,20.19265365600586,10.188037872314453,4.543976306915283,0.3312790095806122,-7.877950668334961,-3.4479153156280518,-2.646488904953003,-2.8313822746276855,-0.902166485786438,70.45574951171875,19.953779220581055,34.15384292602539,18.137451171875,12.582623481750488,11.546414375305176,11.243721008300781,10.879305839538574,8.358489990234375,8.276775360107422,8.910004615783691,8.167048454284668,9.771069526672363,1115.5411376953125,324.9461364746094,0.048028431832790375,0.028583845123648643,0.2760109007358551,0.3144059181213379,103.359375,2290.319580078125,798.9420776367188,1398.5093994140625,229.82467651367188,0.09958247095346451,0.06407079845666885,21.401878356933594,6.189595699310303,blues,blues.00028.wav
-233.75082397460938,101.17827606201172,17.64976692199707,23.733776092529297,2.0820329189300537,25.941923141479492,-16.95884895324707,15.098033905029297,-22.278715133666992,4.395122528076172,-23.2074031829834,-6.057175159454346,-5.068857192993164,60.73033142089844,29.759796142578125,19.37721061706543,14.810775756835938,15.089254379272461,11.647930145263672,18.422504425048828,10.653246879577637,9.919082641601562,11.071765899658203,12.938664436340332,9.040495872497559,8.996856689453125,1649.2877197265625,844.1165771484375,0.05292636156082153,0.056996479630470276,0.28055399656295776,0.32505398988723755,129.19921875,3761.610595703125,2039.7830810546875,2190.221923828125,430.48028564453125,0.12466930598020554,0.0694025456905365,26.456134796142578,8.892486572265625,blues,blues.00029.wav
-206.96807861328125,117.79298400878906,23.23587989807129,28.297826766967773,-1.1239153146743774,18.862035751342773,-21.949682235717773,17.849985122680664,-25.585643768310547,2.129925012588501,-17.794416427612305,-8.01590347290039,-17.60727882385254,44.99866485595703,27.640546798706055,16.772323608398438,16.16750144958496,13.964349746704102,12.688658714294434,14.560503005981445,11.72113037109375,14.150612831115723,10.150412559509277,8.543368339538574,7.771043300628662,8.536091804504395,1378.9658203125,742.5598754882812,0.039375800639390945,0.03075951524078846,0.26312941312789917,0.3072076141834259,151.99908447265625,3015.056884765625,2139.362060546875,2003.585205078125,519.39501953125,0.1700301468372345,0.05651620775461197,26.843507766723633,8.62346076965332,blues,blues.00030.wav
-221.8311309814453,110.83949279785156,18.6168212890625,30.920137405395508,3.2959229946136475,22.58736228942871,-20.416349411010742,12.11873722076416,-26.35049819946289,-4.3674845695495605,-26.413198471069336,-13.045098304748535,-12.654766082763672,50.1198844909668,24.214548110961914,13.784725189208984,13.439663887023926,14.88302993774414,10.032215118408203,17.846128463745117,10.704249382019043,10.423561096191406,10.114691734313965,11.338235855102539,10.370996475219727,12.096414566040039,1331.03662109375,593.5347290039062,0.042967237532138824,0.03311369568109512,0.2536383867263794,0.3151463568210602,151.99908447265625,2900.174072265625,1926.0533447265625,1973.648681640625,484.2307434082031,0.15153230726718903,0.05651747062802315,27.927204132080078,8.277046203613281,blues,blues.00031.wav
-288.8077087402344,105.89604187011719,18.77703857421875,23.710391998291016,5.711881160736084,25.549087524414062,-13.473759651184082,12.428972244262695,-11.942033767700195,1.571425437927246,-15.63591194152832,-6.650615692138672,-11.713253021240234,72.89320373535156,28.811166763305664,20.835323333740234,18.487327575683594,19.50859832763672,12.8262357711792,15.107900619506836,11.214014053344727,13.991225242614746,11.506952285766602,11.236590385437012,9.02645492553711,10.104416847229004,1309.6646728515625,869.8875122070312,0.03939318656921387,0.05621806159615517,0.27626821398735046,0.3120811879634857,143.5546875,2765.658203125,2165.650390625,1883.0626220703125,533.2848510742188,0.10115690529346466,0.06273246556520462,26.985883712768555,8.186060905456543,blues,blues.00032.wav
-239.03807067871094,108.6572036743164,34.151893615722656,30.23917007446289,-0.4757433533668518,27.29263687133789,-21.379398345947266,14.150508880615234,-24.510177612304688,-1.8840460777282715,-28.050291061401367,-11.2566499710083,-16.476930618286133,56.806373596191406,28.653453826904297,16.713603973388672,17.3702392578125,15.392646789550781,11.857561111450195,16.936935424804688,11.793535232543945,10.839340209960938,13.388097763061523,11.275903701782227,9.364659309387207,9.511204719543457,1430.59814453125,837.4771118164062,0.041969891637563705,0.03794965520501137,0.2608201205730438,0.3079884350299835,151.99908447265625,3246.75537109375,2360.32177734375,2075.65234375,524.7579345703125,0.13312429189682007,0.04744350537657738,27.161623001098633,8.569552421569824,blues,blues.00033.wav
-217.23867797851562,105.79236602783203,15.617069244384766,25.25638198852539,-1.4402743577957153,30.1898193359375,-17.715219497680664,17.318172454833984,-27.20952796936035,4.33916711807251,-20.059492111206055,-10.695944786071777,-14.220666885375977,59.99020767211914,23.115158081054688,18.933635711669922,14.815605163574219,14.70071029663086,10.843642234802246,14.95871639251709,11.252165794372559,10.597419738769531,13.31950569152832,10.741460800170898,8.42324161529541,10.247786521911621,1536.7310791015625,584.0842895507812,0.04570040479302406,0.026297617703676224,0.26211869716644287,0.31472527980804443,184.5703125,3600.919921875,1927.3072509765625,2157.05859375,401.2923278808594,0.13591797649860382,0.05681255832314491,26.87958526611328,8.633306503295898,blues,blues.00034.wav
-171.81019592285156,120.28062438964844,15.327536582946777,21.090450286865234,-5.4192962646484375,24.189464569091797,-24.138221740722656,18.55198097229004,-22.34890365600586,1.3031774759292603,-20.763931274414062,-4.988852500915527,-17.118927001953125,44.06605529785156,26.3392333984375,16.41070556640625,12.10792350769043,13.230188369750977,10.922333717346191,12.067550659179688,10.033206939697266,11.810193061828613,10.757241249084473,8.251986503601074,9.024649620056152,9.299757957458496,1507.104736328125,643.613525390625,0.04543018713593483,0.023964624851942062,0.2882498800754547,0.3107444643974304,129.19921875,3405.412841796875,2045.7335205078125,2096.717529296875,497.04559326171875,0.17330875992774963,0.05778728425502777,26.880773544311523,8.474417686462402,blues,blues.00035.wav
-200.1960906982422,116.34013366699219,18.006210327148438,25.313560485839844,0.2917344272136688,24.19247817993164,-22.255908966064453,11.18642520904541,-26.848731994628906,-7.6384596824646,-24.889928817749023,-12.015525817871094,-17.017953872680664,53.63920593261719,22.01779556274414,14.098094940185547,17.05552101135254,13.399639129638672,9.999520301818848,17.523313522338867,9.751172065734863,9.858024597167969,10.522112846374512,11.091403007507324,9.9406156539917,8.813386917114258,1247.407958984375,513.7195434570312,0.036903783679008484,0.018674595281481743,0.23319606482982635,0.30802321434020996,151.99908447265625,2621.575927734375,1739.8818359375,1907.7056884765625,441.0355224609375,0.1977485865354538,0.06866755336523056,27.362695693969727,8.427793502807617,blues,blues.00036.wav
-328.6808776855469,102.71112823486328,19.895551681518555,26.732681274414062,7.1514811515808105,22.704801559448242,-6.9743266105651855,12.781993865966797,-10.725780487060547,-0.4336608350276947,-12.373165130615234,-8.90705394744873,-9.240108489990234,86.3687515258789,25.15771484375,26.520038604736328,13.050381660461426,15.9058837890625,15.766670227050781,14.440799713134766,12.450976371765137,12.599909782409668,9.147375106811523,10.48921012878418,10.537225723266602,11.236177444458008,1188.1011962890625,608.110595703125,0.04816032946109772,0.03568096458911896,0.24868349730968475,0.3130548894405365,123.046875,2339.394287109375,1730.850830078125,1682.7073974609375,447.6366882324219,0.06912996619939804,0.04723885655403137,26.61089324951172,7.6184797286987305,blues,blues.00037.wav
-192.69381713867188,111.18816375732422,21.373310089111328,26.39214324951172,-0.6483753323554993,23.480880737304688,-25.470796585083008,16.924428939819336,-16.979984283447266,5.790150165557861,-25.72524642944336,-5.045351982116699,-17.632244110107422,56.739044189453125,27.569089889526367,17.267372131347656,15.827248573303223,13.80264663696289,13.057930946350098,10.971771240234375,11.92176628112793,13.807706832885742,9.874645233154297,9.267195701599121,8.560280799865723,9.009291648864746,1513.52001953125,742.831298828125,0.04437803849577904,0.044898778200149536,0.2658964991569519,0.3115457594394684,86.1328125,3449.845703125,2057.287353515625,2140.702880859375,471.695556640625,0.16808560490608215,0.0626460537314415,27.193349838256836,8.316055297851562,blues,blues.00038.wav
-301.7071533203125,111.53472137451172,21.896408081054688,16.14818000793457,8.196240425109863,22.08507537841797,-8.614953994750977,1.4815573692321777,-17.08437156677246,-8.345808982849121,-17.013063430786133,-10.5756196975708,-15.689096450805664,71.19023132324219,24.37523078918457,17.374683380126953,15.562968254089355,16.85588836669922,11.763415336608887,16.760616302490234,11.000077247619629,10.639835357666016,10.65677261352539,10.321919441223145,9.44816780090332,8.853007316589355,1151.3780517578125,717.65478515625,0.035338789224624634,0.030762385576963425,0.2553582489490509,0.3116915225982666,117.4538345336914,2312.527587890625,1980.6383056640625,1709.316650390625,574.7559814453125,0.0858374685049057,0.05129097029566765,26.364761352539062,8.042817115783691,blues,blues.00039.wav
-110.2843246459961,90.70560455322266,-2.528311252593994,74.052734375,-11.7467679977417,39.214576721191406,-13.174300193786621,20.531587600708008,-17.1676082611084,12.827254295349121,-21.434446334838867,5.952132225036621,-8.032604217529297,35.87811279296875,15.167055130004883,15.086472511291504,10.68272876739502,10.651398658752441,8.131296157836914,9.294343948364258,7.099542617797852,6.857615947723389,9.66452693939209,6.412120819091797,7.0075225830078125,6.86472225189209,2272.517578125,449.9797668457031,0.09765700250864029,0.03718772530555725,0.39779356122016907,0.28369140625,172.265625,5108.27734375,762.7344970703125,2356.845458984375,224.1843719482422,0.13483501970767975,0.027908027172088623,21.299274444580078,9.174151420593262,blues,blues.00040.wav
-107.18975067138672,88.47057342529297,-4.1777873039245605,55.48548889160156,-8.010379791259766,38.416542053222656,-6.4025750160217285,28.576522827148438,-19.82078742980957,13.252738952636719,-19.23979377746582,12.076225280761719,-4.583087921142578,37.677284240722656,19.47087860107422,18.012086868286133,11.380266189575195,10.343913078308105,8.398807525634766,9.457868576049805,9.260254859924316,7.405510902404785,11.172142028808594,8.28979778289795,7.239752292633057,7.539093494415283,2390.771484375,553.7759399414062,0.1022888720035553,0.039948031306266785,0.38709408044815063,0.29230302572250366,129.19921875,5403.7587890625,976.8831176757812,2463.374755859375,283.1034240722656,0.12912002205848694,0.029550284147262573,21.7889404296875,9.346026420593262,blues,blues.00041.wav
-159.56771850585938,69.78482055664062,-4.391879558563232,76.85114288330078,3.9159085750579834,45.16753005981445,-4.8673529624938965,32.20051574707031,-9.796340942382812,7.812511444091797,-21.826967239379883,9.682440757751465,-2.5915892124176025,49.40290451049805,15.499963760375977,22.704235076904297,10.563346862792969,10.905472755432129,6.404391765594482,7.6270670890808105,6.715542316436768,8.2706937789917,8.185380935668945,8.508471488952637,6.372847557067871,8.91886043548584,2302.07568359375,452.7272644042969,0.09786448627710342,0.042722079902887344,0.3776853680610657,0.3041042685508728,89.10291290283203,5188.53515625,749.9595336914062,2367.720458984375,217.42967224121094,0.1109512597322464,0.022970853373408318,23.41701889038086,8.612955093383789,blues,blues.00042.wav
-109.19499969482422,100.6270523071289,-8.620549201965332,47.364219665527344,-6.559237003326416,39.620792388916016,-8.523994445800781,29.56473731994629,-16.583515167236328,13.170684814453125,-24.209320068359375,6.591902732849121,-8.641899108886719,46.97974395751953,15.18934440612793,19.571428298950195,9.112926483154297,9.474176406860352,9.61401653289795,9.541743278503418,6.400322914123535,7.65352201461792,10.657837867736816,6.421553134918213,7.9370222091674805,6.586096286773682,2155.63134765625,433.8103942871094,0.08716538548469543,0.03500117361545563,0.3990493714809418,0.2918050289154053,129.19921875,5011.97802734375,968.926025390625,2372.29150390625,245.4687957763672,0.12724722921848297,0.036236584186553955,20.795642852783203,9.418230056762695,blues,blues.00043.wav
-109.53234100341797,86.92649841308594,-8.62498950958252,64.489501953125,-6.306035041809082,43.64582061767578,-8.293103218078613,28.54642677307129,-14.081591606140137,8.136635780334473,-21.490427017211914,11.086616516113281,-5.094468116760254,28.748567581176758,15.097681045532227,16.68537139892578,9.073116302490234,7.424356937408447,6.232555389404297,7.187097072601318,7.410312652587891,8.813220024108887,9.246450424194336,8.340617179870605,9.750324249267578,9.564591407775879,2279.265625,413.4533996582031,0.09257049113512039,0.03000716306269169,0.3901600241661072,0.2937443256378174,135.99917602539062,5198.47705078125,755.0914306640625,2375.084716796875,230.2195281982422,0.13617800176143646,0.02160121686756611,21.730342864990234,9.417598724365234,blues,blues.00044.wav
-163.24313354492188,89.7848892211914,12.977458953857422,80.6924819946289,3.6667745113372803,39.7451286315918,-5.400378704071045,26.49867057800293,-13.163736343383789,2.7070133686065674,-20.552906036376953,6.0071892738342285,-2.9081320762634277,25.89410400390625,14.411771774291992,11.619853973388672,6.58335542678833,5.734222412109375,6.23146390914917,6.629444122314453,5.619318008422852,6.161679267883301,5.993093967437744,6.238814353942871,6.1441874504089355,7.089840412139893,1739.046142578125,380.77886962890625,0.0480518639087677,0.016320103779435158,0.42972078919410706,0.3000238537788391,129.19921875,4551.1806640625,905.7070922851562,2290.400634765625,255.78399658203125,0.14830446243286133,0.0266225878149271,21.93194007873535,8.184576034545898,blues,blues.00045.wav
-182.66500854492188,90.68653106689453,14.118145942687988,67.5545883178711,2.687610626220703,38.43161392211914,-8.420626640319824,24.123554229736328,-13.787511825561523,4.844969272613525,-16.67662239074707,5.8230791091918945,-5.149289131164551,47.645538330078125,21.247241973876953,16.351314544677734,13.175602912902832,10.841652870178223,8.112804412841797,12.129936218261719,8.499423027038574,7.736542701721191,7.665668487548828,6.667416572570801,6.515848159790039,7.040257930755615,1912.443603515625,575.8147583007812,0.05842595174908638,0.030114252120256424,0.38791003823280334,0.30845582485198975,123.046875,4776.68798828125,1135.2818603515625,2361.390380859375,304.282958984375,0.10253710299730301,0.030762052163481712,21.42078971862793,8.400506973266602,blues,blues.00046.wav
-149.9758758544922,93.64075469970703,6.336244106292725,71.51114654541016,-8.113178253173828,36.21202087402344,-9.78497314453125,17.641597747802734,-21.119003295898438,-0.1259031444787979,-22.200990676879883,5.435663223266602,-7.467779636383057,33.248043060302734,13.940580368041992,13.134135246276855,9.872389793395996,9.827999114990234,6.243899345397949,7.157450199127197,8.12780475616455,7.441287994384766,8.030062675476074,6.3848066329956055,5.921169281005859,6.48793363571167,2013.364501953125,403.2557678222656,0.07534497231245041,0.02898383140563965,0.33643755316734314,0.29349780082702637,151.99908447265625,4849.57080078125,762.0562744140625,2310.25634765625,209.8273162841797,0.11219596117734909,0.02298615500330925,22.39305877685547,8.666864395141602,blues,blues.00047.wav
-106.34815216064453,102.64147186279297,-20.172258377075195,59.37520980834961,-9.967279434204102,33.706119537353516,-14.182174682617188,23.516733169555664,-13.329083442687988,16.026071548461914,-18.923175811767578,7.831766605377197,-7.800383567810059,38.92146301269531,16.3371524810791,19.25697135925293,11.132085800170898,11.407000541687012,7.721539497375488,10.855754852294922,9.68022632598877,7.878338813781738,8.864679336547852,7.872162818908691,8.304168701171875,7.117171287536621,2148.749755859375,407.5403747558594,0.09881232678890228,0.03616616874933243,0.3794104754924774,0.28906306624412537,123.046875,4673.62158203125,905.8536987304688,2204.352294921875,282.8559875488281,0.12392562627792358,0.030320478603243828,21.606794357299805,9.027019500732422,blues,blues.00048.wav
-255.9738311767578,110.82752227783203,21.460573196411133,67.588134765625,4.288311958312988,43.11846160888672,-4.508347988128662,10.442597389221191,-8.718591690063477,1.6548898220062256,-20.58778953552246,-2.430673837661743,-7.144061088562012,56.26820755004883,25.847936630249023,18.763063430786133,14.287945747375488,14.052719116210938,9.076972007751465,8.623625755310059,8.701756477355957,10.130152702331543,8.961560249328613,8.32767105102539,7.754081726074219,8.128005027770996,1318.6236572265625,642.1084594726562,0.03997292369604111,0.027574162930250168,0.27759212255477905,0.3011762499809265,123.046875,3046.856689453125,1752.140869140625,1904.4078369140625,412.7419738769531,0.0885634496808052,0.02138666994869709,22.55167007446289,7.125967502593994,blues,blues.00049.wav
-83.00167846679688,107.06743621826172,-25.323680877685547,57.122074127197266,0.08129866421222687,34.70890426635742,-11.047215461730957,20.533279418945312,-11.2201509475708,14.839781761169434,-10.229966163635254,12.54285717010498,-9.772625923156738,50.08599853515625,17.7315673828125,18.45955467224121,14.294720649719238,11.751493453979492,8.546209335327148,10.087644577026367,7.2216796875,7.803847312927246,7.693572521209717,6.616801738739014,7.102964401245117,6.717607021331787,1945.620849609375,383.8874206542969,0.0858059823513031,0.03492869436740875,0.4009089469909668,0.2994208335876465,135.99917602539062,4175.7666015625,898.222900390625,2082.176513671875,270.86712646484375,0.18233932554721832,0.06304518133401871,21.132980346679688,9.141083717346191,blues,blues.00050.wav
-55.59663009643555,114.95120239257812,-37.06935119628906,64.90438079833984,-7.164943218231201,15.2547025680542,-16.23533058166504,18.64357566833496,-9.752285957336426,21.465389251708984,-5.652097702026367,12.784239768981934,-16.537031173706055,31.829872131347656,17.848873138427734,14.322847366333008,8.300190925598145,9.678400993347168,10.725653648376465,9.887147903442383,8.827359199523926,8.275675773620605,8.566147804260254,8.486259460449219,9.965743064880371,7.474554538726807,1977.10888671875,370.50677490234375,0.10662709176540375,0.030753901228308678,0.3937113285064697,0.2919469177722931,99.38401794433594,3942.876220703125,834.209228515625,1927.43896484375,271.7738342285156,0.19665054976940155,0.04132850468158722,21.550472259521484,9.10442066192627,blues,blues.00051.wav
-225.30030822753906,117.64151763916016,-14.544607162475586,64.80238342285156,12.931656837463379,19.02923583984375,10.688533782958984,9.883125305175781,-2.3828370571136475,11.688009262084961,1.5453438758850098,3.0493669509887695,-7.628482818603516,88.70885467529297,25.920028686523438,28.568796157836914,13.206562042236328,17.741416931152344,15.860203742980957,14.028731346130371,10.62329387664795,10.0833101272583,8.108186721801758,7.890538692474365,7.705473899841309,7.394865036010742,1443.2689208984375,669.8851318359375,0.06719385087490082,0.05554880574345589,0.3390606939792633,0.30907636880874634,151.99908447265625,3069.306396484375,1443.411865234375,1670.2396240234375,435.0045166015625,0.09887826442718506,0.05475379154086113,22.662172317504883,7.039684772491455,blues,blues.00052.wav
-76.75776672363281,105.77047729492188,-43.20883560180664,60.95010757446289,-8.791271209716797,21.246782302856445,-12.877674102783203,18.6212158203125,-11.399116516113281,14.550057411193848,-6.0574212074279785,12.740340232849121,-9.374366760253906,53.914920806884766,20.79762840270996,19.76932144165039,20.190149307250977,14.278522491455078,11.0056734085083,12.864279747009277,12.197453498840332,7.5521464347839355,8.861441612243652,8.304398536682129,8.029877662658691,7.4067158699035645,2171.15869140625,412.2915954589844,0.13280229270458221,0.048466913402080536,0.4124909043312073,0.29299837350845337,103.359375,4237.099609375,863.9152221679688,1954.1375732421875,291.3771667480469,0.16826628148555756,0.060638654977083206,21.655616760253906,8.951375961303711,blues,blues.00053.wav
-58.0010986328125,109.01412200927734,-36.218387603759766,64.04035949707031,1.4301568269729614,26.31511878967285,-17.482681274414062,20.43101692199707,-9.543071746826172,18.177133560180664,-6.0571441650390625,13.878273963928223,-11.297564506530762,41.790462493896484,21.272972106933594,17.44503402709961,12.273863792419434,13.4058198928833,9.352258682250977,12.276854515075684,7.769403457641602,7.644407749176025,7.960658550262451,7.837473392486572,7.979800701141357,6.535388469696045,2030.37255859375,470.0548400878906,0.10338599979877472,0.043765839189291,0.45287561416625977,0.2818446159362793,89.10291290283203,4062.692138671875,920.8232421875,1987.0908203125,271.99261474609375,0.20081737637519836,0.05973565950989723,20.88016700744629,9.447070121765137,blues,blues.00054.wav
-98.69757080078125,104.8011703491211,-35.10866928100586,60.695045471191406,-2.839327335357666,22.231002807617188,-7.837456703186035,19.03072166442871,-11.578803062438965,17.021759033203125,-5.3873515129089355,12.199110984802246,-9.960819244384766,57.74338912963867,18.43683624267578,18.689376831054688,16.873321533203125,12.452478408813477,11.21976375579834,10.40376091003418,10.220307350158691,7.1670989990234375,10.25388240814209,7.60498046875,8.244772911071777,7.627302646636963,2032.1199951171875,437.1072692871094,0.11316673457622528,0.05027458444237709,0.43283748626708984,0.29615262150764465,135.99917602539062,4023.509033203125,879.0448608398438,1976.2784423828125,281.3082580566406,0.1577526181936264,0.06557126343250275,21.2310733795166,8.850848197937012,blues,blues.00055.wav
-145.42918395996094,102.85956573486328,-12.542129516601562,56.96205139160156,2.247262716293335,26.607046127319336,-4.267034530639648,17.337631225585938,-7.997035503387451,15.232125282287598,-6.937478065490723,7.460383415222168,-10.4683256149292,68.02569580078125,23.049591064453125,18.823240280151367,16.705215454101562,16.146055221557617,13.806885719299316,13.823070526123047,10.403021812438965,8.964412689208984,9.08220100402832,6.943202972412109,10.203325271606445,7.057500839233398,1810.9603271484375,589.2471313476562,0.07547951489686966,0.041213635355234146,0.3923787772655487,0.3001379072666168,161.4990234375,3927.242919921875,1231.33154296875,2052.04296875,346.1431884765625,0.13766218721866608,0.05711044743657112,23.365135192871094,8.313070297241211,blues,blues.00056.wav
-92.76853942871094,115.34077453613281,-35.06004333496094,57.85359573364258,1.8453195095062256,26.612060546875,-14.544861793518066,22.132043838500977,-8.207085609436035,11.007706642150879,-5.644093990325928,7.272861480712891,-10.202146530151367,55.97237777709961,22.854705810546875,20.21871566772461,18.190095901489258,17.372880935668945,12.355354309082031,12.207240104675293,10.488264083862305,8.48920726776123,10.186833381652832,8.93124771118164,8.384761810302734,7.5254082679748535,1886.7056884765625,503.4914855957031,0.08992387354373932,0.039190538227558136,0.42432162165641785,0.29183369874954224,92.28515625,3828.068603515625,1117.1121826171875,1913.23193359375,351.469970703125,0.17587894201278687,0.059735480695962906,21.25193977355957,8.994406700134277,blues,blues.00057.wav
-95.45585632324219,105.2293701171875,-26.96267318725586,60.83698272705078,-4.847294807434082,21.545209884643555,-13.523774147033691,12.135234832763672,-20.232873916625977,12.151344299316406,-5.229753017425537,10.264025688171387,-9.453709602355957,56.73070526123047,24.767412185668945,19.39977264404297,10.80754566192627,12.351810455322266,12.959322929382324,10.89970874786377,10.168049812316895,9.508671760559082,9.267160415649414,8.556035041809082,7.8783650398254395,8.147224426269531,2068.32763671875,532.532470703125,0.10437162965536118,0.04393353313207626,0.3566683530807495,0.29598474502563477,107.666015625,4231.51611328125,1063.871337890625,2033.752685546875,341.1786193847656,0.16195586323738098,0.06921853870153427,22.215744018554688,8.721009254455566,blues,blues.00058.wav
-86.2509765625,91.94210052490234,-23.403499603271484,68.24949645996094,-3.8901281356811523,22.742177963256836,-9.895618438720703,16.891765594482422,-11.39383316040039,18.42901611328125,-7.0118489265441895,10.766728401184082,-11.93729019165039,50.7841796875,17.926610946655273,15.44937801361084,11.966832160949707,15.11010456085205,12.817476272583008,11.209455490112305,8.376993179321289,7.744340896606445,8.5789155960083,6.432299613952637,7.439608573913574,7.653249263763428,2235.921875,489.2079162597656,0.14228825271129608,0.06490176916122437,0.40606847405433655,0.29155996441841125,107.666015625,4390.04833984375,850.8177490234375,2100.036865234375,224.91720581054688,0.1699414849281311,0.06523968279361725,21.906784057617188,9.21920108795166,blues,blues.00059.wav
-67.80553436279297,111.70936584472656,-34.65730285644531,61.34178924560547,0.04518122598528862,30.57109260559082,-12.704325675964355,21.166828155517578,-13.134889602661133,16.287799835205078,-6.343270778656006,12.295477867126465,-12.48300552368164,40.13648986816406,17.5472469329834,14.93541431427002,15.1094970703125,13.245539665222168,10.644033432006836,10.46806526184082,9.582499504089355,7.455934524536133,8.569169044494629,6.169791221618652,7.082756042480469,6.3551411628723145,1946.534423828125,353.5431213378906,0.09745368361473083,0.03737641125917435,0.43093037605285645,0.28353264927864075,151.99908447265625,3955.776123046875,799.911376953125,1979.754638671875,236.100830078125,0.19614176452159882,0.058743540197610855,20.970016479492188,9.274881362915039,blues,blues.00060.wav
-82.48588562011719,94.17034149169922,-27.13920783996582,75.66252136230469,-27.529983520507812,35.58903503417969,-20.29896354675293,25.121318817138672,-15.379855155944824,11.34678840637207,-13.402289390563965,8.1533842086792,-8.504350662231445,32.27572250366211,14.432149887084961,12.876874923706055,7.44047212600708,8.232282638549805,6.5060577392578125,7.022337436676025,7.393478870391846,6.909714221954346,7.514195919036865,7.407374858856201,7.077589511871338,8.042338371276855,2503.952880859375,403.7716979980469,0.1675844043493271,0.050484802573919296,0.45192986726760864,0.27519917488098145,129.19921875,5077.1357421875,630.3619995117188,2180.283203125,184.53897094726562,0.14170721173286438,0.024906575679779053,22.275583267211914,9.610467910766602,blues,blues.00061.wav
-144.99365234375,95.74280548095703,-21.610319137573242,49.62971115112305,-29.898345947265625,29.358598709106445,-18.84994125366211,17.890138626098633,-9.674272537231445,5.5135674476623535,-9.554563522338867,6.369012355804443,-21.091815948486328,42.68369674682617,26.67766761779785,20.495412826538086,13.649542808532715,16.37437629699707,12.086357116699219,15.77971363067627,9.581665992736816,10.388694763183594,8.794595718383789,8.613421440124512,10.402981758117676,8.889981269836426,2279.80859375,649.9564208984375,0.11714895069599152,0.061511483043432236,0.3118191361427307,0.30441802740097046,112.3471450805664,4732.271484375,883.8977661132812,2119.671630859375,189.77069091796875,0.10619285702705383,0.02940322645008564,23.60531234741211,8.252625465393066,blues,blues.00062.wav
-129.1139678955078,72.11976623535156,-7.765846252441406,49.26091003417969,-32.72197723388672,21.60843276977539,-27.3746395111084,15.00284194946289,-10.25877571105957,12.437438011169434,-17.034568786621094,7.118173122406006,-18.020404815673828,45.1290283203125,20.64156723022461,24.37660026550293,11.91869068145752,10.362789154052734,8.862956047058105,13.717813491821289,7.259599208831787,11.020269393920898,7.205076694488525,7.566778659820557,8.27977466583252,8.136256217956543,2839.267578125,537.8106689453125,0.15435583889484406,0.055365514010190964,0.33039847016334534,0.29986822605133057,92.28515625,5710.9072265625,690.0803833007812,2443.943359375,237.2529296875,0.09628279507160187,0.041633911430835724,23.107807159423828,9.097545623779297,blues,blues.00063.wav
-85.17353057861328,88.81204986572266,-16.331642150878906,59.223236083984375,-35.99360275268555,14.391534805297852,-22.306257247924805,9.651897430419922,-14.8239164352417,11.181605339050293,-14.808832168579102,8.478196144104004,-19.590890884399414,29.802997589111328,13.120525360107422,13.800972938537598,11.406730651855469,8.83747386932373,6.405274391174316,7.15502405166626,7.311004638671875,6.726040363311768,6.761967182159424,6.493382930755615,6.0455241203308105,6.149534702301025,2553.22265625,328.5328369140625,0.14685171842575073,0.03254157304763794,0.33248457312583923,0.28353792428970337,78.30255889892578,5148.0439453125,525.9241943359375,2280.079345703125,181.20443725585938,0.11736053973436356,0.02337055467069149,22.13625717163086,8.85431957244873,blues,blues.00064.wav
-118.37033081054688,74.86731719970703,-19.86946678161621,46.94758605957031,-32.569053649902344,23.835134506225586,-26.37411117553711,17.692514419555664,-13.826244354248047,11.946739196777344,-17.888778686523438,7.555983066558838,-22.900583267211914,34.39229202270508,24.618467330932617,18.49699592590332,11.24721908569336,11.349247932434082,9.156272888183594,12.564976692199707,7.4685821533203125,8.638018608093262,8.283413887023926,7.886667251586914,8.182703971862793,6.789590835571289,2816.745849609375,589.6449584960938,0.1463184654712677,0.05052950233221054,0.29269593954086304,0.29655101895332336,107.666015625,5614.5078125,785.3509521484375,2372.14453125,211.72555541992188,0.10030478239059448,0.029393931850790977,22.776329040527344,8.860210418701172,blues,blues.00065.wav
-116.5463638305664,97.44462585449219,-13.895613670349121,48.974853515625,-22.594566345214844,27.765439987182617,-20.240068435668945,18.63935089111328,-14.651667594909668,8.481433868408203,-16.65589714050293,11.001678466796875,-13.869424819946289,39.8719367980957,22.476055145263672,17.079191207885742,12.439756393432617,12.745574951171875,8.904486656188965,13.646210670471191,8.125932693481445,8.5960054397583,7.169535160064697,8.360843658447266,9.096074104309082,8.63257884979248,2340.336181640625,589.5184936523438,0.12177515029907227,0.06325598806142807,0.37484151124954224,0.29798609018325806,161.4990234375,4972.27001953125,857.015380859375,2256.322509765625,213.20297241210938,0.1104695200920105,0.026522260159254074,22.52071189880371,9.05441951751709,blues,blues.00066.wav
-95.46324920654297,101.38037872314453,-20.697004318237305,48.66807174682617,-30.27181053161621,20.812761306762695,-18.31358528137207,14.146871566772461,-12.798890113830566,13.444279670715332,-14.078200340270996,7.732656002044678,-19.23227310180664,30.58795928955078,19.127058029174805,18.62217140197754,13.278989791870117,11.826026916503906,9.246248245239258,15.521367073059082,7.890978813171387,8.929350852966309,7.519399166107178,10.285283088684082,8.544687271118164,7.694887161254883,2258.530517578125,468.142822265625,0.11276499927043915,0.04127225652337074,0.33793774247169495,0.29383599758148193,161.4990234375,4755.3544921875,831.3704833984375,2175.8837890625,236.2540740966797,0.12903934717178345,0.023658618330955505,22.469715118408203,8.613636016845703,blues,blues.00067.wav
-113.19473266601562,88.70586395263672,-8.925186157226562,49.48269271850586,-34.57383346557617,15.86412525177002,-17.74479103088379,14.710541725158691,-11.201998710632324,15.367768287658691,-15.076569557189941,8.747663497924805,-18.631790161132812,39.8487548828125,17.779747009277344,15.0881986618042,11.827608108520508,11.089028358459473,8.274889945983887,8.24930477142334,7.681013584136963,7.097694396972656,7.398869037628174,8.291779518127441,7.873086452484131,5.7331767082214355,2513.7470703125,419.41046142578125,0.13514620065689087,0.038916025310754776,0.2895238995552063,0.28760528564453125,161.4990234375,5247.46826171875,687.5980224609375,2345.239501953125,217.24656677246094,0.10304808616638184,0.03136705234646797,22.32999610900879,8.72721004486084,blues,blues.00068.wav
-121.4295425415039,96.12303161621094,-19.616804122924805,48.020565032958984,-38.808189392089844,24.758066177368164,-32.945823669433594,8.104194641113281,-17.811519622802734,6.113285541534424,-19.998334884643555,6.793924331665039,-19.340662002563477,34.363224029541016,20.879114151000977,16.48261833190918,11.434185981750488,14.125262260437012,10.168195724487305,11.498970031738281,10.063189506530762,8.302624702453613,8.609018325805664,6.551883697509766,8.016490936279297,9.341377258300781,2370.96337890625,486.6000671386719,0.1251409649848938,0.05004558339715004,0.2919829785823822,0.29456642270088196,78.30255889892578,5004.08642578125,696.192138671875,2209.5146484375,207.22463989257812,0.11654019355773926,0.031051956117153168,23.294374465942383,9.020663261413574,blues,blues.00069.wav
-133.04440307617188,105.72738647460938,-22.146265029907227,41.81864929199219,-26.996667861938477,19.124523162841797,-26.569320678710938,19.24604034423828,-15.334524154663086,6.989655494689941,-10.818551063537598,6.793742656707764,-11.729827880859375,44.08650588989258,28.292495727539062,17.777912139892578,11.98628044128418,12.452714920043945,9.394030570983887,14.96237564086914,9.735196113586426,9.586288452148438,8.522209167480469,9.947803497314453,8.349660873413086,8.448083877563477,2159.54833984375,573.6728515625,0.09834899008274078,0.04178806021809578,0.32268738746643066,0.3032289743423462,143.5546875,4685.03857421875,1036.716552734375,2130.349365234375,261.9377136230469,0.10612648725509644,0.033264417201280594,22.629318237304688,8.6432466506958,blues,blues.00070.wav
-89.39149475097656,93.78778839111328,-14.571089744567871,54.39153289794922,-33.515018463134766,19.421157836914062,-19.763673782348633,13.022462844848633,-13.86949634552002,14.61171817779541,-14.970264434814453,10.589299201965332,-18.023412704467773,26.365196228027344,13.87761116027832,11.565832138061523,9.965017318725586,8.034671783447266,6.457576274871826,6.8561482429504395,6.78699254989624,7.241164207458496,7.178809642791748,7.759084224700928,5.947680473327637,5.866029739379883,2429.3359375,312.5634765625,0.1346866339445114,0.037780117243528366,0.30524951219558716,0.28297463059425354,73.828125,5065.15283203125,481.85748291015625,2286.695068359375,158.2755126953125,0.12049466371536255,0.018094737082719803,22.57595443725586,8.8649320602417,blues,blues.00071.wav
-118.68192291259766,87.62361907958984,6.558794021606445,45.09804916381836,-38.915706634521484,20.813005447387695,-26.86333656311035,13.798008918762207,-17.238609313964844,5.110157489776611,-15.709853172302246,3.981842041015625,-27.549043655395508,27.544687271118164,17.512914657592773,15.753100395202637,9.346287727355957,8.874773979187012,7.761440277099609,6.815141201019287,7.597566604614258,6.6200337409973145,6.775267124176025,6.462982177734375,6.588920593261719,6.416843414306641,2595.289306640625,541.1552124023438,0.12924562394618988,0.05290639027953148,0.30702656507492065,0.2841006815433502,103.359375,5660.2822265625,740.6599731445312,2519.120361328125,244.7522430419922,0.10387337952852249,0.02114773727953434,23.46540641784668,8.730755805969238,blues,blues.00072.wav
-30.129287719726562,103.74479675292969,-19.765731811523438,56.411624908447266,-12.724869728088379,20.19422721862793,-17.34809684753418,16.309158325195312,-18.444427490234375,8.932051658630371,-11.661623001098633,11.210426330566406,-8.85125732421875,33.51264953613281,14.297932624816895,13.601869583129883,13.169631958007812,11.017194747924805,9.72869873046875,9.49538803100586,8.041274070739746,7.539762496948242,7.237840175628662,7.330300807952881,6.282364845275879,7.203658580780029,2094.77587890625,329.608642578125,0.10056968778371811,0.03151751309633255,0.34202733635902405,0.29015296697616577,99.38401794433594,4482.25634765625,704.161376953125,2158.105712890625,204.98123168945312,0.2596552073955536,0.07407713681459427,22.40974235534668,9.290192604064941,blues,blues.00073.wav
-56.03289031982422,87.84066772460938,-1.6012412309646606,41.20536422729492,-5.620271682739258,27.784927368164062,-24.00258445739746,21.76812171936035,-18.42898941040039,12.328123092651367,-13.717034339904785,11.850818634033203,-3.982272148132324,53.53589630126953,18.924461364746094,16.97374153137207,12.876564025878906,11.840067863464355,10.419751167297363,9.570929527282715,8.053003311157227,9.235815048217773,8.115021705627441,8.101607322692871,8.420446395874023,7.656824111938477,2515.869140625,522.0635375976562,0.12091612815856934,0.04086354002356529,0.3671739995479584,0.29223623871803284,112.3471450805664,5771.615234375,999.0490112304688,2531.419921875,257.99188232421875,0.19690310955047607,0.06545035541057587,22.208847045898438,10.091815948486328,blues,blues.00074.wav
-86.33547973632812,92.70050048828125,-15.399187088012695,54.05200958251953,0.8667874932289124,31.560293197631836,-14.622711181640625,23.32544708251953,-14.978636741638184,15.339353561401367,-7.049361705780029,12.182225227355957,-6.110912322998047,82.74579620361328,27.92538833618164,22.380813598632812,15.44088077545166,14.643135070800781,11.38976001739502,9.6900053024292,7.0023369789123535,8.602311134338379,8.679086685180664,9.11910343170166,7.868887901306152,9.615433692932129,2225.1767578125,680.1128540039062,0.10858664661645889,0.05666198208928108,0.4664576053619385,0.2854767441749573,117.4538345336914,4703.58837890625,1362.2821044921875,2255.135009765625,314.6430969238281,0.19203044474124908,0.08954654633998871,21.071800231933594,9.73585319519043,blues,blues.00075.wav
-52.70116424560547,74.45541381835938,-18.715457916259766,56.30721664428711,-3.9593265056610107,31.98715591430664,-16.457786560058594,22.41769027709961,-12.262028694152832,27.228351593017578,-9.233884811401367,7.807102680206299,-10.567174911499023,36.66621780395508,14.90764331817627,14.807901382446289,10.623828887939453,11.321792602539062,10.068303108215332,11.78548812866211,8.951863288879395,8.155107498168945,8.110142707824707,9.128317832946777,7.192313194274902,7.691458702087402,2645.530029296875,431.7235107421875,0.1364685595035553,0.05161936581134796,0.3655874729156494,0.29654863476753235,117.4538345336914,5611.974609375,761.5883178710938,2426.005859375,225.33633422851562,0.2189701944589615,0.06814644485712051,23.45163345336914,9.647185325622559,blues,blues.00076.wav
-29.03915023803711,104.53732299804688,-30.97895622253418,38.1544303894043,-7.991591930389404,30.89167022705078,-20.596235275268555,25.830780029296875,-12.959671020507812,16.941612243652344,-12.26368236541748,10.786707878112793,-10.564545631408691,44.229698181152344,17.52726936340332,17.552030563354492,10.448711395263672,11.558247566223145,9.820450782775879,9.935752868652344,8.358250617980957,9.184919357299805,7.313295364379883,7.659582138061523,6.118051528930664,6.78653621673584,2206.7705078125,429.2119445800781,0.11152578145265579,0.033847857266664505,0.4088760316371918,0.28885647654533386,99.38401794433594,4657.32177734375,1044.391357421875,2191.45703125,274.8206481933594,0.24310125410556793,0.07141665369272232,21.404340744018555,9.8436279296875,blues,blues.00077.wav
-2.551016330718994,101.25788116455078,-33.92729187011719,41.518402099609375,-13.815157890319824,31.92072296142578,-21.868602752685547,24.458948135375977,-15.881365776062012,15.794474601745605,-14.372410774230957,12.507440567016602,-13.373969078063965,27.11760711669922,12.81148910522461,11.951032638549805,9.991866111755371,10.247645378112793,6.952861309051514,8.171124458312988,6.547391414642334,6.406428337097168,5.728189468383789,6.623603820800781,6.415306091308594,6.2823896408081055,2333.71630859375,299.7166442871094,0.12386319786310196,0.023590708151459694,0.41425761580467224,0.2880532443523407,123.046875,4942.92822265625,694.0908813476562,2227.41552734375,175.0539093017578,0.25794896483421326,0.05224999785423279,20.96709632873535,10.462394714355469,blues,blues.00078.wav
-3.5590715408325195,92.92778778076172,-25.11854362487793,45.18721008300781,-10.871893882751465,31.86241912841797,-18.05792236328125,28.62801170349121,-10.234053611755371,14.673486709594727,-14.906988143920898,14.75164794921875,-15.609781265258789,31.947509765625,13.095651626586914,12.165660858154297,8.105903625488281,8.383872032165527,6.518700122833252,8.53520393371582,6.941318035125732,7.684868335723877,6.464503765106201,5.496377468109131,5.34368896484375,6.393852233886719,2443.239013671875,361.3620300292969,0.12473545223474503,0.034437209367752075,0.4215344786643982,0.28059279918670654,78.30255889892578,5267.5595703125,644.0596313476562,2358.384521484375,177.9257049560547,0.2707482874393463,0.04355424642562866,21.78412628173828,10.42833137512207,blues,blues.00079.wav
-54.74724197387695,119.48587799072266,-34.86473846435547,37.537147521972656,-15.886235237121582,22.081096649169922,-14.668314933776855,18.534313201904297,-9.643757820129395,11.2588529586792,-11.732051849365234,11.539118766784668,-6.430719375610352,47.6631965637207,19.95648956298828,15.696967124938965,13.624009132385254,12.55201244354248,10.60464096069336,14.412976264953613,9.750141143798828,11.157136917114258,8.77991771697998,8.707048416137695,7.474833011627197,8.53780746459961,1827.1513671875,394.2652893066406,0.09403873234987259,0.0347067192196846,0.36825618147850037,0.2965388894081116,117.4538345336914,3743.6357421875,877.4677124023438,1898.455078125,234.9320831298828,0.24234187602996826,0.08673091232776642,22.62979507446289,8.998320579528809,blues,blues.00080.wav
-26.955238342285156,107.34024047851562,-46.81220626831055,40.932655334472656,-21.469863891601562,24.81685447692871,-18.947702407836914,15.260985374450684,-15.04425048828125,12.270949363708496,-15.23953914642334,14.331287384033203,-13.830044746398926,67.80192565917969,20.89798927307129,14.141558647155762,15.490845680236816,8.555174827575684,7.432819366455078,9.001291275024414,8.40139389038086,7.789162635803223,7.7052483558654785,6.4421868324279785,8.308713912963867,6.575964450836182,2116.894287109375,308.3103332519531,0.12727247178554535,0.026971619576215744,0.38028278946876526,0.28410592675209045,103.359375,4195.974609375,661.3751220703125,1956.5811767578125,211.9919891357422,0.2481762170791626,0.07354898750782013,22.658979415893555,9.739325523376465,blues,blues.00081.wav
-29.400257110595703,108.69148254394531,-25.589895248413086,38.44014358520508,-18.353866577148438,21.78569984436035,-25.172714233398438,22.406967163085938,-17.60605812072754,14.675622940063477,-12.086358070373535,5.462190628051758,-7.706029891967773,37.509910583496094,15.95345401763916,16.37677001953125,12.440252304077148,14.275131225585938,9.8674955368042,9.999336242675781,7.927822113037109,9.162543296813965,9.43276596069336,7.841354846954346,8.008777618408203,8.015225410461426,2141.33203125,356.96185302734375,0.10515128821134567,0.02537447027862072,0.33888640999794006,0.29430732131004333,123.046875,4627.63037109375,986.1522827148438,2167.774169921875,273.13116455078125,0.251253217458725,0.06117826700210571,22.550613403320312,9.395491600036621,blues,blues.00082.wav
-19.8935489654541,98.89588165283203,-24.476659774780273,49.585853576660156,-16.200876235961914,30.19780921936035,-18.029512405395508,27.554832458496094,-11.405635833740234,14.8779935836792,-8.908681869506836,11.671263694763184,-10.88602066040039,31.202667236328125,12.35211181640625,13.476808547973633,7.640015602111816,7.1369476318359375,7.652821063995361,7.4204487800598145,5.813950538635254,7.581036567687988,6.62885856628418,6.268255710601807,6.408791542053223,7.509710311889648,2314.8193359375,379.3901672363281,0.11795053631067276,0.03620508685708046,0.427356094121933,0.28304025530815125,135.99917602539062,5036.26953125,666.8892211914062,2261.70263671875,176.00230407714844,0.25118035078048706,0.05892490968108177,21.183338165283203,10.343535423278809,blues,blues.00083.wav
-38.994842529296875,112.03825378417969,-31.817707061767578,38.24067687988281,-6.320669174194336,23.330562591552734,-18.77887725830078,23.932188034057617,-10.934215545654297,13.234858512878418,-14.381190299987793,13.326929092407227,-10.922000885009766,62.38261032104492,20.820810317993164,13.356637001037598,9.322685241699219,11.99854564666748,7.792678356170654,8.574718475341797,7.804879188537598,6.920623302459717,6.405361175537109,7.185699462890625,6.677260398864746,7.302897930145264,2061.20263671875,479.0005187988281,0.11339689791202545,0.0393754243850708,0.396300733089447,0.29190903902053833,112.3471450805664,4221.3076171875,1108.37646484375,2085.186767578125,286.1599426269531,0.23509325087070465,0.08429817855358124,21.786596298217773,9.708273887634277,blues,blues.00084.wav
-180.14874267578125,131.41078186035156,0.5733358860015869,43.165672302246094,14.1355562210083,25.621374130249023,-5.315874099731445,12.03432846069336,-13.538714408874512,-1.0941216945648193,-7.614390850067139,2.718074321746826,0.774272084236145,67.38169860839844,35.76397705078125,24.18223762512207,16.148725509643555,13.833255767822266,17.366539001464844,14.22375774383545,10.448343276977539,11.988211631774902,9.88779067993164,10.8150053024292,10.40302562713623,9.22514820098877,1312.35009765625,638.3135986328125,0.05941649526357651,0.04087893292307854,0.31538674235343933,0.3032681345939636,143.5546875,2637.734130859375,1438.32861328125,1674.161376953125,430.6826171875,0.15017585456371307,0.05984865874052048,24.03997039794922,7.446540355682373,blues,blues.00085.wav
-212.81539916992188,139.06922912597656,9.454340934753418,35.44626998901367,12.70954418182373,20.41766357421875,-5.573953151702881,10.893662452697754,-8.73171329498291,8.055455207824707,0.16379719972610474,2.641746759414673,-1.025734782218933,85.14984130859375,39.4543342590332,27.06741714477539,16.067995071411133,17.628067016601562,13.639941215515137,13.4285306930542,10.102540969848633,11.857322692871094,8.717925071716309,9.758862495422363,8.690608978271484,8.730164527893066,1245.581787109375,844.8584594726562,0.048826612532138824,0.052240293473005295,0.36590296030044556,0.310552179813385,123.046875,2517.60986328125,1879.8946533203125,1634.2884521484375,579.2083129882812,0.12492372840642929,0.06056870520114899,21.16775894165039,7.407868385314941,blues,blues.00086.wav
-155.51651000976562,125.65575408935547,1.5753217935562134,45.82986831665039,0.9089944958686829,25.3912410736084,-10.813492774963379,15.574149131774902,-11.929205894470215,1.2717782258987427,-6.661503314971924,-0.7791247963905334,-7.749224662780762,55.452125549316406,28.322246551513672,22.219938278198242,18.818683624267578,16.191789627075195,12.555946350097656,15.5029878616333,11.41093921661377,12.717009544372559,10.446717262268066,10.34266185760498,10.575722694396973,8.614660263061523,1441.999267578125,622.353271484375,0.050889335572719574,0.033992037177085876,0.33674198389053345,0.3077089190483093,172.265625,3083.2646484375,1482.08544921875,1870.2391357421875,383.2606201171875,0.15801171958446503,0.05213325098156929,22.66455841064453,7.8659844398498535,blues,blues.00087.wav
-194.27951049804688,151.85118103027344,-1.1928876638412476,39.19459915161133,16.58248519897461,18.25238609313965,-1.3991609811782837,14.877710342407227,-11.616781234741211,2.4488766193389893,-5.079173564910889,3.9416005611419678,-0.9037845134735107,56.890594482421875,23.826723098754883,14.316364288330078,11.312931060791016,13.454127311706543,9.838040351867676,10.950772285461426,7.246845245361328,8.922499656677246,9.489912033081055,8.60372257232666,8.27632999420166,7.947403907775879,1006.8779907226562,369.2515563964844,0.03206556662917137,0.013217909261584282,0.37787389755249023,0.3045840561389923,172.265625,2075.07080078125,1007.6709594726562,1530.6146240234375,388.3775329589844,0.14201056957244873,0.05897725373506546,20.581541061401367,7.031882286071777,blues,blues.00088.wav
-346.8868713378906,139.24795532226562,24.084861755371094,22.264015197753906,18.64784049987793,11.657902717590332,9.017679214477539,6.977828025817871,-2.023301124572754,5.420398235321045,1.6508171558380127,-2.353006362915039,3.193639039993286,73.27458190917969,32.47220230102539,30.22738265991211,17.64071273803711,15.183268547058105,16.558494567871094,12.782742500305176,8.97818660736084,10.221084594726562,8.536064147949219,10.436589241027832,8.286211967468262,7.62291955947876,798.5684204101562,445.7524108886719,0.02563967928290367,0.020118610933423042,0.3486931025981903,0.32032251358032227,107.666015625,1455.816162109375,1035.2205810546875,1284.947509765625,361.8582763671875,0.05277162417769432,0.04214981570839882,20.90355682373047,5.5268402099609375,blues,blues.00089.wav
-177.4873504638672,115.33374786376953,9.963013648986816,54.056209564208984,7.615619659423828,28.31572914123535,-9.070212364196777,20.058439254760742,-15.045547485351562,6.222492694854736,-5.688930988311768,1.3798959255218506,-5.843506813049316,67.07093811035156,37.21586608886719,26.12153434753418,17.910526275634766,18.185302734375,13.456534385681152,13.473355293273926,10.587956428527832,12.274003982543945,10.365342140197754,10.455507278442383,11.614005088806152,9.204333305358887,1613.433349609375,883.916015625,0.05823585391044617,0.05183156207203865,0.37789058685302734,0.30864447355270386,143.5546875,3470.72900390625,1899.9393310546875,1972.259765625,494.7803039550781,0.13184188306331635,0.04624496027827263,22.557449340820312,8.264095306396484,blues,blues.00090.wav
-236.3834686279297,161.69500732421875,-1.1533348560333252,27.288705825805664,9.581351280212402,20.61904525756836,0.23412783443927765,13.796686172485352,-0.5009198188781738,10.185429573059082,-4.454618453979492,5.5080885887146,-3.716721773147583,88.13067626953125,33.300689697265625,24.679094314575195,10.782705307006836,18.239789962768555,9.509773254394531,8.966526985168457,10.203105926513672,9.497827529907227,9.086421012878418,9.252585411071777,7.57769250869751,7.573741912841797,991.1502685546875,645.0952758789062,0.03605269268155098,0.02555089443922043,0.4219493269920349,0.3044530153274536,63.024009704589844,1943.2882080078125,1509.649169921875,1396.261962890625,512.25390625,0.09938009083271027,0.035857148468494415,20.946460723876953,7.141046524047852,blues,blues.00091.wav
-332.3079833984375,128.0807647705078,28.82521629333496,41.8360595703125,31.234664916992188,23.358219146728516,5.7872233390808105,8.996201515197754,-3.8611278533935547,3.739000082015991,-0.8690584301948547,-0.4369308352470398,1.4746556282043457,85.37590789794922,31.08049964904785,34.439571380615234,17.433765411376953,15.133577346801758,12.64189624786377,13.675535202026367,12.18983268737793,13.55909538269043,9.787618637084961,9.528159141540527,9.091466903686523,9.604796409606934,918.3602294921875,723.3184204101562,0.03231802210211754,0.040018074214458466,0.39106515049934387,0.3169374167919159,83.35433197021484,1601.531982421875,1512.697265625,1436.665283203125,438.53515625,0.0630437433719635,0.039157263934612274,20.944061279296875,6.034185886383057,blues,blues.00092.wav
-350.35888671875,169.54632568359375,31.780227661132812,16.713754653930664,28.661758422851562,19.24909019470215,7.846699237823486,10.039794921875,4.742694854736328,2.9156229496002197,3.8965418338775635,1.8103498220443726,-5.970981121063232,51.56181716918945,24.95469093322754,17.79957389831543,14.616209030151367,13.723822593688965,8.287094116210938,6.374340057373047,6.054205417633057,6.377668857574463,6.054455757141113,6.825385570526123,6.509947299957275,5.9583964347839355,570.1506958007812,323.9624328613281,0.021700549870729446,0.010841269046068192,0.3777357041835785,0.31046953797340393,58.7269172668457,928.8527221679688,707.1282958984375,995.0934448242188,290.6163635253906,0.06589096784591675,0.042475249618291855,21.405046463012695,5.3887505531311035,blues,blues.00093.wav
-206.28115844726562,126.62033081054688,10.590662956237793,43.215721130371094,12.49489974975586,19.41366195678711,0.3519679307937622,12.73094367980957,-4.579289436340332,4.058012008666992,-4.409212589263916,3.6634230613708496,-1.4560471773147583,82.48454284667969,33.28310012817383,27.636924743652344,15.045785903930664,15.180598258972168,16.07459831237793,11.680646896362305,8.761750221252441,8.604238510131836,7.754782676696777,9.720791816711426,7.691321849822998,8.62025260925293,1239.68798828125,726.0330200195312,0.05090785399079323,0.05006302893161774,0.37671539187431335,0.30968281626701355,103.359375,2519.043212890625,1681.0020751953125,1659.985595703125,482.54833984375,0.14092092216014862,0.07328607887029648,22.891542434692383,7.207448959350586,blues,blues.00094.wav
-130.58154296875,139.9748992919922,-1.2707358598709106,39.3104248046875,-6.353665351867676,19.767845153808594,-11.213424682617188,27.24368667602539,-16.5345401763916,7.021878719329834,-1.2004069089889526,1.6136364936828613,-6.629040718078613,48.02711486816406,30.95206642150879,23.148618698120117,13.146507263183594,15.927644729614258,12.07694149017334,10.47679328918457,11.2363862991333,10.235743522644043,10.047184944152832,8.44050121307373,12.147370338439941,7.951197624206543,1388.4454345703125,713.9715576171875,0.057147424668073654,0.03646380454301834,0.36996734142303467,0.3021606206893921,135.99917602539062,2754.61669921875,1470.369384765625,1772.84228515625,405.99578857421875,0.18706326186656952,0.046427953988313675,22.86334228515625,8.266921997070312,blues,blues.00095.wav
-314.5821838378906,139.91444396972656,11.862516403198242,30.10210609436035,-7.539035320281982,14.907038688659668,-2.680898666381836,6.701543807983398,-6.395509243011475,2.8176138401031494,-11.706480979919434,2.06302809715271,-11.438629150390625,72.68252563476562,26.088716506958008,22.968612670898438,22.09231948852539,16.273744583129883,14.649308204650879,13.201308250427246,10.708954811096191,11.547962188720703,9.282434463500977,11.822609901428223,12.140294075012207,9.241156578063965,1132.5184326171875,565.038818359375,0.04831376671791077,0.035586509853601456,0.260613352060318,0.3030782639980316,143.5546875,2066.245849609375,1318.522705078125,1582.7655029296875,389.2939453125,0.051327649503946304,0.029231315478682518,23.63006591796875,5.942093849182129,blues,blues.00096.wav
-148.647705078125,145.73776245117188,-9.363346099853516,48.45144271850586,10.543868064880371,18.014604568481445,-2.634578227996826,16.95808219909668,-11.506823539733887,8.73170280456543,-8.173254013061523,3.2235357761383057,-0.6797586679458618,64.46083068847656,37.000648498535156,15.679682731628418,12.652112007141113,14.846220970153809,12.77534008026123,12.224071502685547,8.754294395446777,9.62756061553955,12.553565979003906,8.131361961364746,10.160661697387695,8.357706069946289,1236.6063232421875,650.3590087890625,0.04462595656514168,0.02762114629149437,0.37528419494628906,0.30644795298576355,117.4538345336914,2604.350830078125,1577.3284912109375,1602.301513671875,543.733642578125,0.19820396602153778,0.054343581199645996,21.966854095458984,7.633765697479248,blues,blues.00097.wav
-90.70722198486328,100.10758209228516,-23.924427032470703,52.58830642700195,-20.928014755249023,31.502182006835938,-11.213112831115723,20.094327926635742,-10.915236473083496,17.563922882080078,-14.097333908081055,12.994507789611816,-11.420426368713379,50.8874626159668,17.289400100708008,21.23343276977539,10.972282409667969,10.467510223388672,7.834750652313232,10.637998580932617,8.808732986450195,7.052038192749023,7.106718063354492,8.294134140014648,7.7169036865234375,7.801314830780029,2310.14111328125,437.5519104003906,0.12842591106891632,0.04932760074734688,0.4431951344013214,0.2798388600349426,123.046875,4829.08740234375,786.6746215820312,2206.5283203125,249.5899200439453,0.12533903121948242,0.04129709675908089,20.800315856933594,9.234667778015137,blues,blues.00098.wav
-177.19161987304688,136.21420288085938,-26.91071319580078,36.372779846191406,-18.75942611694336,20.905872344970703,-1.7765746116638184,3.015932559967041,-5.599410057067871,5.6345953941345215,-8.114803314208984,5.645383834838867,-10.786548614501953,98.49409484863281,23.372310638427734,40.33090591430664,15.483190536499023,15.718419075012207,10.391337394714355,10.530780792236328,11.23685359954834,8.414759635925293,8.733500480651855,8.746944427490234,8.93286418914795,7.880280494689941,1538.9317626953125,474.5503234863281,0.07479924708604813,0.04088683798909187,0.3702457547187805,0.29183661937713623,92.28515625,3175.439208984375,1018.3339233398438,1703.687744140625,323.08184814453125,0.10503795742988586,0.07313375174999237,20.397491455078125,6.914477348327637,blues,blues.00099.wav
-268.1800231933594,135.68788146972656,-34.07107162475586,25.634862899780273,-12.97032356262207,17.894695281982422,-9.997608184814453,5.629223346710205,-14.14646053314209,7.497625827789307,-3.970524787902832,8.258684158325195,-1.352737307548523,42.3260612487793,13.746671676635742,15.20807933807373,13.003158569335938,8.441545486450195,8.631766319274902,10.719670295715332,8.11622428894043,8.68678092956543,13.317961692810059,10.330751419067383,8.953237533569336,12.42566967010498,1505.377685546875,210.79379272460938,0.0982450619339943,0.020757803693413734,0.25237950682640076,0.29009249806404114,95.703125,2717.31689453125,546.7603149414062,1559.0859375,209.01638793945312,0.036243971437215805,0.01486689317971468,23.375120162963867,6.429903984069824,classical,classical.00000.wav
-324.0919494628906,133.59413146972656,-25.021385192871094,24.567686080932617,-11.939837455749512,17.66022491455078,-5.5225830078125,1.7202383279800415,-10.571335792541504,-0.8508673906326294,-7.797244071960449,3.5256078243255615,5.0467987060546875,31.29701805114746,18.2757625579834,13.666777610778809,12.311087608337402,11.408029556274414,11.808228492736816,11.080172538757324,9.070555686950684,8.759957313537598,9.067232131958008,9.916814804077148,10.849770545959473,13.891959190368652,1360.596435546875,248.57273864746094,0.08777157962322235,0.025097355246543884,0.21504712104797363,0.29156532883644104,112.3471450805664,2387.977294921875,608.0933227539062,1441.389892578125,180.19569396972656,0.03061455488204956,0.012694833800196648,25.191173553466797,6.026054382324219,classical,classical.00001.wav
-235.30642700195312,141.13674926757812,-34.679046630859375,30.997169494628906,-16.40024185180664,23.120685577392578,-11.043703079223633,7.6586432456970215,-19.01723861694336,4.236546039581299,-11.835343360900879,8.91806411743164,-1.4424690008163452,29.23925018310547,14.06095027923584,12.312653541564941,11.630316734313965,7.131290435791016,9.044733047485352,8.903121948242188,7.696314811706543,7.127016544342041,8.816368103027344,7.750391960144043,8.216316223144531,9.979613304138184,1490.0147705078125,197.40052795410156,0.09004972130060196,0.01988224685192108,0.2778478264808655,0.28938472270965576,99.38401794433594,2784.94970703125,524.2525634765625,1599.803466796875,176.66046142578125,0.0438406728208065,0.013845316134393215,22.8990478515625,6.500916481018066,classical,classical.00002.wav
-326.8998718261719,127.39418029785156,-30.584468841552734,37.47574996948242,-5.291165828704834,20.806989669799805,-1.7857136726379395,-4.6031646728515625,-4.048745155334473,5.238034725189209,-0.6428714990615845,2.8008627891540527,7.245894908905029,56.56696319580078,17.6058349609375,21.50807762145996,11.289447784423828,11.450201034545898,10.804709434509277,8.526098251342773,10.011734962463379,9.644607543945312,8.5912446975708,11.207619667053223,13.159927368164062,12.289750099182129,1526.5606689453125,302.355224609375,0.10895172506570816,0.034075796604156494,0.23423360288143158,0.2888880968093872,71.77734375,2915.690673828125,706.9115600585938,1499.53369140625,245.42237854003906,0.029436051845550537,0.018885167315602303,25.665760040283203,5.93231201171875,classical,classical.00003.wav
-259.9622802734375,118.93238067626953,-35.60653305053711,31.99001693725586,-16.535491943359375,10.620697975158691,-15.655909538269043,7.442337512969971,-5.810464382171631,8.26894760131836,-18.01859474182129,-1.1994924545288086,-6.346673011779785,23.69776153564453,14.849672317504883,11.943906784057617,7.980729103088379,8.70619010925293,7.651444911956787,7.512692451477051,10.422863006591797,9.81906795501709,9.840423583984375,13.549738883972168,12.694869041442871,10.21375846862793,1705.732421875,261.0666809082031,0.11286666244268417,0.028899651020765305,0.22157979011535645,0.29152682423591614,161.4990234375,3176.230712890625,576.72216796875,1646.2564697265625,160.90475463867188,0.042288221418857574,0.014470084570348263,25.027090072631836,6.9333720207214355,classical,classical.00004.wav
-264.27740478515625,138.1509246826172,-30.101551055908203,37.8242301940918,-7.180178165435791,6.782935619354248,-11.818900108337402,4.712040901184082,-9.843632698059082,5.863747596740723,-9.573777198791504,2.670395851135254,-4.796442031860352,85.867431640625,17.895750045776367,12.157341957092285,13.346635818481445,9.769983291625977,10.405701637268066,8.587263107299805,9.036574363708496,7.9227752685546875,9.674312591552734,7.4373779296875,9.264122009277344,8.497777938842773,1431.5423583984375,271.7511901855469,0.07523877173662186,0.02484428510069847,0.2685529291629791,0.28728702664375305,143.5546875,2836.7578125,551.9697265625,1558.4876708984375,197.78387451171875,0.043250638991594315,0.02417982742190361,22.307126998901367,6.128511428833008,classical,classical.00005.wav
-295.7435302734375,134.53831481933594,-22.44930648803711,40.759246826171875,-5.875979900360107,9.276347160339355,-11.87594223022461,6.294928550720215,-8.86693000793457,4.406290054321289,-9.378153800964355,4.061379909515381,1.6256829500198364,63.19993209838867,17.551807403564453,12.662532806396484,9.2525053024292,10.863662719726562,8.346094131469727,9.250022888183594,9.253325462341309,7.55565881729126,8.757280349731445,10.260676383972168,9.103245735168457,9.695208549499512,1372.821533203125,265.28814697265625,0.0729232206940651,0.027051907032728195,0.26145100593566895,0.2917512357234955,99.38401794433594,2738.091796875,562.0114135742188,1579.2640380859375,173.42544555664062,0.03322203829884529,0.01867123879492283,24.393863677978516,5.822689056396484,classical,classical.00006.wav
-286.86822509765625,135.91835021972656,-24.436616897583008,36.661170959472656,-6.245214462280273,6.962935447692871,-8.168272018432617,3.844066619873047,-4.398345470428467,6.432785511016846,-4.1305766105651855,1.5490411520004272,-4.352837562561035,88.5875473022461,23.042640686035156,22.8973331451416,11.946353912353516,12.45268440246582,8.431546211242676,10.28665542602539,12.468167304992676,9.340666770935059,10.229387283325195,9.077362060546875,9.648564338684082,8.300475120544434,1358.92626953125,360.8738708496094,0.07314694672822952,0.03391140326857567,0.2765798270702362,0.2958483397960663,215.33203125,2668.167236328125,718.412353515625,1516.129638671875,219.35731506347656,0.040846772491931915,0.027783822268247604,22.87047576904297,5.979466438293457,classical,classical.00007.wav
-292.1529235839844,127.76366424560547,-29.90902328491211,37.44208526611328,-9.556901931762695,5.113048553466797,-13.823928833007812,7.031728267669678,-7.032631874084473,6.492002487182617,-9.904400825500488,4.713663101196289,0.37483152747154236,69.75790405273438,15.9050874710083,14.21649169921875,9.26535701751709,10.604202270507812,8.800891876220703,9.1927490234375,7.842540740966797,9.681705474853516,9.856846809387207,10.93863582611084,11.077510833740234,12.841081619262695,1516.6480712890625,283.62841796875,0.07878788560628891,0.02557607926428318,0.2547597885131836,0.2902275025844574,135.99917602539062,2974.007080078125,555.3143310546875,1629.28515625,189.93508911132812,0.03403140604496002,0.02145249769091606,23.717355728149414,5.7472991943359375,classical,classical.00008.wav
-356.1439514160156,139.79286193847656,-6.286765098571777,43.18829345703125,-8.879337310791016,11.050313949584961,-8.393051147460938,4.418520450592041,-8.283711433410645,8.682831764221191,-8.135774612426758,3.4271080493927,-1.4406310319900513,71.71113586425781,24.39646339416504,14.90613842010498,8.685846328735352,10.998919486999512,7.990543365478516,8.400579452514648,7.451310157775879,9.167978286743164,7.686220645904541,7.696804046630859,7.932157039642334,8.996912956237793,1216.42626953125,348.0155944824219,0.056270256638526917,0.027762707322835922,0.27050480246543884,0.2869095504283905,234.9076690673828,2560.892822265625,831.9791870117188,1582.762939453125,269.8682861328125,0.0237893033772707,0.014141139574348927,24.0748233795166,5.041585922241211,classical,classical.00009.wav
-315.0445251464844,128.7392578125,-28.93490982055664,30.839513778686523,-8.996638298034668,7.990107536315918,-9.846988677978516,1.4414119720458984,-8.973623275756836,6.04984188079834,-3.320935010910034,7.609508037567139,3.7989611625671387,78.82073211669922,16.097043991088867,22.695783615112305,10.947214126586914,12.096294403076172,11.710890769958496,9.603297233581543,11.591943740844727,10.938057899475098,9.71845817565918,12.785850524902344,12.583312034606934,12.01180648803711,1497.0762939453125,285.8733825683594,0.08621641248464584,0.029107090085744858,0.24500222504138947,0.29165518283843994,103.359375,2868.04931640625,587.5907592773438,1570.274169921875,212.4229736328125,0.029503611847758293,0.02023736573755741,22.75092887878418,6.287219524383545,classical,classical.00010.wav
-385.265869140625,177.27786254882812,-9.337662696838379,24.373218536376953,5.805441379547119,-4.5630621910095215,-6.3569488525390625,-6.957894325256348,-4.12742805480957,3.858067274093628,-0.35820192098617554,-0.9461219310760498,-3.6705594062805176,39.1724853515625,25.786624908447266,13.589923858642578,11.953420639038086,8.020296096801758,8.732190132141113,7.164453983306885,7.138526439666748,7.490602016448975,9.853987693786621,10.492356300354004,7.15941858291626,9.661243438720703,949.3765869140625,282.03179931640625,0.06072601303458214,0.01984354853630066,0.24491913616657257,0.2900278866291046,151.99908447265625,1695.873046875,643.1465454101562,1112.0247802734375,248.9432373046875,0.021498119458556175,0.008829222992062569,23.25677490234375,4.444690227508545,classical,classical.00011.wav
-362.7138671875,143.93861389160156,-18.981813430786133,30.657846450805664,1.028146505355835,0.2848453223705292,-7.989743232727051,-3.8509774208068848,-8.944669723510742,3.249770164489746,-4.45463752746582,3.649625062942505,4.933547019958496,88.1220932006836,36.03944778442383,22.635032653808594,10.200481414794922,10.773711204528809,8.611799240112305,9.424715042114258,7.456153392791748,10.81266975402832,9.823795318603516,14.177531242370605,16.002214431762695,14.886146545410156,1179.9891357421875,351.4086608886719,0.06593875586986542,0.027186188846826553,0.23568682372570038,0.29483166337013245,95.703125,2154.003662109375,739.8410034179688,1332.0247802734375,250.54110717773438,0.0314069502055645,0.024802040308713913,24.161497116088867,5.022165298461914,classical,classical.00012.wav
-343.13555908203125,140.08688354492188,-20.911033630371094,32.33219528198242,-3.686810255050659,2.9435577392578125,-10.669529914855957,0.3191030025482178,-5.784346103668213,7.688079833984375,-3.677107334136963,2.5538179874420166,-3.49806809425354,99.4501953125,40.621456146240234,20.275577545166016,11.329876899719238,12.380882263183594,10.628594398498535,9.321343421936035,10.300848007202148,12.295125007629395,13.070616722106934,13.349732398986816,10.936505317687988,10.391634941101074,1388.24560546875,466.5376281738281,0.08088953047990799,0.03174794092774391,0.23204602301120758,0.28865891695022583,129.19921875,2599.02587890625,869.5430297851562,1456.55712890625,298.07647705078125,0.03172163665294647,0.02614963799715042,23.55097007751465,5.78529167175293,classical,classical.00013.wav
-324.63909912109375,147.82701110839844,-31.937816619873047,27.408855438232422,-4.508828163146973,-4.165104389190674,-12.588298797607422,-5.1182966232299805,-7.741826057434082,0.8432943224906921,-8.19558334350586,-0.8224472403526306,1.004500150680542,74.36831665039062,26.29622459411621,16.722747802734375,8.532541275024414,12.112239837646484,9.524630546569824,9.479639053344727,8.35867977142334,8.170491218566895,8.812715530395508,8.075335502624512,9.972502708435059,12.254137992858887,1279.550048828125,313.75872802734375,0.06847313046455383,0.022355861961841583,0.23408202826976776,0.28920114040374756,143.5546875,2389.42724609375,621.2570190429688,1370.413818359375,220.92385864257812,0.03160187974572182,0.024393824860453606,22.892187118530273,5.070418834686279,classical,classical.00014.wav
-449.5143737792969,124.9736099243164,-19.919233322143555,27.45220947265625,-5.775594234466553,2.22729754447937,-6.552791595458984,10.601104736328125,3.3547377586364746,14.393793106079102,1.9887378215789795,5.250284194946289,4.426794528961182,69.12053680419922,33.46620178222656,13.81891918182373,14.403324127197266,9.883561134338379,5.811452388763428,8.896440505981445,11.754776000976562,16.405454635620117,14.76377010345459,17.82721519470215,14.197623252868652,11.980621337890625,1371.6170654296875,333.89129638671875,0.0757523775100708,0.02524740993976593,0.2165992259979248,0.2900051772594452,83.35433197021484,2619.859130859375,783.579345703125,1562.0159912109375,251.68544006347656,0.011429042555391788,0.009404382668435574,24.165353775024414,5.108439922332764,classical,classical.00015.wav
-482.6763610839844,154.86114501953125,-5.025981903076172,29.737667083740234,-1.8687446117401123,8.22309684753418,-4.765954494476318,9.646515846252441,-3.335390329360962,4.532223701477051,-10.103473663330078,-0.6667129397392273,-2.4448435306549072,69.16207885742188,15.831604957580566,15.611144065856934,6.940351963043213,12.503119468688965,6.264187812805176,8.782181739807129,7.783006191253662,10.779233932495117,8.903474807739258,11.398709297180176,8.559820175170898,8.532630920410156,1054.45849609375,296.69482421875,0.04766448959708214,0.020518964156508446,0.2192428708076477,0.2914697825908661,99.38401794433594,1947.204833984375,741.8915405273438,1455.4498291015625,222.01759338378906,0.008008791133761406,0.004215550608932972,22.00699806213379,4.479191303253174,classical,classical.00016.wav
-311.51123046875,148.661376953125,-33.50911331176758,10.361734390258789,-12.907805442810059,1.232577919960022,-12.908662796020508,0.8045731782913208,-9.738698959350586,2.068979501724243,-5.106062889099121,6.744292736053467,4.615777015686035,103.45421600341797,28.461759567260742,15.0098295211792,21.193954467773438,11.600201606750488,11.270030975341797,9.983524322509766,7.327365875244141,8.951146125793457,10.575189590454102,12.095537185668945,11.589385986328125,13.83096981048584,1358.9071044921875,284.8635559082031,0.08111553639173508,0.016833769157528877,0.25641191005706787,0.29341527819633484,89.10291290283203,2418.177001953125,698.6710815429688,1417.5458984375,284.401123046875,0.03737134858965874,0.032118428498506546,22.37351417541504,5.672166347503662,classical,classical.00017.wav
-405.68310546875,145.6948699951172,-0.8267259001731873,23.06764793395996,9.225309371948242,-2.6439387798309326,-5.7504730224609375,-2.0919251441955566,-0.6470630764961243,6.7592291831970215,2.807607650756836,2.446449041366577,5.084672927856445,69.43644714355469,43.21150207519531,21.30950355529785,14.250133514404297,9.4481201171875,8.458722114562988,8.398377418518066,12.754157066345215,10.331219673156738,9.74364948272705,11.338133811950684,12.085509300231934,10.421929359436035,1158.001220703125,433.4154052734375,0.07066888362169266,0.028722750023007393,0.2391088753938675,0.2909414768218994,161.4990234375,2182.00341796875,964.0384521484375,1320.9788818359375,385.9200134277344,0.018668027594685555,0.017893154174089432,23.557100296020508,5.0528459548950195,classical,classical.00018.wav
-475.8676452636719,141.53086853027344,-8.475214004516602,33.9920654296875,0.5255774855613708,6.034852981567383,0.027931425720453262,9.53715705871582,2.1625168323516846,7.082099437713623,-8.048425674438477,-0.10827343910932541,0.7882737517356873,76.26588439941406,35.07636260986328,21.723936080932617,8.135857582092285,12.311651229858398,6.169825553894043,9.52092170715332,14.577666282653809,11.581700325012207,11.328316688537598,12.625850677490234,10.901156425476074,13.100597381591797,1184.5272216796875,427.0118713378906,0.05759148672223091,0.03283759951591492,0.2840471565723419,0.3013096749782562,95.703125,2289.2529296875,906.7354736328125,1524.9012451171875,288.9874267578125,0.0079903369769454,0.0054650213569402695,22.00331687927246,4.985542297363281,classical,classical.00019.wav
-300.94049072265625,161.0862579345703,-24.240718841552734,27.966188430786133,-2.862255334854126,2.387561798095703,-11.273426055908203,0.22528113424777985,-6.841876983642578,6.094607353210449,-8.138311386108398,-1.805325984954834,-4.110150337219238,73.23441314697266,30.167476654052734,17.789514541625977,12.662731170654297,11.39075756072998,8.519020080566406,9.19810962677002,9.271485328674316,8.389880180358887,8.755846977233887,10.722332000732422,11.296333312988281,11.159517288208008,1218.437255859375,325.77606201171875,0.06981287896633148,0.022786719724535942,0.2689726650714874,0.2908627390861511,143.5546875,2295.31103515625,684.9865112304688,1353.7508544921875,280.9265441894531,0.038409098982810974,0.02270369976758957,22.987974166870117,5.665139198303223,classical,classical.00020.wav
-278.2295227050781,147.87562561035156,-31.567955017089844,20.352279663085938,-9.582643508911133,-6.244678974151611,-13.601203918457031,-0.6661554574966431,-7.27447509765625,1.0198702812194824,-11.7584810256958,-0.9619852304458618,-2.216409206390381,97.17176055908203,26.14560890197754,13.86690902709961,11.468008041381836,10.40839958190918,12.933868408203125,10.576282501220703,10.89278793334961,8.767230987548828,10.433296203613281,9.209607124328613,8.602914810180664,11.893468856811523,1371.36962890625,328.850830078125,0.07956679165363312,0.023580683395266533,0.26681941747665405,0.28917190432548523,135.99917602539062,2570.159423828125,730.4832153320312,1440.970947265625,280.1539611816406,0.0454455241560936,0.03885161131620407,22.03472328186035,5.735011577606201,classical,classical.00021.wav
-278.7824401855469,160.0192413330078,-28.398984909057617,23.062633514404297,-2.6952755451202393,3.009983777999878,-11.293976783752441,-0.5086696147918701,-11.364047050476074,3.173475503921509,-5.1071953773498535,4.339189052581787,-4.070891380310059,98.63414764404297,21.534770965576172,20.81770896911621,11.795048713684082,13.96142864227295,7.698495388031006,9.379416465759277,7.2544379234313965,9.342339515686035,6.769911766052246,9.78935718536377,8.474869728088379,8.018081665039062,1211.215087890625,237.66981506347656,0.06844630092382431,0.019861195236444473,0.2762817144393921,0.2939360439777374,107.666015625,2237.4697265625,556.1358642578125,1367.107666015625,236.5782928466797,0.0478903129696846,0.029766062274575233,22.393815994262695,5.470088958740234,classical,classical.00022.wav
-406.9654235839844,163.13946533203125,-2.4138152599334717,32.45665740966797,7.907837867736816,9.677142143249512,-5.489042282104492,9.523496627807617,-3.1028213500976562,10.209687232971191,-10.385391235351562,-5.3867082595825195,-8.08006477355957,57.571083068847656,14.830392837524414,20.33570098876953,9.261006355285645,9.788002014160156,7.7431640625,8.692644119262695,6.080557346343994,6.098313808441162,7.132479667663574,9.625157356262207,9.294525146484375,9.332828521728516,983.7618408203125,216.91171264648438,0.044227246195077896,0.018604999408125877,0.2671792805194855,0.2974366247653961,95.703125,1852.5220947265625,541.091552734375,1404.1322021484375,156.64202880859375,0.01712404377758503,0.006708358880132437,23.260042190551758,4.658225059509277,classical,classical.00023.wav
-223.17724609375,163.24624633789062,-34.41622543334961,24.187868118286133,-10.304306983947754,3.2287347316741943,-12.88459300994873,0.8050693273544312,-14.284255027770996,1.6726216077804565,-10.143485069274902,0.24415677785873413,-4.54510498046875,44.22641372680664,17.95701789855957,7.768887519836426,7.982314586639404,9.194964408874512,8.435914039611816,7.610506057739258,8.649627685546875,7.9948320388793945,9.227997779846191,7.932738780975342,8.944719314575195,8.256413459777832,1253.1322021484375,240.80885314941406,0.07164771854877472,0.017837299033999443,0.2533399760723114,0.2901604473590851,151.99908447265625,2293.02783203125,526.6829833984375,1371.336669921875,216.42041015625,0.06666339933872223,0.023640913888812065,23.35337257385254,5.768744468688965,classical,classical.00024.wav
-221.283447265625,173.33663940429688,-37.45654296875,24.36245346069336,-8.687614440917969,3.385791778564453,-12.84117603302002,1.0815359354019165,-15.328134536743164,0.4232371747493744,-9.623608589172363,2.292809009552002,-4.4855637550354,29.68291473388672,19.587770462036133,8.998147010803223,6.0446457862854,6.822717666625977,7.179189205169678,6.198567867279053,6.649534225463867,7.48602294921875,8.160199165344238,8.153928756713867,8.81217098236084,7.98990535736084,1184.0657958984375,232.78160095214844,0.068293996155262,0.01962350122630596,0.29736655950546265,0.29016050696372986,129.19921875,2139.15380859375,449.64215087890625,1304.6126708984375,179.28729248046875,0.06411320716142654,0.022784221917390823,21.752107620239258,5.866286754608154,classical,classical.00025.wav
-319.3323669433594,143.66473388671875,-31.164365768432617,10.908863067626953,-5.553890228271484,-4.265030860900879,-8.952561378479004,-5.583489894866943,-8.020538330078125,2.3426132202148438,-4.477271556854248,-0.31978708505630493,0.9748613834381104,97.26001739501953,26.08313751220703,22.293245315551758,19.36110496520996,12.30908203125,11.208622932434082,7.496965408325195,10.867023468017578,9.449689865112305,9.986214637756348,11.186441421508789,9.35350513458252,8.886359214782715,1278.5745849609375,259.3663024902344,0.08174818009138107,0.02076095901429653,0.2456778734922409,0.28997984528541565,161.4990234375,2233.2197265625,578.67041015625,1311.8194580078125,231.3616943359375,0.038869526237249374,0.03529014065861702,23.557090759277344,5.344320774078369,classical,classical.00026.wav
-366.25018310546875,181.59939575195312,-5.526270389556885,27.008371353149414,-4.832132339477539,4.610715389251709,-10.542601585388184,0.16762113571166992,-11.139511108398438,3.584805965423584,-10.332783699035645,-1.0784339904785156,-4.5973076820373535,63.74678421020508,12.10413932800293,17.974042892456055,9.428390502929688,11.003344535827637,9.588155746459961,7.115431308746338,6.919239044189453,9.728757858276367,7.097358703613281,7.953588962554932,9.426802635192871,9.791808128356934,901.7857055664062,165.58218383789062,0.05344941094517708,0.01668628677725792,0.24073411524295807,0.2891390919685364,135.99917602539062,1456.6162109375,358.66473388671875,1171.747314453125,162.05667114257812,0.028412971645593643,0.014405326917767525,23.437602996826172,4.693363189697266,classical,classical.00027.wav
-228.95733642578125,153.97128295898438,-30.685277938842773,20.812599182128906,-6.080230236053467,1.1724140644073486,-10.788690567016602,-3.8824687004089355,-11.589583396911621,0.8821475505828857,-8.279237747192383,-0.7267745733261108,-3.1044509410858154,56.02126693725586,30.005830764770508,17.450265884399414,11.434199333190918,12.162863731384277,8.842663764953613,10.451924324035645,10.123510360717773,7.879634380340576,8.91988468170166,9.892704010009766,7.956346035003662,10.223055839538574,1313.785400390625,377.3277282714844,0.08109777420759201,0.02637205831706524,0.26292380690574646,0.2900417745113373,161.4990234375,2397.4189453125,761.4307861328125,1371.044921875,303.07672119140625,0.06258048862218857,0.025580761954188347,23.116422653198242,6.298161506652832,classical,classical.00028.wav
-297.24658203125,130.2744140625,-30.589977264404297,27.486968994140625,-7.05499267578125,1.9900563955307007,-11.125770568847656,4.752086162567139,-8.77153491973877,5.415232181549072,-5.375332832336426,4.464271545410156,1.7346497774124146,113.73656463623047,39.470130920410156,18.207555770874023,9.135746955871582,13.620755195617676,11.285406112670898,10.388919830322266,8.38534927368164,12.096818923950195,10.344419479370117,15.567999839782715,12.727703094482422,13.581857681274414,1558.8985595703125,428.5857849121094,0.09221524000167847,0.033778492361307144,0.24696631729602814,0.2873619794845581,135.99917602539062,2922.215576171875,813.5380859375,1578.5926513671875,262.84429931640625,0.04157528653740883,0.034915193915367126,23.079687118530273,6.136047840118408,classical,classical.00029.wav
-315.6780700683594,149.6684112548828,-30.59499168395996,23.221498489379883,-8.69983196258545,-10.104395866394043,-15.733573913574219,-4.047280788421631,-7.652163028717041,0.046231769025325775,-11.14389705657959,-7.670450210571289,-5.870633602142334,62.75063705444336,22.512964248657227,20.661766052246094,7.515122890472412,15.194666862487793,7.372256755828857,9.323766708374023,8.529318809509277,9.84949016571045,8.562348365783691,7.305596351623535,8.478269577026367,7.959646224975586,1243.7205810546875,359.31982421875,0.06372448056936264,0.0293039008975029,0.2783278524875641,0.2941843271255493,117.4538345336914,2353.285888671875,698.785888671875,1358.6087646484375,240.30938720703125,0.029729722067713737,0.016558242961764336,22.030996322631836,5.671926498413086,classical,classical.00030.wav
-374.00750732421875,172.44232177734375,6.4029860496521,20.150894165039062,5.85180139541626,1.5909548997879028,-6.710564136505127,-1.1913427114486694,-0.2905022203922272,0.33312535285949707,-6.551819801330566,-7.30025053024292,-7.328370571136475,76.01885223388672,23.219364166259766,25.447521209716797,12.064784049987793,16.452577590942383,9.8136625289917,8.617877006530762,8.731193542480469,9.518671035766602,8.863994598388672,8.397218704223633,7.834809303283691,8.536195755004883,822.4267578125,261.0264892578125,0.03945743292570114,0.016748446971178055,0.3031798005104065,0.2992760241031647,112.3471450805664,1434.19970703125,622.4557495117188,1135.9254150390625,258.31976318359375,0.026797184720635414,0.018498947843909264,19.380102157592773,5.067316055297852,classical,classical.00031.wav
-498.6087341308594,177.5231170654297,11.209715843200684,27.63433074951172,-2.8418264389038086,5.090956211090088,-6.604383945465088,-1.0570544004440308,-4.14449405670166,-3.0533735752105713,-9.909939765930176,-8.573807716369629,-9.189355850219727,42.52042007446289,11.801265716552734,10.041284561157227,6.966095924377441,8.16880989074707,6.353527069091797,8.108809471130371,6.113101005554199,7.3173980712890625,6.237638473510742,6.577808856964111,5.666009902954102,5.672811031341553,792.8355712890625,122.45874786376953,0.03658178821206093,0.007907113060355186,0.2831994891166687,0.2919764518737793,103.359375,1207.3843994140625,319.88067626953125,1205.0928955078125,154.8671875,0.008043456822633743,0.0045761046931147575,21.40325927734375,3.793760061264038,classical,classical.00032.wav
-429.1031494140625,120.74545288085938,-1.6823533773422241,17.948556900024414,7.733590602874756,-2.0437235832214355,-3.941744089126587,-2.5360472202301025,-0.5834435820579529,-0.7965371608734131,-9.05119800567627,-3.68993878364563,-0.9829521179199219,85.57512664794922,38.13243103027344,26.294857025146484,8.515738487243652,12.704639434814453,8.286892890930176,10.767313003540039,9.085038185119629,7.642754554748535,7.482352256774902,9.067344665527344,10.347820281982422,13.519078254699707,1128.3232421875,353.4159240722656,0.05439309403300285,0.026061950251460075,0.3039742410182953,0.2988643944263458,95.703125,2165.795166015625,797.1681518554688,1375.95556640625,287.05108642578125,0.01235747430473566,0.013662231154739857,21.8167667388916,5.18298864364624,classical,classical.00033.wav
-309.2428283691406,138.64112854003906,-29.713258743286133,33.6187858581543,-0.3782574534416199,5.243738651275635,-6.33231258392334,3.280733108520508,-6.714090824127197,-0.6922032237052917,-13.243885040283203,-8.528504371643066,-9.668246269226074,67.83445739746094,31.242216110229492,17.57878303527832,9.51519775390625,12.401484489440918,8.120954513549805,8.758801460266113,9.035629272460938,13.190251350402832,10.695897102355957,9.561954498291016,11.850834846496582,11.074915885925293,1369.6932373046875,417.0255432128906,0.0735679566860199,0.038430679589509964,0.2740989625453949,0.30155491828918457,123.046875,2655.32568359375,739.0680541992188,1465.9169921875,223.89393615722656,0.038916073739528656,0.0259420033544302,24.762426376342773,5.844254970550537,classical,classical.00034.wav
-319.7822265625,165.987548828125,-11.918571472167969,27.24034309387207,7.843559741973877,1.7273006439208984,-7.8498430252075195,-2.4120850563049316,-2.9088757038116455,-2.53113055229187,-11.365740776062012,-4.613610744476318,-4.487359523773193,75.2149429321289,31.605148315429688,33.4439697265625,13.255022048950195,14.696087837219238,8.75528621673584,10.277400970458984,7.696460247039795,9.182564735412598,8.312676429748535,7.290683746337891,10.35894775390625,9.024871826171875,1016.424560546875,514.3906860351562,0.06115495786070824,0.04509209468960762,0.31925109028816223,0.30039864778518677,151.99908447265625,1823.93896484375,968.4573364257812,1152.12890625,325.8951416015625,0.04057171195745468,0.02530573308467865,20.710250854492188,5.519042491912842,classical,classical.00035.wav
-419.2631530761719,127.44508361816406,-3.7823562622070312,23.20021629333496,-4.334698677062988,4.030427932739258,-8.209101676940918,-7.618860721588135,-7.07568883895874,-2.9239513874053955,-7.409897804260254,-5.437335968017578,-9.099494934082031,62.92173385620117,38.12815856933594,17.608491897583008,12.667865753173828,15.820028305053711,11.094921112060547,12.717284202575684,6.744512557983398,8.374414443969727,6.5244574546813965,7.68444299697876,6.996785640716553,7.1695332527160645,1281.8143310546875,549.7314453125,0.059410449117422104,0.034032195806503296,0.23929829895496368,0.2984120845794678,107.666015625,2440.335205078125,1242.05615234375,1502.8917236328125,365.3572692871094,0.016008371487259865,0.013771899044513702,22.206058502197266,5.544267177581787,classical,classical.00036.wav
-275.3759765625,125.30792999267578,-41.05128860473633,24.607311248779297,-4.788928031921387,-4.253849029541016,-15.021034240722656,-5.0450921058654785,-5.001837253570557,2.473059892654419,-10.89470100402832,-8.017638206481934,-5.166378498077393,75.78277587890625,31.91333770751953,22.574434280395508,11.121089935302734,15.46316909790039,9.648923873901367,12.600725173950195,9.09521484375,10.508977890014648,10.025824546813965,7.282058238983154,8.803115844726562,10.476263999938965,1534.2935791015625,432.91363525390625,0.09395219385623932,0.04168495163321495,0.2842068076133728,0.2956913709640503,161.4990234375,2838.8662109375,741.488525390625,1465.094482421875,235.41868591308594,0.04150091111660004,0.03024987317621708,23.059925079345703,6.514467239379883,classical,classical.00037.wav
-276.0390319824219,146.35081481933594,-36.59162139892578,24.200796127319336,-2.5551605224609375,-2.1697466373443604,-13.303984642028809,-6.504971027374268,-9.398983001708984,-3.12747859954834,-11.537067413330078,-4.187116622924805,-1.6895955801010132,81.12983703613281,22.071636199951172,19.410446166992188,16.05877685546875,12.85519027709961,9.42829418182373,9.734208106994629,8.914924621582031,8.494043350219727,7.779223918914795,8.17574405670166,7.932521820068359,10.408102989196777,1279.171142578125,303.7388916015625,0.07583589851856232,0.027410948649048805,0.294544517993927,0.29681694507598877,151.99908447265625,2377.39404296875,596.3236694335938,1338.798095703125,222.01556396484375,0.04430226981639862,0.0330563522875309,22.746368408203125,6.048163414001465,classical,classical.00038.wav
-409.5344543457031,116.80004119873047,-16.16423225402832,11.717684745788574,0.7060146927833557,6.006948471069336,-4.27445650100708,0.4954766035079956,0.43389034271240234,12.597705841064453,-1.1140985488891602,-1.1403234004974365,4.957851886749268,83.79934692382812,25.370046615600586,18.903772354125977,11.234386444091797,16.457908630371094,10.68999195098877,13.270807266235352,9.488323211669922,12.619709968566895,13.211487770080566,10.04870319366455,11.841401100158691,12.600515365600586,1633.40966796875,419.69476318359375,0.10895927995443344,0.04868762195110321,0.27088746428489685,0.30859294533729553,161.4990234375,3161.49755859375,938.1993408203125,1734.7828369140625,284.42767333984375,0.012813881039619446,0.014808692038059235,22.227815628051758,6.830948352813721,classical,classical.00039.wav
-358.65673828125,129.0874786376953,-30.397640228271484,19.889530181884766,-10.386380195617676,-0.6520450115203857,-10.61114501953125,1.5420539379119873,-3.975386381149292,1.8689039945602417,-8.833539962768555,-7.167654514312744,-8.21275806427002,75.19103240966797,26.66257095336914,25.43528938293457,11.000073432922363,14.371384620666504,9.954700469970703,11.260002136230469,8.145607948303223,11.13129711151123,8.565055847167969,8.706562995910645,7.808078765869141,8.140320777893066,1396.6923828125,295.25732421875,0.07264317572116852,0.02468334138393402,0.2505568861961365,0.29898789525032043,107.666015625,2652.833984375,695.8411254882812,1525.25537109375,259.37933349609375,0.01974106952548027,0.012951960787177086,23.513593673706055,5.283867359161377,classical,classical.00040.wav
-368.4659423828125,124.2659912109375,-31.582448959350586,17.601762771606445,2.322930335998535,-5.949597358703613,-11.807772636413574,-5.547481060028076,-5.4078874588012695,-1.305171251296997,-8.4271821975708,-3.613823890686035,2.206169605255127,72.15291595458984,21.629175186157227,20.652511596679688,13.373006820678711,13.160085678100586,9.190217018127441,14.900532722473145,11.172136306762695,11.906998634338379,6.199676990509033,7.711831569671631,11.45871353149414,14.411744117736816,1329.2650146484375,331.4873352050781,0.0788169801235199,0.0338834747672081,0.26820534467697144,0.28907567262649536,123.046875,2462.07666015625,605.650634765625,1415.453369140625,202.12643432617188,0.02129671350121498,0.02427693083882332,23.592863082885742,4.945240497589111,classical,classical.00041.wav
-160.3394317626953,164.12074279785156,-48.875038146972656,1.5913547277450562,-7.591043949127197,-2.6314709186553955,-11.077547073364258,-7.027632713317871,-8.120848655700684,1.231188178062439,-5.4963483810424805,-4.2221760749816895,-5.458137035369873,49.43498992919922,22.041996002197266,13.550400733947754,10.599275588989258,9.999975204467773,5.784885406494141,5.689655303955078,6.08801794052124,6.327908515930176,6.593555927276611,7.132787227630615,6.7803635597229,7.732041358947754,1327.3486328125,190.00540161132812,0.09385279566049576,0.016772234812378883,0.2617236375808716,0.2898736596107483,198.76803588867188,2172.57861328125,413.75506591796875,1326.865234375,185.28631591796875,0.13462316989898682,0.05206852778792381,21.244565963745117,4.866939544677734,classical,classical.00042.wav
-249.5494384765625,161.568359375,10.129533767700195,-3.0705642700195312,-0.5965175628662109,-2.0836586952209473,-12.1917724609375,-8.601490020751953,-14.638914108276367,-12.049384117126465,-12.30034065246582,-7.174556732177734,-7.891678810119629,60.32469940185547,23.971860885620117,26.695524215698242,12.86813735961914,8.815237998962402,7.239954471588135,7.803832530975342,7.625509738922119,6.826168537139893,7.329704761505127,6.743351936340332,7.681367874145508,6.591017246246338,1063.47216796875,346.2563781738281,0.0510408841073513,0.015022984705865383,0.19094546139240265,0.2861749529838562,129.19921875,1611.1903076171875,1051.9942626953125,1552.5799560546875,405.3651123046875,0.11537951976060867,0.05400525778532028,20.710731506347656,5.8133392333984375,classical,classical.00043.wav
-402.2223205566406,154.00491333007812,-15.21134090423584,15.294041633605957,-3.0777785778045654,-3.1944375038146973,-9.778080940246582,-17.31020736694336,-12.306559562683105,-7.914642333984375,-7.08275842666626,-0.28117215633392334,1.5458184480667114,53.86961364746094,35.924163818359375,17.9235782623291,14.164407730102539,11.807538032531738,11.682124137878418,12.952622413635254,12.160233497619629,11.657649993896484,13.179388999938965,11.217358589172363,11.540145874023438,11.036702156066895,1181.5125732421875,338.8891906738281,0.07170553505420685,0.023317832499742508,0.2520444691181183,0.29316970705986023,80.74951171875,2032.812744140625,754.756591796875,1412.178955078125,311.417724609375,0.01792784593999386,0.006688528694212437,23.747695922851562,5.876087665557861,classical,classical.00044.wav
-170.8865966796875,157.0391387939453,-21.966075897216797,5.244653701782227,-4.09241247177124,-3.6912691593170166,-8.810494422912598,-4.857596397399902,-7.874581813812256,-5.411010265350342,-9.373977661132812,-6.6236138343811035,-7.811285972595215,40.53914260864258,15.83095645904541,12.566793441772461,13.700550079345703,10.543253898620605,8.863887786865234,9.324373245239258,9.313516616821289,10.202620506286621,9.78480339050293,11.033792495727539,9.379203796386719,9.54101276397705,1175.9241943359375,158.62869262695312,0.062295541167259216,0.015953533351421356,0.23626498878002167,0.2898743152618408,184.5703125,1901.230224609375,316.618896484375,1502.83740234375,175.79446411132812,0.1385897547006607,0.041810084134340286,20.887056350708008,4.980245590209961,classical,classical.00045.wav
-85.2649917602539,118.42305755615234,-31.47277069091797,20.282014846801758,-4.4177093505859375,6.922598361968994,-10.950942039489746,-1.6200852394104004,-7.367900848388672,-3.0172998905181885,-4.437201023101807,-1.4064465761184692,-4.246368885040283,23.495532989501953,19.340320587158203,8.538050651550293,6.206902980804443,7.177977085113525,6.5322418212890625,5.563885688781738,5.13870096206665,5.21524715423584,6.808186054229736,5.303768157958984,6.64655065536499,6.011072635650635,1878.7740478515625,292.8625183105469,0.11161307990550995,0.024523604661226273,0.34679076075553894,0.2804078757762909,129.19921875,3634.069580078125,684.9376831054688,1965.0286865234375,230.78355407714844,0.11510277539491653,0.018945395946502686,18.892742156982422,3.855556011199951,classical,classical.00046.wav
-436.84234619140625,154.1132049560547,-19.859338760375977,20.183603286743164,3.1647443771362305,0.4463924169540405,-6.530638694763184,-4.603338241577148,-10.056252479553223,-6.153286457061768,-4.52944278717041,-2.7835943698883057,-5.2353196144104,61.47122573852539,12.862138748168945,13.250343322753906,12.203993797302246,9.853063583374023,8.435409545898438,6.73192024230957,5.9776835441589355,7.657986164093018,8.138779640197754,8.229690551757812,7.565028190612793,7.6555070877075195,1173.9310302734375,154.16810607910156,0.06632537394762039,0.020501263439655304,0.25846490263938904,0.28680408000946045,123.046875,2083.120849609375,395.3899230957031,1517.856201171875,125.41336059570312,0.009494158439338207,0.005269680637866259,21.585651397705078,4.6426520347595215,classical,classical.00047.wav
-123.7633056640625,148.4300079345703,-21.551395416259766,17.444747924804688,-1.408804178237915,4.178294658660889,-6.990444660186768,-5.103336334228516,-5.795701026916504,5.063121318817139,-6.247764587402344,-1.9818285703659058,-0.96844083070755,93.70572662353516,50.09779357910156,20.534021377563477,14.92601490020752,10.790069580078125,10.603056907653809,6.640411853790283,7.828106880187988,8.725031852722168,7.46403694152832,6.257082939147949,7.119670867919922,7.337266445159912,1516.0858154296875,741.4495239257812,0.08727157860994339,0.04285851866006851,0.29686397314071655,0.28627288341522217,172.265625,2771.558349609375,1581.8773193359375,1642.83349609375,516.6589965820312,0.16088607907295227,0.056367259472608566,20.35544776916504,4.590344429016113,classical,classical.00048.wav
-98.35357666015625,98.35549926757812,-20.49053192138672,18.82003402709961,-2.095781087875366,2.665037155151367,-7.311517238616943,-3.590113639831543,-7.989524841308594,-1.9183743000030518,-4.731997013092041,0.6237758994102478,-2.5930848121643066,58.76277542114258,23.708696365356445,11.123619079589844,11.126567840576172,7.019292831420898,5.511250972747803,6.156050682067871,5.338572025299072,5.832286357879639,6.700017929077148,7.774080276489258,6.0509772300720215,6.295280456542969,2224.893798828125,581.4580078125,0.10944642871618271,0.034268274903297424,0.3116151988506317,0.28525736927986145,103.359375,4467.45654296875,1274.59228515625,2274.324951171875,319.6861572265625,0.12373418360948563,0.06352612376213074,17.72954750061035,4.053274154663086,classical,classical.00049.wav
-449.6217956542969,151.5031280517578,-12.746682167053223,44.270389556884766,6.2447590827941895,4.053897857666016,-1.4805392026901245,-1.624076008796692,-2.486776828765869,-4.28238582611084,-9.653202056884766,-1.3421049118041992,0.1463838517665863,67.8820571899414,21.33365249633789,11.529977798461914,6.742249011993408,6.1938371658325195,4.562885761260986,5.538679122924805,6.128331661224365,5.407415866851807,4.387183666229248,4.676156520843506,5.030031681060791,6.9201226234436035,1170.1422119140625,220.5842742919922,0.04949289932847023,0.014757405035197735,0.2861015796661377,0.2903406322002411,107.666015625,2360.427490234375,487.7458801269531,1595.635986328125,229.693603515625,0.007965068332850933,0.004078956786543131,19.44806480407715,4.144860744476318,classical,classical.00050.wav
-230.27236938476562,119.15338134765625,-1.0512242317199707,28.38448715209961,10.008779525756836,16.125822067260742,4.7939453125,6.192378520965576,0.9515957236289978,5.915187358856201,-1.1755236387252808,3.5739166736602783,-2.09965443611145,168.08978271484375,33.985755920410156,32.913143157958984,9.796866416931152,11.764701843261719,8.610857963562012,8.146454811096191,6.004945278167725,5.833868026733398,6.395124435424805,7.4410200119018555,6.33303165435791,6.271151542663574,1527.6455078125,482.0758361816406,0.06010507792234421,0.04002613201737404,0.3814571797847748,0.2928588092327118,135.99917602539062,3220.83056640625,1235.0592041015625,2079.66796875,442.9316101074219,0.08052823692560196,0.05630094185471535,16.861679077148438,4.166264533996582,classical,classical.00051.wav
-186.42808532714844,86.65457153320312,-15.711971282958984,14.741792678833008,-2.215897798538208,6.271489143371582,-0.8879222869873047,0.6650469303131104,-6.088321685791016,-5.213674068450928,-7.865932941436768,-1.7187315225601196,-4.704501628875732,97.6783676147461,30.49473762512207,24.351680755615234,10.513692855834961,9.936601638793945,10.112262725830078,6.292511463165283,7.085171222686768,10.959651947021484,13.525153160095215,12.478253364562988,9.298866271972656,10.111992835998535,2411.932861328125,649.0895385742188,0.12697012722492218,0.048296719789505005,0.3880297541618347,0.2931462824344635,161.4990234375,4994.5615234375,1484.226318359375,2436.324951171875,446.7857666015625,0.05548110976815224,0.035853125154972076,18.185733795166016,4.4850921630859375,classical,classical.00052.wav
-119.30437469482422,149.57778930664062,-43.31768035888672,24.636247634887695,-5.6093878746032715,10.784379005432129,-2.8926939964294434,0.7833024263381958,-6.545638561248779,4.3880391120910645,-1.2940493822097778,1.3600910902023315,-1.0813605785369873,69.17157745361328,30.344839096069336,15.380595207214355,11.208683967590332,10.697908401489258,7.976640224456787,8.324081420898438,6.416740894317627,6.798346519470215,5.912091255187988,6.2541656494140625,6.54152250289917,5.514501571655273,1465.5953369140625,341.4228515625,0.0879189670085907,0.023161765187978745,0.3047126829624176,0.28129440546035767,215.33203125,2749.38330078125,764.4636840820312,1554.818603515625,308.3245544433594,0.13980983197689056,0.05474278703331947,20.435379028320312,4.082780838012695,classical,classical.00053.wav
-106.22087860107422,127.37078094482422,-45.2861328125,31.2772159576416,4.3054399490356445,-5.068432807922363,-16.129375457763672,14.690695762634277,-7.912097930908203,-1.2216625213623047,2.9819395542144775,17.464767456054688,-4.0720086097717285,60.3068733215332,27.17829704284668,16.46364974975586,12.553714752197266,20.884368896484375,10.76638412475586,15.847610473632812,17.376440048217773,11.694709777832031,16.7534236907959,18.008573532104492,17.25335121154785,16.215316772460938,1712.46630859375,331.59478759765625,0.11627820879220963,0.03770693764090538,0.31949472427368164,0.30416592955589294,95.703125,2833.49951171875,633.7709350585938,1607.5252685546875,222.75059509277344,0.17533352971076965,0.04645983874797821,21.723112106323242,7.052579879760742,classical,classical.00054.wav
-484.0267028808594,144.12991333007812,1.39647376537323,8.075530052185059,4.933926582336426,-2.3170042037963867,-2.746943712234497,-6.84481143951416,-10.147136688232422,-8.056598663330078,-7.151669502258301,-10.563925743103027,-7.7874321937561035,67.17221069335938,40.28453826904297,21.887590408325195,11.581207275390625,10.759542465209961,7.502871990203857,6.861934185028076,6.562997341156006,7.649590492248535,8.592765808105469,7.7455549240112305,8.140018463134766,10.739890098571777,1079.903564453125,382.26025390625,0.05934128910303116,0.022818710654973984,0.1864788681268692,0.28677722811698914,78.30255889892578,1764.98095703125,838.9628295898438,1389.265625,424.7485656738281,0.01304979994893074,0.010620828717947006,22.239910125732422,6.089950084686279,classical,classical.00055.wav
-81.13433074951172,129.09852600097656,-42.53482437133789,33.17631149291992,5.66361665725708,-6.402249336242676,-2.261098623275757,7.373443603515625,-18.71800994873047,2.4979705810546875,3.786280632019043,1.9323546886444092,-10.066779136657715,52.1185188293457,19.350820541381836,11.768620491027832,10.785626411437988,10.065049171447754,9.877772331237793,9.73952579498291,9.345614433288574,8.042648315429688,6.683277606964111,8.56894588470459,6.912071704864502,7.679319858551025,1680.10107421875,306.6914978027344,0.09672579169273376,0.02628483437001705,0.3128756880760193,0.2804073393344879,95.703125,3077.83984375,608.6366577148438,1706.9703369140625,230.3214874267578,0.18984760344028473,0.06037822365760803,21.085813522338867,4.088431358337402,classical,classical.00056.wav
-367.15606689453125,112.80696105957031,-18.74736785888672,10.16273021697998,-1.6047247648239136,3.8029534816741943,0.9223539233207703,5.0671491622924805,-5.372570514678955,-9.522553443908691,-8.495644569396973,-1.783828616142273,1.299131989479065,94.20730590820312,37.93873977661133,19.76681137084961,15.139976501464844,9.945834159851074,8.345478057861328,8.432385444641113,9.078248023986816,13.131614685058594,12.84586238861084,9.464929580688477,10.102590560913086,13.36096477508545,1751.730224609375,623.2305297851562,0.09525793045759201,0.04080153629183769,0.2538497745990753,0.2979232966899872,107.666015625,3236.655517578125,1427.3778076171875,1930.492919921875,426.6465759277344,0.016770323738455772,0.009566412307322025,20.521446228027344,5.557950019836426,classical,classical.00057.wav
-349.95245361328125,161.8511199951172,-3.3711888790130615,14.167043685913086,5.733972072601318,3.5160558223724365,2.9774911403656006,-7.090641975402832,-7.917532444000244,-0.3646010756492615,2.849557876586914,-2.481045722961426,-6.791948318481445,41.93540573120117,18.33833885192871,16.414098739624023,8.70903205871582,7.5046281814575195,7.559432029724121,7.545317649841309,8.539814949035645,9.78661060333252,12.830284118652344,10.136751174926758,9.863011360168457,11.943970680236816,1137.9530029296875,183.55104064941406,0.08186836540699005,0.02628212608397007,0.26571419835090637,0.29625657200813293,143.5546875,1821.2139892578125,469.4563293457031,1480.58447265625,252.0302734375,0.02998761273920536,0.011119148693978786,23.957754135131836,6.135249137878418,classical,classical.00058.wav
-197.15272521972656,137.3531036376953,-34.18893051147461,25.36216163635254,-5.266597270965576,-2.777787923812866,-9.506929397583008,-7.609987258911133,-7.6446852684021,-5.667839527130127,-4.386776447296143,-5.430217266082764,-3.5417912006378174,75.0091323852539,24.6260929107666,20.408998489379883,9.278474807739258,6.783510684967041,6.565134048461914,6.02324104309082,6.285129547119141,6.96697998046875,6.499182224273682,7.23615837097168,7.1180853843688965,6.918943881988525,1551.865234375,350.7138366699219,0.0932995080947876,0.03014453500509262,0.2825833857059479,0.2876104414463043,117.4538345336914,2841.957763671875,661.582763671875,1651.7061767578125,263.11248779296875,0.06915130466222763,0.03585462644696236,21.807600021362305,5.790565013885498,classical,classical.00059.wav
-166.43154907226562,122.13554382324219,-32.10679244995117,16.685277938842773,-5.400679588317871,-2.4871227741241455,-9.832805633544922,-4.900509357452393,-6.974421977996826,-4.571056842803955,-6.66841459274292,-5.497281074523926,-5.372569561004639,57.20640182495117,26.367719650268555,14.952005386352539,7.714169025421143,6.566861629486084,6.609677791595459,5.5066304206848145,5.586820125579834,6.23978853225708,6.642787933349609,7.401411533355713,6.049907684326172,6.478448867797852,1803.5260009765625,418.4796142578125,0.10401637852191925,0.03171899542212486,0.30526578426361084,0.28725653886795044,123.046875,3366.31298828125,930.0928955078125,1898.0267333984375,354.20855712890625,0.06874039769172668,0.026964271441102028,20.993925094604492,5.897958755493164,classical,classical.00060.wav
-274.3863830566406,148.3533935546875,-20.334354400634766,21.812437057495117,7.930837154388428,3.7759368419647217,-2.232815980911255,-6.101349353790283,-5.629293918609619,-6.689497947692871,-5.906604766845703,-4.594999313354492,-1.5465238094329834,85.82856750488281,26.26361656188965,24.89984703063965,9.672348022460938,13.7861909866333,10.110923767089844,7.241384029388428,8.354998588562012,7.014981269836426,7.377463340759277,8.618488311767578,9.376487731933594,9.193401336669922,1322.6998291015625,458.96075439453125,0.07612614333629608,0.027809245511889458,0.2817520797252655,0.28878071904182434,151.99908447265625,2474.96826171875,1143.14990234375,1591.2841796875,457.6127014160156,0.04817867651581764,0.030193407088518143,22.711793899536133,6.576502799987793,classical,classical.00061.wav
-305.422607421875,135.92340087890625,-11.75271224975586,18.21502113342285,10.389049530029297,3.0129587650299072,-5.5959153175354,0.14172546565532684,-1.3495618104934692,-1.867753267288208,-3.205263614654541,-6.7425217628479,-2.694417715072632,139.76177978515625,32.48661804199219,21.47177505493164,10.405195236206055,12.172965049743652,7.847431182861328,9.335309028625488,6.607743263244629,7.308969020843506,5.795376777648926,7.0717644691467285,6.724313735961914,7.745543003082275,1474.813720703125,668.064453125,0.07404603809118271,0.03514638543128967,0.32029324769973755,0.2980903685092926,89.10291290283203,2809.8330078125,1636.5689697265625,1813.3646240234375,514.9681396484375,0.03892679885029793,0.0361783392727375,20.69442367553711,6.025031566619873,classical,classical.00062.wav
-465.86431884765625,180.2053985595703,56.636234283447266,11.02556037902832,5.844780445098877,0.7319183945655823,-3.974208116531372,-5.88804817199707,-8.464273452758789,-9.792966842651367,-7.692700386047363,-3.253418445587158,-1.8652483224868774,38.54915237426758,20.848520278930664,17.960189819335938,11.725822448730469,6.995511054992676,6.953659534454346,6.63114070892334,6.582176685333252,6.545193195343018,6.445011615753174,7.047359466552734,6.7252936363220215,7.139606952667236,690.35400390625,89.20635223388672,0.036054205149412155,0.00663295341655612,0.2267465889453888,0.2931307256221771,95.703125,749.52880859375,121.68623352050781,1358.386474609375,279.2519226074219,0.020152481272816658,0.013462424278259277,19.78842544555664,5.757781982421875,classical,classical.00063.wav
-498.68023681640625,145.6677703857422,46.470741271972656,15.253131866455078,3.0677740573883057,-0.8257449865341187,-5.210668087005615,-6.198704719543457,-3.8057758808135986,0.08864203840494156,2.7183187007904053,2.218207359313965,0.24392761290073395,67.73988342285156,30.07611846923828,28.604969024658203,15.244344711303711,9.662044525146484,9.284137725830078,9.019142150878906,7.913224697113037,8.626588821411133,10.265798568725586,9.32981014251709,7.650921821594238,8.67863941192627,1118.51171875,308.13885498046875,0.0422990657389164,0.012412359938025475,0.198929101228714,0.2865194082260132,89.10291290283203,1876.213623046875,1363.8712158203125,1945.033447265625,567.2109375,0.012561124749481678,0.013867905363440514,19.708133697509766,6.091996669769287,classical,classical.00064.wav
-421.71588134765625,172.79299926757812,28.108295440673828,-2.576975107192993,-3.5656778812408447,-4.865173816680908,-8.889884948730469,-10.696762084960938,-7.6852006912231445,-7.957630634307861,-7.334867000579834,-2.717174768447876,-0.9175328016281128,69.63502502441406,25.069345474243164,32.159942626953125,13.275837898254395,10.817614555358887,9.681495666503906,10.359530448913574,10.928993225097656,10.23421859741211,10.010066032409668,11.270849227905273,13.523866653442383,12.840618133544922,828.8255004882812,121.64715576171875,0.04751180484890938,0.014663808047771454,0.20719388127326965,0.2915811538696289,123.046875,1013.5772094726562,274.85491943359375,1326.04736328125,334.29669189453125,0.029191138222813606,0.022433560341596603,19.78764533996582,5.584321975708008,classical,classical.00065.wav
-429.3504333496094,175.13577270507812,31.911319732666016,4.282115459442139,1.0457514524459839,-5.7668776512146,-9.477814674377441,-11.283073425292969,-10.58198070526123,-8.66474723815918,-6.333889961242676,-1.6819392442703247,0.8189264535903931,64.98822021484375,29.929533004760742,27.663726806640625,12.217207908630371,9.727638244628906,8.19885540008545,8.138007164001465,8.841018676757812,7.98496150970459,8.534218788146973,10.33439826965332,11.005221366882324,11.698724746704102,795.1394653320312,186.369873046875,0.04503222927451134,0.00967442151159048,0.18708832561969757,0.28568774461746216,135.99917602539062,1007.5022583007812,497.88653564453125,1296.1593017578125,351.98822021484375,0.03171597048640251,0.023293355479836464,20.74862289428711,6.202202320098877,classical,classical.00066.wav
-413.571533203125,143.42080688476562,31.35431671142578,14.031841278076172,1.5281579494476318,-2.2939951419830322,-6.480335712432861,-8.104997634887695,-5.927911281585693,-4.468453884124756,-2.7899303436279297,-0.814875066280365,-1.2128331661224365,107.40965270996094,47.851200103759766,37.34423828125,13.529726028442383,12.927327156066895,9.753758430480957,10.40672779083252,10.825285911560059,8.587626457214355,8.60844612121582,7.9320244789123535,7.211981773376465,8.468843460083008,1117.949462890625,675.7249755859375,0.04635535180568695,0.01652557961642742,0.2675058841705322,0.30013251304626465,143.5546875,1993.387939453125,2045.8663330078125,1702.229736328125,760.0087280273438,0.03167726472020149,0.03648886829614639,19.389080047607422,5.597336292266846,classical,classical.00067.wav
-234.41783142089844,130.2551727294922,-39.53114318847656,19.33563804626465,-6.793274879455566,-5.130112648010254,-3.7073676586151123,-4.036016464233398,-5.0718770027160645,-1.3683323860168457,-7.735770225524902,-4.382000923156738,0.46520522236824036,63.37788009643555,16.013744354248047,11.088760375976562,7.827436923980713,8.212187767028809,6.282903671264648,7.0267415046691895,8.486809730529785,10.536060333251953,6.500589370727539,8.486791610717773,9.135135650634766,9.690948486328125,1559.898681640625,234.31515502929688,0.09520237147808075,0.018439890816807747,0.2572881877422333,0.2915803790092468,83.35433197021484,2812.96630859375,490.9795227050781,1616.12744140625,215.4309539794922,0.057378534227609634,0.02972220815718174,22.16944122314453,4.617446422576904,classical,classical.00068.wav
-321.17950439453125,136.29669189453125,-28.29936408996582,31.011459350585938,0.5664154887199402,0.23202675580978394,0.6554856300354004,-1.3426684141159058,-0.05769699439406395,-0.4247514605522156,-6.180905342102051,-0.14451801776885986,-0.45611709356307983,41.99681091308594,16.868377685546875,14.048755645751953,10.074851989746094,7.3672332763671875,8.38408088684082,7.349368572235107,6.840330123901367,6.92060661315918,7.8381524085998535,8.201573371887207,8.476526260375977,9.671109199523926,1349.5963134765625,203.77122497558594,0.079280324280262,0.02098231576383114,0.2366889864206314,0.2920442819595337,69.83741760253906,2443.718505859375,399.57781982421875,1523.0865478515625,186.45370483398438,0.02914920635521412,0.012187736108899117,22.74797821044922,5.29974889755249,classical,classical.00069.wav
-321.192626953125,134.5342559814453,-18.235279083251953,22.179880142211914,0.42954105138778687,-3.805614948272705,0.49535295367240906,-1.1447423696517944,-1.9025487899780273,-0.10540185868740082,-2.7555181980133057,0.5932069420814514,2.4970192909240723,84.75477600097656,23.95471954345703,18.50882339477539,9.200347900390625,9.115321159362793,7.343724727630615,7.006906986236572,7.380882263183594,8.687013626098633,9.05372142791748,8.149285316467285,10.283617973327637,8.88876724243164,1355.999755859375,298.0140380859375,0.07085596024990082,0.023769307881593704,0.2442457526922226,0.29651695489883423,161.4990234375,2522.843017578125,612.9043579101562,1615.8946533203125,271.760498046875,0.03190400078892708,0.026206590235233307,21.28980255126953,4.780303955078125,classical,classical.00070.wav
-269.6988220214844,136.47506713867188,-25.001760482788086,26.395002365112305,0.6870049238204956,-5.381706237792969,-1.1201947927474976,-1.5102577209472656,-0.16106204688549042,-3.7851603031158447,-9.287220001220703,-3.148440361022949,1.641606330871582,70.45670318603516,20.194089889526367,14.961592674255371,8.970952033996582,8.381132125854492,5.480290412902832,7.18062686920166,10.072043418884277,9.603158950805664,8.028974533081055,9.034709930419922,9.718039512634277,9.790772438049316,1396.7861328125,270.3147277832031,0.07585706561803818,0.023570522665977478,0.20815394818782806,0.28747764229774475,143.5546875,2615.0341796875,522.1648559570312,1574.0882568359375,222.9770050048828,0.051699068397283554,0.03989355266094208,21.08049201965332,4.820625305175781,classical,classical.00071.wav
-360.8370361328125,138.98072814941406,-12.931410789489746,33.80207061767578,7.593800067901611,-1.709073543548584,1.0358476638793945,4.076970100402832,3.931011438369751,0.9335501790046692,0.5041115880012512,4.6821160316467285,3.3401989936828613,82.25546264648438,28.99398422241211,14.175500869750977,9.102296829223633,7.5640692710876465,5.945145130157471,6.131584167480469,5.780922889709473,7.383304595947266,9.922815322875977,13.258035659790039,12.894903182983398,8.769201278686523,1285.15234375,358.71527099609375,0.06374980509281158,0.02860228344798088,0.2794419527053833,0.29260870814323425,117.4538345336914,2477.143310546875,680.30224609375,1660.026123046875,268.34588623046875,0.020721398293972015,0.014195660129189491,20.99687957763672,4.744018077850342,classical,classical.00072.wav
-306.7855529785156,152.90353393554688,-27.58682632446289,16.31919288635254,-3.1550989151000977,-8.931758880615234,-5.431834697723389,-9.781289100646973,-7.1121745109558105,0.29346588253974915,0.8718292117118835,5.4160614013671875,8.19581413269043,75.52226257324219,25.93236541748047,18.663314819335938,15.203080177307129,13.280631065368652,10.224152565002441,8.641579627990723,9.315449714660645,8.618426322937012,7.973286151885986,11.993124961853027,14.103358268737793,13.199362754821777,1211.352783203125,323.9495849609375,0.07093910127878189,0.022189483046531677,0.21632729470729828,0.2906399369239807,129.19921875,2104.74560546875,667.8466186523438,1337.895263671875,303.2322998046875,0.04381232708692551,0.023809151723980904,21.515281677246094,4.96406364440918,classical,classical.00073.wav
-289.8247985839844,143.9031524658203,-26.996417999267578,24.0676212310791,-1.1449987888336182,-6.298981189727783,-2.7494168281555176,-3.5280802249908447,-3.0203988552093506,-3.1464948654174805,-7.256324768066406,-1.6778024435043335,3.0785980224609375,84.77154541015625,21.011960983276367,11.4940185546875,8.367142677307129,8.0507230758667,8.293493270874023,6.32014274597168,6.1720452308654785,8.153153419494629,7.581167697906494,6.841816425323486,7.396493434906006,8.472771644592285,1360.0001220703125,296.75286865234375,0.07211672514677048,0.022112688049674034,0.23741012811660767,0.2884480357170105,161.4990234375,2568.776123046875,598.736328125,1572.52294921875,241.5614471435547,0.037271156907081604,0.02676887810230255,20.44117546081543,4.00685453414917,classical,classical.00074.wav
-412.9592590332031,138.51983642578125,-19.26238250732422,34.14668273925781,8.97506332397461,-4.294471263885498,4.152583122253418,0.8819504380226135,3.079378604888916,0.12249623239040375,-4.05718469619751,3.7797231674194336,5.917003154754639,61.39418029785156,28.279605865478516,16.35191535949707,8.580562591552734,9.024974822998047,6.002459526062012,7.503427982330322,7.605231285095215,7.072004318237305,8.500024795532227,11.207878112792969,11.098069190979004,12.635534286499023,1171.844482421875,284.7026672363281,0.060884740203619,0.025786267593503,0.21740315854549408,0.29295217990875244,117.4538345336914,2235.986572265625,568.2076416015625,1467.20556640625,195.97901916503906,0.016478458419442177,0.009989277459681034,22.691635131835938,5.6339545249938965,classical,classical.00075.wav
-238.5963134765625,149.7830810546875,-28.872142791748047,28.239665985107422,-0.8014046549797058,-3.924771547317505,-2.1356680393218994,-4.334019184112549,-4.187280654907227,-3.438997983932495,-5.771542549133301,-0.12075097113847733,2.519979476928711,73.95067596435547,23.749902725219727,13.249539375305176,8.886808395385742,8.031623840332031,5.454052448272705,5.73799991607666,5.411198139190674,5.732674598693848,5.875284194946289,7.347482681274414,9.174288749694824,9.930977821350098,1340.36865234375,267.5069885253906,0.07171347737312317,0.022655462846159935,0.2604590654373169,0.2899227738380432,172.265625,2522.134765625,509.1125183105469,1539.119140625,223.1665496826172,0.05884205922484398,0.037542130798101425,20.393585205078125,4.335270881652832,classical,classical.00076.wav
-477.97784423828125,155.3107147216797,12.760652542114258,5.525207042694092,2.377072811126709,-10.652257919311523,-16.64824104309082,-12.547405242919922,-11.19011116027832,-9.378249168395996,-3.2180299758911133,-2.7673490047454834,-6.468446254730225,92.71363067626953,38.828704833984375,28.30200958251953,15.163919448852539,9.798439025878906,10.863764762878418,9.100838661193848,10.276101112365723,13.140334129333496,11.487207412719727,8.131528854370117,10.945720672607422,9.5056734085083,811.9967041015625,224.49742126464844,0.04834475740790367,0.015943551436066628,0.2190336287021637,0.29078125953674316,161.4990234375,1236.3092041015625,513.2926635742188,1009.4095458984375,272.8306579589844,0.016752148047089577,0.017732562497258186,20.794754028320312,5.881294250488281,classical,classical.00077.wav
-552.1063232421875,173.3629608154297,26.354450225830078,14.122475624084473,7.259274959564209,-7.0849690437316895,-5.859200954437256,-10.342716217041016,-11.022790908813477,-9.200838088989258,-8.82726764678955,-4.930299758911133,-3.6547000408172607,40.582542419433594,25.859636306762695,14.174654960632324,8.451181411743164,6.800320625305176,7.440609931945801,7.516487121582031,5.99113655090332,7.743523597717285,7.339288711547852,8.623215675354004,10.006458282470703,7.913647174835205,715.477294921875,209.58523559570312,0.04129340127110481,0.010510061867535114,0.22515062987804413,0.2897857129573822,67.99958801269531,1037.7020263671875,553.0596923828125,1030.6024169921875,282.8501892089844,0.006631079129874706,0.00440358417108655,19.825407028198242,5.191310882568359,classical,classical.00078.wav
-437.5252380371094,170.97140502929688,7.386170864105225,-3.1087050437927246,0.7773014903068542,-11.135055541992188,-12.523805618286133,-6.9009270668029785,-5.850052356719971,-8.455719947814941,-8.472509384155273,-8.329373359680176,-7.373799800872803,63.85527038574219,28.695240020751953,25.68337631225586,11.24557876586914,11.724910736083984,11.463842391967773,11.065162658691406,10.545816421508789,13.924882888793945,11.24871826171875,12.618785858154297,14.729174613952637,11.227195739746094,790.4782104492188,180.00794982910156,0.05211230739951134,0.019085273146629333,0.21772773563861847,0.291972815990448,143.5546875,1159.4013671875,377.8450012207031,899.9797973632812,209.76649475097656,0.018843520432710648,0.012051326222717762,20.256633758544922,5.469183921813965,classical,classical.00079.wav
-549.623779296875,156.95286560058594,6.6107096672058105,34.415283203125,13.258631706237793,5.755012035369873,5.051405429840088,-3.0009751319885254,2.0665762424468994,3.077338218688965,2.016796112060547,3.2401437759399414,5.666260719299316,87.91724395751953,39.01180648803711,23.34687614440918,8.65794849395752,8.03795337677002,8.443401336669922,9.024744987487793,8.612784385681152,7.31386661529541,5.532987117767334,6.553430557250977,5.530004024505615,4.157429218292236,973.5548095703125,307.0071716308594,0.031537603586912155,0.011244876310229301,0.43804651498794556,0.3067964017391205,143.5546875,1911.3134765625,1025.586669921875,1617.4354248046875,455.3998718261719,0.005269665736705065,0.0054506175220012665,16.907470703125,4.318601131439209,classical,classical.00080.wav
-374.7354431152344,153.8209228515625,-21.555330276489258,20.8302059173584,7.00356912612915,-3.9481635093688965,-2.521589994430542,-2.8035051822662354,-4.2827653884887695,-4.499873161315918,-5.7614006996154785,-4.25962495803833,-3.843543291091919,55.63727951049805,24.244441986083984,15.040616035461426,9.685559272766113,8.237531661987305,8.29517936706543,10.1054105758667,7.826411724090576,8.202737808227539,7.69132137298584,7.016578197479248,5.96480131149292,6.98228120803833,1214.3345947265625,288.5133056640625,0.06055896729230881,0.020827313885092735,0.2668413519859314,0.2902231216430664,151.99908447265625,2164.428466796875,565.13232421875,1540.2928466796875,234.12379455566406,0.016512703150510788,0.007008882239460945,20.72281837463379,4.559967517852783,classical,classical.00081.wav
-264.05682373046875,142.12022399902344,-51.3542594909668,5.018921375274658,-20.266204833984375,-17.137805938720703,-16.06991958618164,-20.31136703491211,-15.042227745056152,-9.73814582824707,-8.40202808380127,-11.775307655334473,-6.880457401275635,54.07283020019531,33.107913970947266,18.642967224121094,10.889716148376465,11.308121681213379,9.643684387207031,9.636475563049316,9.018206596374512,10.283143043518066,8.267568588256836,8.286581039428711,10.985541343688965,8.924460411071777,1415.3111572265625,344.8888854980469,0.08737929165363312,0.031174566596746445,0.2827168107032776,0.2883114218711853,117.4538345336914,2489.98486328125,658.9583740234375,1449.10888671875,256.2122802734375,0.042963139712810516,0.014762300066649914,22.6236629486084,4.857024669647217,classical,classical.00082.wav
-338.78729248046875,190.1043701171875,-16.3048152923584,3.7044484615325928,-0.4479043185710907,-8.88447380065918,-10.400300979614258,-16.366039276123047,-13.285848617553711,-10.799825668334961,-8.649679183959961,-8.285074234008789,-4.618802547454834,61.95249938964844,21.263166427612305,26.06070899963379,11.9495267868042,9.71122932434082,7.042629718780518,6.159958362579346,7.34136438369751,6.036080837249756,7.401782035827637,6.801905632019043,7.484938621520996,6.435271739959717,853.4404907226562,146.2321319580078,0.05079296603798866,0.010805853642523289,0.24464237689971924,0.2869962453842163,117.4538345336914,1401.89990234375,314.51318359375,998.6102905273438,168.0897979736328,0.04187244549393654,0.021725153550505638,22.25408935546875,5.066349506378174,classical,classical.00083.wav
-369.1368713378906,171.89466857910156,-27.269670486450195,6.017667293548584,-0.14046438038349152,-10.66923713684082,-11.915658950805664,-10.193318367004395,-11.368732452392578,-10.511279106140137,-8.377620697021484,-9.789240837097168,-5.0547614097595215,76.08087158203125,15.063887596130371,24.041046142578125,13.19088077545166,16.66758918762207,10.711250305175781,8.756397247314453,6.862617492675781,7.803772926330566,6.6364946365356445,6.039824962615967,6.413922309875488,6.736259460449219,1002.3644409179688,158.78140258789062,0.05794825032353401,0.013362717814743519,0.24545788764953613,0.2830878794193268,112.3471450805664,1733.6895751953125,312.47320556640625,1152.462646484375,154.7169952392578,0.021968716755509377,0.013925985433161259,21.246152877807617,4.791204929351807,classical,classical.00084.wav
-246.21836853027344,149.44387817382812,-41.97381591796875,11.60641098022461,-10.287586212158203,-4.018404483795166,-7.138944625854492,-10.1370267868042,-9.425965309143066,-7.176623344421387,-3.1531364917755127,-5.6295013427734375,-2.581601142883301,76.47038269042969,38.459651947021484,15.513177871704102,9.869555473327637,7.8205342292785645,7.559494495391846,6.770273208618164,8.250061988830566,7.97050666809082,7.856440544128418,8.821147918701172,7.8303070068359375,9.699262619018555,1525.601318359375,459.9420166015625,0.09158787876367569,0.0291534923017025,0.3096400201320648,0.2801092863082886,107.666015625,2732.875244140625,982.7080688476562,1588.1610107421875,446.5086669921875,0.03887804597616196,0.020150715485215187,19.061077117919922,4.265007972717285,classical,classical.00085.wav
-283.4352111816406,159.55325317382812,-29.518972396850586,18.540626525878906,-9.879667282104492,-3.4205968379974365,-10.990983009338379,-9.784339904785156,-8.296976089477539,-4.242829322814941,-2.8664071559906006,-5.969814777374268,-4.020927429199219,73.45308685302734,35.88231658935547,12.83271598815918,10.050240516662598,10.603728294372559,7.196112155914307,6.643123149871826,6.582974433898926,5.965739727020264,6.578064918518066,7.347480297088623,7.87333345413208,7.906170845031738,1356.5172119140625,469.8985900878906,0.07686121016740799,0.03175732493400574,0.3121316730976105,0.2854781150817871,99.38401794433594,2496.8681640625,1026.95166015625,1495.192138671875,406.93243408203125,0.031511254608631134,0.018902013078331947,19.501588821411133,4.303656101226807,classical,classical.00086.wav
-393.0342102050781,190.77561950683594,-13.312166213989258,8.263632774353027,1.5518677234649658,-11.080790519714355,-11.24487018585205,-13.998270988464355,-10.620688438415527,-9.390382766723633,-4.6135573387146,-10.067734718322754,-4.8152570724487305,71.15457153320312,19.565534591674805,24.273889541625977,8.78636646270752,8.160263061523438,7.346148490905762,6.6264753341674805,5.855257511138916,6.976059436798096,6.483230113983154,7.214955806732178,7.640174865722656,7.225600719451904,876.9627075195312,180.58755493164062,0.05104655399918556,0.012577642686665058,0.2744481563568115,0.28884801268577576,123.046875,1457.2911376953125,449.84661865234375,1108.692138671875,230.5001983642578,0.02143675647675991,0.011239037849009037,21.147249221801758,4.786319255828857,classical,classical.00087.wav
-299.79180908203125,157.32382202148438,-37.352020263671875,15.766813278198242,-5.7569355964660645,-4.454066276550293,-6.815181732177734,-10.736592292785645,-9.884847640991211,-8.15744400024414,-5.422234058380127,-7.840023517608643,-2.730618715286255,70.34012603759766,18.21405792236328,13.975194931030273,9.245680809020996,9.204129219055176,7.484884738922119,6.255723476409912,6.402839183807373,6.914866924285889,7.566147804260254,6.5054426193237305,7.18943977355957,6.566412448883057,1302.904541015625,253.73973083496094,0.07053623348474503,0.01988448202610016,0.29419058561325073,0.2910071313381195,103.359375,2347.302490234375,546.4622192382812,1455.7216796875,221.75706481933594,0.02822987549006939,0.015216460451483727,19.46351432800293,4.226122856140137,classical,classical.00088.wav
-301.928466796875,57.542442321777344,-59.133270263671875,33.54234313964844,-20.912109375,17.741283416748047,-0.6430503726005554,49.02375793457031,19.130111694335938,27.0985050201416,-17.633901596069336,-0.2625490427017212,-3.75183367729187,51.17983627319336,28.631820678710938,15.927582740783691,9.061071395874023,8.502182960510254,9.223945617675781,13.949976921081543,19.628746032714844,15.403300285339355,18.811925888061523,24.3016357421875,15.81277084350586,17.016660690307617,2423.399169921875,344.900390625,0.16668644547462463,0.03353738784790039,0.21732556819915771,0.2964470684528351,99.38401794433594,4296.81591796875,612.17138671875,1884.7467041015625,141.52479553222656,0.035119738429784775,0.014913138933479786,24.393842697143555,8.85788631439209,classical,classical.00089.wav
-326.3167419433594,85.90869903564453,-42.98691940307617,31.837812423706055,-19.5760555267334,9.992609024047852,-16.461275100708008,10.000378608703613,-8.599359512329102,25.513212203979492,6.538747310638428,16.400178909301758,3.5028579235076904,35.38276672363281,18.381860733032227,13.055636405944824,8.184839248657227,9.003849029541016,7.241083145141602,7.512918472290039,7.408610820770264,9.02634334564209,12.877058029174805,11.315484046936035,13.153949737548828,13.92041301727295,2172.5146484375,364.6369323730469,0.151986226439476,0.044230952858924866,0.21933525800704956,0.29369524121284485,95.703125,4066.958740234375,712.7733764648438,1883.38037109375,204.4571533203125,0.023853911086916924,0.01036061067134142,25.980749130249023,6.6776862144470215,classical,classical.00090.wav
-251.31829833984375,88.73773956298828,-41.75239944458008,37.90864562988281,-12.024271965026855,21.624099731445312,-5.853931427001953,25.719711303710938,-5.185972213745117,14.301179885864258,-7.550951957702637,10.464780807495117,-4.928892612457275,56.75428771972656,15.145415306091309,12.02444076538086,8.11943244934082,10.604412078857422,8.932204246520996,11.354559898376465,11.523946762084961,14.603808403015137,14.415403366088867,15.601094245910645,14.756511688232422,15.330520629882812,2192.705810546875,359.15704345703125,0.15243785083293915,0.04550773650407791,0.2258007675409317,0.29340049624443054,92.28515625,4066.4921875,624.4912109375,1912.0379638671875,166.37960815429688,0.0447186604142189,0.019870677962899208,25.773635864257812,7.2385101318359375,classical,classical.00091.wav
-299.71258544921875,103.67623901367188,-27.657272338867188,51.02833557128906,12.27966022491455,16.5087833404541,-10.941352844238281,-0.8949336409568787,3.835167169570923,12.960474967956543,-12.398089408874512,2.464722156524658,5.178436279296875,72.4447021484375,25.634614944458008,16.98394203186035,10.46874713897705,12.138019561767578,8.342585563659668,9.778186798095703,11.2747802734375,17.852737426757812,14.653674125671387,18.614837646484375,16.311134338378906,15.228693962097168,1807.430908203125,471.1292724609375,0.13095802068710327,0.0581209771335125,0.1811293065547943,0.29747113585472107,95.703125,3072.531494140625,801.0748291015625,1438.82470703125,226.34048461914062,0.08413399010896683,0.037969958037137985,25.330638885498047,7.70564603805542,classical,classical.00092.wav
-207.37747192382812,117.60778045654297,-41.40425491333008,13.253087043762207,-1.6882401704788208,15.532319068908691,-10.36276912689209,-1.8636897802352905,-12.76217269897461,7.0103325843811035,-0.7813688516616821,2.071812868118286,-8.2644681930542,40.86787796020508,14.58697509765625,23.380929946899414,12.473793029785156,8.32055950164795,10.327651023864746,12.659770965576172,11.902776718139648,9.802155494689941,11.319539070129395,14.487990379333496,12.653172492980957,13.632597923278809,1623.8299560546875,218.37615966796875,0.10825822502374649,0.02937307395040989,0.22696708142757416,0.2978758215904236,135.99917602539062,2732.10009765625,542.6951904296875,1551.481201171875,281.0214538574219,0.08248694241046906,0.04235474392771721,23.794546127319336,7.051783084869385,classical,classical.00093.wav
-385.7943115234375,128.62301635742188,-26.73168182373047,39.48326110839844,-2.1734619140625,16.760435104370117,-5.734195709228516,14.72441577911377,-3.090662717819214,12.311254501342773,-5.892706871032715,2.7925820350646973,3.6800177097320557,96.80145263671875,20.199262619018555,21.29547119140625,10.791901588439941,13.165159225463867,7.792198181152344,11.290148735046387,8.477177619934082,11.14741039276123,9.033858299255371,10.035680770874023,9.646061897277832,10.75758171081543,1424.101806640625,326.6031799316406,0.07015490531921387,0.0351264663040638,0.36893218755722046,0.300711989402771,184.5703125,2927.49072265625,700.41162109375,1697.020751953125,221.53692626953125,0.013991358689963818,0.009005173109471798,21.658029556274414,5.433170318603516,classical,classical.00094.wav
-422.6080322265625,89.84973907470703,-18.71620750427246,37.78641128540039,6.016749858856201,4.161733627319336,-1.9914650917053223,12.111291885375977,4.167896747589111,13.791266441345215,2.8296854496002197,5.886289119720459,6.122228145599365,82.79703521728516,31.839439392089844,20.931747436523438,10.435774803161621,11.800337791442871,8.914113998413086,10.302101135253906,11.105371475219727,11.37917423248291,12.198589324951172,9.19000244140625,10.29729175567627,15.750526428222656,1800.6383056640625,534.1424560546875,0.12435714900493622,0.06209782138466835,0.22755928337574005,0.29704079031944275,86.1328125,3426.4375,929.9601440429688,1780.9022216796875,250.89776611328125,0.01356380246579647,0.015148959122598171,24.0972957611084,6.416870594024658,classical,classical.00095.wav
-203.619384765625,111.2059555053711,-51.53665542602539,39.48582077026367,-10.562026023864746,11.913712501525879,-13.181607246398926,15.123318672180176,-7.29170036315918,13.37704849243164,-7.313064098358154,3.8404088020324707,-3.78200626373291,61.34740447998047,30.795970916748047,13.178933143615723,8.060453414916992,11.414155006408691,8.005151748657227,9.853263854980469,10.3826904296875,8.510109901428223,10.749892234802246,8.198439598083496,10.46749496459961,9.371238708496094,1932.837158203125,437.5833740234375,0.11752045154571533,0.04879891872406006,0.2930351495742798,0.28782033920288086,135.99917602539062,3573.16162109375,673.431884765625,1740.2335205078125,165.3355255126953,0.05697670951485634,0.028042824938893318,22.3463134765625,7.257198333740234,classical,classical.00096.wav
-280.7255859375,122.72235107421875,-14.398865699768066,26.855798721313477,1.3519740104675293,5.994227409362793,-13.104070663452148,3.375361680984497,-11.554337501525879,5.1937947273254395,-1.0517687797546387,2.7634668350219727,0.06284391134977341,33.62071228027344,15.16601276397705,13.021530151367188,6.1278815269470215,7.929805755615234,7.094504356384277,8.200230598449707,10.409612655639648,8.949658393859863,8.494152069091797,12.099446296691895,11.401223182678223,11.082132339477539,1494.1405029296875,303.7554931640625,0.08592125028371811,0.030279263854026794,0.2223227620124817,0.2885604500770569,103.359375,2781.1748046875,582.2992553710938,1670.8326416015625,177.9808349609375,0.036704182624816895,0.021552126854658127,23.314794540405273,7.099503517150879,classical,classical.00097.wav
-287.52099609375,101.73793029785156,-35.36899948120117,41.28276062011719,-12.745121955871582,17.284992218017578,-13.97829818725586,16.3118839263916,-5.59902811050415,13.66428279876709,-8.790592193603516,-0.05710599571466446,-13.769375801086426,70.55598449707031,17.46399688720703,14.58621597290039,7.487062454223633,11.320734024047852,7.3131184577941895,10.0233154296875,7.891557693481445,8.674407958984375,9.155722618103027,12.26619815826416,8.445247650146484,11.32856559753418,1953.012451171875,407.4952697753906,0.12349244952201843,0.04701986908912659,0.2899729609489441,0.2979617714881897,184.5703125,3780.543701171875,668.6600341796875,1865.8515625,150.08551025390625,0.029099641367793083,0.018219750374555588,23.257076263427734,6.979607582092285,classical,classical.00098.wav
-378.73931884765625,126.49873352050781,-18.81513023376465,42.87580871582031,-14.30518913269043,25.342689514160156,-14.641030311584473,18.70429039001465,-10.188718795776367,21.108089447021484,4.437037944793701,18.22564697265625,-10.274280548095703,22.141857147216797,12.522014617919922,5.964446544647217,5.86021089553833,7.547573566436768,6.116112232208252,5.60524320602417,6.279303073883057,8.813630104064941,7.959448337554932,6.033568382263184,8.121745109558105,7.309118270874023,1524.898681640625,216.20703125,0.08068318665027618,0.02014642208814621,0.3338889479637146,0.2805125117301941,95.703125,3325.10498046875,588.9807739257812,1868.9288330078125,146.63702392578125,0.010497971437871456,0.0020694967824965715,22.912717819213867,5.29810094833374,classical,classical.00099.wav
-23.184358596801758,70.25887298583984,3.818911075592041,28.329025268554688,13.764470100402832,5.725914478302002,3.9781453609466553,7.4515557289123535,2.64951753616333,8.495177268981934,-2.2885162830352783,2.079876661300659,-3.378119707107544,31.8974666595459,18.445404052734375,15.374104499816895,11.645461082458496,10.54783821105957,10.374817848205566,9.273741722106934,7.9569926261901855,7.815952777862549,8.507210731506348,8.552543640136719,6.475435733795166,7.920274257659912,2797.969970703125,596.4098510742188,0.1071372926235199,0.041887134313583374,0.38354596495628357,0.2849734425544739,86.1328125,6220.62890625,1342.2767333984375,2847.657470703125,325.5267333984375,0.24838431179523468,0.026706675067543983,19.80792236328125,4.130218505859375,country,country.00000.wav
-8.00119686126709,62.72800064086914,-1.458080768585205,28.115848541259766,9.972362518310547,9.353734970092773,5.420156002044678,9.82502269744873,3.0283052921295166,8.42697811126709,0.31103771924972534,6.545156002044678,0.7390595078468323,18.987031936645508,9.6528902053833,12.17939567565918,7.792746543884277,8.579517364501953,10.32039737701416,7.039093494415283,7.302872657775879,7.797084808349609,7.404032230377197,6.952225685119629,6.171800136566162,5.572092056274414,2937.832763671875,319.0632629394531,0.1269875168800354,0.029621928930282593,0.41387543082237244,0.281607061624527,129.19921875,6279.20361328125,791.559814453125,2839.5908203125,202.51300048828125,0.23043084144592285,0.02125626802444458,18.46030616760254,4.100040912628174,country,country.00001.wav
-120.72672271728516,79.31613159179688,5.453444957733154,34.8121337890625,16.550336837768555,13.15254020690918,6.239587306976318,9.98454475402832,-1.9874377250671387,6.765197277069092,-6.290685176849365,0.27700409293174744,-6.701879501342773,41.06486892700195,21.180707931518555,18.73773765563965,13.703669548034668,10.002055168151855,9.18298625946045,8.110979080200195,7.417720794677734,9.606072425842285,7.854755878448486,7.08290958404541,7.263344764709473,7.977899551391602,2307.539794921875,742.3866577148438,0.07413371652364731,0.06309381127357483,0.2972470819950104,0.3119024634361267,83.35433197021484,5187.34375,1330.6810302734375,2618.09521484375,316.6443176269531,0.146108016371727,0.039308127015829086,18.848896026611328,4.059224605560303,country,country.00002.wav
-57.759788513183594,95.7664794921875,-10.109318733215332,40.979637145996094,13.979035377502441,-0.9898583292961121,-0.18847127258777618,7.425077438354492,-3.6333374977111816,9.54513931274414,-2.9410641193389893,2.436251163482666,1.9947803020477295,36.5672721862793,28.702123641967773,20.3536319732666,13.900382041931152,11.55992603302002,13.093037605285645,10.344226837158203,10.045148849487305,10.178608894348145,8.977859497070312,8.638310432434082,8.950902938842773,7.299880027770996,2174.160400390625,755.289306640625,0.10256438702344894,0.048646699637174606,0.3769876956939697,0.28946417570114136,161.4990234375,4348.07373046875,1605.685791015625,2281.058837890625,454.8307189941406,0.20427070558071136,0.04381251707673073,20.605520248413086,4.216559410095215,country,country.00003.wav
-20.781349182128906,62.9504280090332,2.3044402599334717,30.773717880249023,6.973462104797363,6.50581169128418,6.323636531829834,9.873085975646973,3.4352970123291016,9.372201919555664,-0.40415793657302856,7.519415378570557,-0.9842739105224609,19.536479949951172,12.512723922729492,12.706579208374023,9.653580665588379,7.883638381958008,10.732003211975098,8.308581352233887,8.500849723815918,7.224203109741211,7.4369282722473145,7.239141941070557,6.46094274520874,6.592605113983154,2966.1572265625,439.2313537597656,0.1241610050201416,0.0355326272547245,0.3827643096446991,0.28605788946151733,117.4538345336914,6349.419921875,1086.0760498046875,2848.12353515625,272.9461364746094,0.20939329266548157,0.028376398608088493,18.681123733520508,3.9107558727264404,country,country.00004.wav
-24.69242286682129,62.38838577270508,-7.768984794616699,28.530288696289062,10.947265625,5.609288692474365,0.032920848578214645,13.834209442138672,3.01373028755188,9.866081237792969,0.8187443614006042,5.870721340179443,-1.2669297456741333,27.496702194213867,15.93281078338623,15.280559539794922,11.50424575805664,8.988818168640137,9.289050102233887,8.18073558807373,8.241592407226562,8.084327697753906,9.747343063354492,8.320930480957031,7.570267200469971,7.82932710647583,2926.86572265625,526.8947143554688,0.13645079731941223,0.047384943813085556,0.4173520803451538,0.28771018981933594,129.19921875,6172.42919921875,1082.054443359375,2736.2685546875,272.0208740234375,0.20384074747562408,0.038177333772182465,18.468210220336914,4.118931770324707,country,country.00005.wav
-23.146039962768555,71.35540771484375,1.3973156213760376,24.474510192871094,16.3499698638916,4.516972541809082,-3.9798617362976074,18.03827476501465,-3.3584671020507812,2.474036931991577,2.979959726333618,0.8368246555328369,-1.1464859247207642,24.340396881103516,20.720373153686523,16.531152725219727,11.695390701293945,12.482795715332031,11.330769538879395,8.877470016479492,8.158137321472168,8.411008834838867,7.630834579467773,6.959296703338623,6.6897430419921875,7.66466760635376,2800.21435546875,648.9641723632812,0.12843723595142365,0.05298633128404617,0.42083364725112915,0.28218862414360046,112.3471450805664,6004.4970703125,1410.0155029296875,2773.173095703125,327.18072509765625,0.21448013186454773,0.03988312929868698,18.943218231201172,4.016393184661865,country,country.00006.wav
-20.817459106445312,64.90751647949219,6.767101287841797,26.357126235961914,11.665423393249512,13.185628890991211,-1.9791066646575928,8.582197189331055,0.47289520502090454,7.44109582901001,-0.4149094223976135,6.945586204528809,3.660606622695923,28.347753524780273,18.357389450073242,13.926511764526367,10.722819328308105,9.762289047241211,8.153298377990723,9.339265823364258,7.5677595138549805,7.31995153427124,7.692902565002441,7.430124759674072,6.7740678787231445,6.428786754608154,2898.787353515625,614.2762451171875,0.11293582618236542,0.042239248752593994,0.42144912481307983,0.2868529260158539,103.359375,6400.052734375,1186.5338134765625,2878.966064453125,308.4945983886719,0.24406008422374725,0.025491852313280106,19.472253799438477,4.224897384643555,country,country.00007.wav
-19.723819732666016,76.66848754882812,-4.849719524383545,32.247581481933594,7.670154571533203,17.224525451660156,-1.4669177532196045,9.14332103729248,2.7177042961120605,9.111842155456543,-2.6976072788238525,7.503505706787109,0.33303114771842957,22.902484893798828,19.219284057617188,12.581663131713867,12.392752647399902,10.964520454406738,11.20421028137207,7.781813621520996,7.434594631195068,9.717079162597656,9.046762466430664,7.911389350891113,9.230530738830566,7.608513355255127,2506.16943359375,532.081298828125,0.1047397330403328,0.03445165604352951,0.3553504943847656,0.28812411427497864,66.25601196289062,5478.7919921875,1193.131103515625,2573.51513671875,345.2823791503906,0.2741972506046295,0.03205644339323044,20.422014236450195,4.232858180999756,country,country.00008.wav
12.163200378417969,58.977378845214844,0.9188626408576965,26.749126434326172,9.254704475402832,3.576305627822876,1.58315110206604,8.648173332214355,0.9710415601730347,11.627410888671875,-2.159726142883301,1.1948513984680176,0.47236940264701843,13.818474769592285,12.00732135772705,13.5184965133667,10.885604858398438,8.696586608886719,9.290090560913086,8.285003662109375,7.151427745819092,7.835941791534424,6.720541000366211,6.647068977355957,6.317812442779541,6.264101982116699,3191.484619140625,421.9966125488281,0.15687887370586395,0.04011588171124458,0.42975279688835144,0.2717230021953583,95.703125,6926.349609375,931.5198364257812,2948.097900390625,262.1756896972656,0.23653283715248108,0.03667513281106949,18.09185028076172,3.6563544273376465,country,country.00009.wav
-197.73265075683594,106.50902557373047,-4.434540748596191,37.64393997192383,-0.8606550097465515,-0.9555023312568665,-3.448014736175537,-0.051242224872112274,-9.299325942993164,-5.164658069610596,-4.245077610015869,-3.5471112728118896,-1.3499808311462402,65.21519470214844,30.60886573791504,24.04622459411621,17.87413787841797,17.296810150146484,12.700591087341309,12.071758270263672,9.504444122314453,12.335969924926758,12.41806697845459,9.932220458984375,9.769665718078613,8.673932075500488,1861.1849365234375,746.8405151367188,0.07651125639677048,0.0494128093123436,0.29136452078819275,0.30319392681121826,80.74951171875,3768.96044921875,1415.5546875,2127.18017578125,370.6423034667969,0.07468149065971375,0.033463798463344574,19.59709358215332,4.303903579711914,country,country.00010.wav
-199.09449768066406,61.18678665161133,9.970172882080078,23.455228805541992,10.26604175567627,0.021369297057390213,8.005173683166504,1.12496817111969,-4.887679576873779,9.501937866210938,-6.3442912101745605,3.86122727394104,1.628353476524353,73.16858673095703,37.52388381958008,23.43951988220215,15.499475479125977,15.163015365600586,13.334574699401855,12.736346244812012,11.479872703552246,10.967751502990723,11.257551193237305,9.399787902832031,10.457489013671875,9.890135765075684,2838.203369140625,1130.939697265625,0.11010515689849854,0.09543314576148987,0.30093860626220703,0.3075035512447357,112.3471450805664,6046.5302734375,2003.15869140625,2798.400146484375,449.1035461425781,0.07848472148180008,0.042720094323158264,21.38641929626465,5.171215534210205,country,country.00011.wav
-141.02310180664062,123.89308166503906,-2.4948008060455322,27.972536087036133,0.01281303633004427,1.2166240215301514,-11.020722389221191,-1.3764036893844604,-7.020709037780762,-6.118951320648193,-5.19248628616333,-2.1684279441833496,-4.593888282775879,44.46575927734375,34.021400451660156,18.325803756713867,14.834348678588867,14.244948387145996,9.068672180175781,10.994600296020508,9.998421669006348,8.189175605773926,8.188304901123047,10.044390678405762,7.566526412963867,7.413807392120361,1667.8626708984375,685.1295776367188,0.06406763941049576,0.033248379826545715,0.2964994013309479,0.3000178635120392,89.10291290283203,3440.69580078125,1663.8304443359375,2053.191650390625,528.388427734375,0.1268782764673233,0.044439997524023056,19.309267044067383,4.423738956451416,country,country.00012.wav
-126.18547058105469,77.63613891601562,3.1659162044525146,19.950847625732422,10.833183288574219,0.7266966104507446,5.217695713043213,-0.4929521381855011,-0.999363124370575,5.389013290405273,-3.735502004623413,-3.500471353530884,-5.331846714019775,45.64132308959961,23.192752838134766,18.685165405273438,10.3174409866333,13.153554916381836,10.192544937133789,9.538225173950195,8.867151260375977,8.832313537597656,9.334450721740723,7.387868881225586,6.796575546264648,7.0555925369262695,2812.41455078125,723.2394409179688,0.12956497073173523,0.04883861169219017,0.3681032061576843,0.2938500940799713,129.19921875,6062.8466796875,1682.205810546875,2842.08251953125,418.730224609375,0.08002934604883194,0.033342573791742325,18.68514060974121,4.496005535125732,country,country.00013.wav
-124.63310241699219,72.52176666259766,16.713680267333984,18.248218536376953,12.224788665771484,8.088155746459961,7.982229232788086,-0.5219014883041382,2.3674657344818115,-0.5643610954284668,-5.573391437530518,0.5387731790542603,-5.0671539306640625,48.315887451171875,24.349166870117188,17.606943130493164,13.42468547821045,10.996018409729004,8.943239212036133,8.176419258117676,7.817506313323975,8.7023286819458,7.629444599151611,7.026402473449707,7.81353759765625,7.845142364501953,2951.94873046875,983.3131713867188,0.12474225461483002,0.08164670318365097,0.3647681474685669,0.2969367206096649,135.99917602539062,6568.84375,1633.0516357421875,3036.2060546875,354.249755859375,0.09264680743217468,0.032391056418418884,18.999563217163086,4.602313995361328,country,country.00014.wav
-116.17637634277344,111.72994995117188,-5.24551248550415,33.995697021484375,-12.458563804626465,4.250616550445557,-14.428153038024902,8.494948387145996,-8.198229789733887,-1.3456501960754395,-12.559845924377441,-5.005492210388184,-2.149932384490967,49.395572662353516,28.803203582763672,18.1220645904541,9.905096054077148,10.455737113952637,7.369265079498291,8.272278785705566,9.295257568359375,9.737218856811523,7.219788074493408,6.16288948059082,6.441247940063477,5.76025915145874,1959.3372802734375,596.8204956054688,0.09426625072956085,0.04685038700699806,0.3796984851360321,0.282120019197464,151.99908447265625,4208.89111328125,1247.001953125,2147.103515625,320.90435791015625,0.10473949462175369,0.0258439090102911,18.73760986328125,4.685494899749756,country,country.00015.wav
-210.17332458496094,139.61767578125,-16.979991912841797,58.00302505493164,-9.65481185913086,-1.964507818222046,-18.00123405456543,-8.207505226135254,-11.778446197509766,-7.882442951202393,0.6071054339408875,-9.965226173400879,-6.466773986816406,57.792240142822266,28.637115478515625,28.38666343688965,14.29901123046875,15.269635200500488,9.107382774353027,9.510176658630371,7.814722061157227,8.732961654663086,7.511263847351074,9.85767936706543,6.5919694900512695,6.239518165588379,1425.8089599609375,481.77471923828125,0.06017386168241501,0.024269573390483856,0.3225773572921753,0.2969835102558136,107.666015625,2880.507568359375,1166.722900390625,1648.6148681640625,331.4112548828125,0.07976905256509781,0.02749483659863472,19.5944766998291,4.666607856750488,country,country.00016.wav
-171.33900451660156,137.3545684814453,7.964578628540039,28.53956413269043,2.7081968784332275,-0.5015100836753845,-2.9561004638671875,-1.1593420505523682,-6.159660816192627,-2.4005284309387207,-5.853388786315918,-2.166609287261963,-5.343712329864502,57.67680740356445,32.472713470458984,11.35498332977295,9.639707565307617,12.020755767822266,7.738970756530762,5.877518177032471,8.14968204498291,7.466302394866943,7.962721347808838,7.183119297027588,6.613917350769043,5.988577365875244,1469.784912109375,532.9652709960938,0.06385599821805954,0.02857435680925846,0.35718655586242676,0.28404346108436584,89.10291290283203,2966.873779296875,1361.2310791015625,1959.9876708984375,446.5459289550781,0.08870291709899902,0.01860712468624115,18.749614715576172,4.404596328735352,country,country.00017.wav
-131.1485595703125,102.99636840820312,-11.533306121826172,17.739639282226562,16.96238899230957,4.435607433319092,1.296534538269043,3.41845965385437,-1.4990546703338623,1.6171722412109375,-7.983499050140381,-0.8249753713607788,-8.876750946044922,44.53898239135742,23.146726608276367,18.25955581665039,12.779117584228516,12.665072441101074,11.813603401184082,10.89376449584961,8.905964851379395,8.114495277404785,9.472620010375977,7.533247947692871,8.198620796203613,7.497932434082031,2068.772705078125,585.3233642578125,0.09561053663492203,0.04034174978733063,0.3699391782283783,0.2873973548412323,86.1328125,4098.03369140625,1433.765380859375,2370.01953125,379.40130615234375,0.09677968919277191,0.03180070221424103,19.820926666259766,4.027950286865234,country,country.00018.wav
-256.0635681152344,163.1016082763672,-22.872879028320312,26.93337059020996,15.301941871643066,-3.5052199363708496,4.217087268829346,-0.7930168509483337,-9.463186264038086,1.756961464881897,-4.423062324523926,-3.6401736736297607,-4.252334117889404,72.56438446044922,29.562829971313477,26.95037269592285,19.45856285095215,15.626439094543457,12.684361457824707,12.74741268157959,9.963127136230469,9.294210433959961,7.807318210601807,7.818293571472168,7.020565032958984,7.151165962219238,1138.6702880859375,402.2637939453125,0.05095963180065155,0.03180370852351189,0.3157433569431305,0.30546247959136963,83.35433197021484,2117.470458984375,829.0838012695312,1462.04541015625,274.14324951171875,0.08205685764551163,0.056474607437849045,20.382030487060547,5.0832390785217285,country,country.00019.wav
-161.0912322998047,74.7069091796875,22.421598434448242,46.01198959350586,5.269036293029785,25.112390518188477,-0.5864292979240417,10.375497817993164,-6.83021879196167,5.049812316894531,-0.769786536693573,1.4022417068481445,-6.011288642883301,72.96217346191406,36.948055267333984,16.077871322631836,19.827348709106445,15.19092082977295,10.579183578491211,11.351832389831543,8.77723217010498,11.125391006469727,11.52824878692627,7.100826740264893,8.590903282165527,8.24545955657959,2409.267822265625,1034.338623046875,0.08685813099145889,0.07362531870603561,0.3655446469783783,0.29310163855552673,103.359375,5215.7353515625,1812.974853515625,2533.23095703125,391.9285888671875,0.10520260781049728,0.03146624192595482,19.987001419067383,4.342949390411377,country,country.00020.wav
-209.38938903808594,167.13980102539062,-20.86545181274414,36.81765365600586,10.305033683776855,3.9740636348724365,-5.662354469299316,-4.638091564178467,-6.23797082901001,-4.1778645515441895,-6.688474178314209,-3.263476848602295,-7.967005252838135,52.00715255737305,21.612634658813477,18.449899673461914,17.939546585083008,17.296356201171875,11.175046920776367,12.43411922454834,10.227724075317383,10.245267868041992,9.249283790588379,9.34477424621582,7.251453876495361,7.45626163482666,1043.9737548828125,321.1190185546875,0.04559534043073654,0.019623294472694397,0.288941353559494,0.3019467294216156,107.666015625,1945.0382080078125,746.3448486328125,1393.023681640625,226.99813842773438,0.10983680188655853,0.04092574492096901,20.306184768676758,4.813353538513184,country,country.00021.wav
-195.12416076660156,114.29300689697266,0.001429554889909923,38.178550720214844,11.291479110717773,-6.07515811920166,1.218828558921814,-0.004193096421658993,-15.420766830444336,-3.570899724960327,-6.125418186187744,-4.500051021575928,-0.12475666403770447,55.88364028930664,20.944400787353516,21.10567283630371,15.899984359741211,16.91046714782715,15.152563095092773,12.702594757080078,9.534917831420898,12.390809059143066,9.8655366897583,9.587750434875488,9.430211067199707,8.015008926391602,1719.337158203125,419.93450927734375,0.06805325299501419,0.026146790012717247,0.3214172422885895,0.3005097806453705,184.5703125,3448.595703125,1083.0009765625,2141.934326171875,327.5334167480469,0.07503542304039001,0.032033771276474,19.833595275878906,4.545409679412842,country,country.00022.wav
-353.0542297363281,110.63209533691406,32.743377685546875,24.164182662963867,18.746185302734375,5.92488956451416,-1.7401658296585083,3.8813748359680176,-2.9872539043426514,-1.9034862518310547,-2.8664543628692627,-0.9788744449615479,-6.4891204833984375,80.4656982421875,28.24404525756836,26.41408920288086,16.591115951538086,15.213644027709961,11.139137268066406,10.644132614135742,9.328426361083984,10.19383716583252,7.719324588775635,9.227840423583984,9.845794677734375,8.130681991577148,1496.569091796875,790.3270263671875,0.03548126667737961,0.043580878525972366,0.30551111698150635,0.31440016627311707,83.35433197021484,3056.18994140625,2098.097900390625,2333.083984375,496.04083251953125,0.038845717906951904,0.02164250798523426,20.3718318939209,5.282869338989258,country,country.00023.wav
-199.98284912109375,109.12154388427734,-5.546024322509766,48.13289260864258,1.2039802074432373,4.597491264343262,-9.15217399597168,-1.471274971961975,-11.665059089660645,-5.204099178314209,-11.550537109375,4.978348255157471,-4.9808197021484375,74.72285461425781,40.18654251098633,17.839557647705078,15.387895584106445,19.599395751953125,14.18569564819336,12.198644638061523,9.6672945022583,8.485898971557617,10.950812339782715,8.093988418579102,10.34029769897461,8.461335182189941,1739.3211669921875,756.5200805664062,0.08245982229709625,0.047732170671224594,0.2704443335533142,0.3012160658836365,129.19921875,3425.529296875,1531.8056640625,1907.3936767578125,399.23724365234375,0.09660106897354126,0.04094678536057472,21.411476135253906,5.032958984375,country,country.00024.wav
-200.5531768798828,119.65538024902344,-3.6046814918518066,31.952964782714844,9.957965850830078,15.293296813964844,0.6486003994941711,0.23646201193332672,-4.4767165184021,-2.310882329940796,-5.255605220794678,-2.473747730255127,-6.0480217933654785,63.48976516723633,31.6086483001709,17.507339477539062,16.491926193237305,14.281791687011719,13.229687690734863,9.959628105163574,9.780495643615723,8.58430004119873,9.076854705810547,8.016489028930664,7.312499523162842,8.277478218078613,1565.768310546875,642.2697143554688,0.05730313062667847,0.0397564135491848,0.34731099009513855,0.298587441444397,73.828125,3190.105712890625,1412.241943359375,2016.505615234375,386.6138916015625,0.07990662008523941,0.033665381371974945,19.8382568359375,4.295881748199463,country,country.00025.wav
-194.26962280273438,151.78431701660156,-3.034252643585205,29.480588912963867,9.101757049560547,5.985581398010254,3.78444504737854,3.7657220363616943,-5.869409561157227,1.5940247774124146,-3.766415596008301,0.9295918941497803,1.9723039865493774,55.90336227416992,31.181978225708008,20.132308959960938,18.175901412963867,17.054134368896484,12.16646671295166,12.21448040008545,12.150965690612793,10.536432266235352,9.909704208374023,9.804539680480957,8.185275077819824,8.467144012451172,1270.4149169921875,522.1277465820312,0.054831866174936295,0.029952291399240494,0.32973629236221313,0.2899066209793091,107.666015625,2498.260009765625,1263.440185546875,1702.2960205078125,366.04156494140625,0.10049913078546524,0.036178238689899445,19.832223892211914,4.7621612548828125,country,country.00026.wav
-100.73442840576172,106.97025299072266,-27.180389404296875,29.091337203979492,5.039496898651123,-5.429043292999268,3.24574613571167,-5.1666436195373535,-5.103821277618408,-0.8067116737365723,-3.8309824466705322,-2.7171006202697754,-6.651432037353516,43.99921417236328,21.14878273010254,23.913818359375,15.36612606048584,14.898798942565918,11.339405059814453,10.869529724121094,6.843414306640625,8.304020881652832,7.665407657623291,6.697849273681641,7.178062915802002,6.527157783508301,2012.1998291015625,425.3580017089844,0.09739509969949722,0.030560439452528954,0.3917749226093292,0.28635329008102417,92.28515625,3908.326416015625,1050.7579345703125,2140.549560546875,410.3933410644531,0.11655924469232559,0.032056741416454315,19.417905807495117,5.698494911193848,country,country.00027.wav
-169.19261169433594,132.806640625,-13.484967231750488,31.18226432800293,6.335588455200195,-3.7656242847442627,-2.0574629306793213,-3.6175503730773926,-4.556713104248047,1.2857977151870728,-6.986225128173828,-7.255014896392822,-1.3873172998428345,40.049644470214844,18.360532760620117,16.34636878967285,12.693684577941895,12.722161293029785,10.19123363494873,8.64859676361084,8.37884521484375,11.477136611938477,8.452187538146973,7.573244571685791,8.990090370178223,7.601747989654541,1474.0009765625,348.46563720703125,0.05981898680329323,0.02437201887369156,0.31836503744125366,0.29753416776657104,89.10291290283203,2925.357421875,772.420654296875,1885.7962646484375,278.6060485839844,0.09411101788282394,0.030844995751976967,20.61082649230957,5.208018779754639,country,country.00028.wav
-171.28872680664062,160.4967041015625,-17.804439544677734,30.512203216552734,7.514743804931641,-8.25604248046875,-5.670382499694824,0.13195087015628815,-8.836377143859863,-2.6552681922912598,0.7057316303253174,-3.7849600315093994,-6.500516414642334,47.40761947631836,24.78814125061035,21.977182388305664,13.298724174499512,13.606633186340332,11.63611888885498,8.540814399719238,8.522357940673828,8.756542205810547,7.248849868774414,9.729801177978516,7.604909420013428,7.525026798248291,1214.054931640625,382.9116516113281,0.0542086660861969,0.021584337577223778,0.309946209192276,0.29863640666007996,89.10291290283203,2274.111328125,977.7796020507812,1555.385009765625,391.70208740234375,0.11707953363656998,0.04504552483558655,19.33475685119629,4.090146064758301,country,country.00029.wav
-277.1022033691406,128.25643920898438,42.4285888671875,37.69783020019531,12.78097152709961,9.599223136901855,-5.983116626739502,-7.538271903991699,-8.034318923950195,-4.942378044128418,-6.530048370361328,-3.6279537677764893,-7.228426456451416,62.084808349609375,29.732378005981445,16.938068389892578,9.984899520874023,11.038721084594727,10.214929580688477,10.15693187713623,8.681292533874512,9.369420051574707,9.474565505981445,10.269221305847168,10.89930534362793,10.753129005432129,1240.5894775390625,580.3726196289062,0.04284403473138809,0.015186132863163948,0.22133958339691162,0.2935777008533478,161.4990234375,2412.918701171875,1908.7215576171875,1996.8404541015625,534.4884643554688,0.07961926609277725,0.04654206708073616,22.087095260620117,5.10057258605957,country,country.00030.wav
-130.4947052001953,104.13706970214844,-19.26140022277832,34.15361785888672,5.413920879364014,-2.166883945465088,-0.7268798351287842,-2.8929858207702637,-5.459535121917725,4.080211639404297,-4.462240695953369,3.5235819816589355,2.1470131874084473,46.53218078613281,28.99643325805664,17.573123931884766,12.031440734863281,11.97899341583252,9.473371505737305,10.559581756591797,9.992341041564941,8.222664833068848,9.1204252243042,7.672891616821289,8.245830535888672,7.696048736572266,2052.9375,719.197265625,0.09529609978199005,0.049424976110458374,0.31330618262290955,0.2861419916152954,112.3471450805664,4094.358642578125,1426.0780029296875,2187.74951171875,456.2456970214844,0.10080858319997787,0.03520170971751213,20.94342613220215,4.412449359893799,country,country.00031.wav
-237.99351501464844,97.70346069335938,6.526741981506348,45.97761535644531,2.154768466949463,16.221973419189453,8.825113296508789,7.767008304595947,-0.5937919616699219,4.480260372161865,0.1409159153699875,3.0210771560668945,-1.663800597190857,68.26213073730469,31.35110092163086,18.899213790893555,14.692184448242188,14.438042640686035,8.72357177734375,9.6393461227417,9.327171325683594,9.475810050964355,8.409797668457031,7.496097564697266,6.900148868560791,9.72875690460205,1823.4329833984375,741.2430419921875,0.06760162860155106,0.045078739523887634,0.33104124665260315,0.3021199703216553,99.38401794433594,4016.80078125,1497.825439453125,2206.258056640625,461.9399719238281,0.06050447002053261,0.03489638864994049,23.325944900512695,4.977474689483643,country,country.00032.wav
-133.3365020751953,78.99036407470703,-5.6506476402282715,35.522865295410156,-7.547708511352539,7.92803955078125,2.7298073768615723,0.39645376801490784,-1.1331299543380737,-1.1071386337280273,-7.8454437255859375,-1.1711784601211548,-4.8140177726745605,64.49481201171875,27.2696475982666,21.789461135864258,19.32423210144043,12.804250717163086,11.447989463806152,10.936654090881348,10.45495891571045,9.419958114624023,8.542961120605469,9.420886993408203,8.476112365722656,7.992835998535156,2456.5556640625,675.8869018554688,0.12361565232276917,0.05666182190179825,0.3167600631713867,0.30003854632377625,92.28515625,4914.728515625,1264.5953369140625,2387.530029296875,391.7024841308594,0.10454683005809784,0.0480307936668396,20.987577438354492,4.997653484344482,country,country.00033.wav
-153.8673553466797,83.68424987792969,-8.418766975402832,13.969093322753906,13.551848411560059,3.773253917694092,3.0063745975494385,6.347874164581299,2.06679630279541,2.075455665588379,3.195274591445923,-0.47532379627227783,-3.025930881500244,53.41465759277344,28.96649169921875,25.0738525390625,12.952205657958984,12.166001319885254,14.579322814941406,10.359443664550781,8.750514030456543,9.398386001586914,9.319226264953613,9.835831642150879,8.666664123535156,8.939059257507324,2614.128173828125,890.0026245117188,0.11928687989711761,0.05807950347661972,0.3592577874660492,0.3019742965698242,135.99917602539062,5435.150390625,2001.437255859375,2655.918212890625,526.5693359375,0.07824791222810745,0.03989316523075104,19.20610809326172,5.686869144439697,country,country.00034.wav
-120.38322448730469,95.34891510009766,-6.00827169418335,25.168930053710938,20.961814880371094,-7.139915466308594,8.552629470825195,2.440011978149414,-14.663630485534668,9.296396255493164,-2.3618507385253906,-3.15647292137146,0.609483540058136,40.893341064453125,26.776458740234375,17.820215225219727,17.27522087097168,15.034280776977539,13.704596519470215,8.98415470123291,9.887622833251953,9.45940113067627,11.858739852905273,9.384747505187988,8.324263572692871,7.16375207901001,2322.0771484375,737.3790893554688,0.10437124967575073,0.050576452165842056,0.3759380877017975,0.28561073541641235,99.38401794433594,4581.23046875,1628.744384765625,2545.625732421875,394.8696594238281,0.09997189790010452,0.03386293724179268,19.67540740966797,4.524643898010254,country,country.00035.wav
-339.7991027832031,97.781005859375,-9.69590950012207,50.98689651489258,7.824944496154785,11.747367858886719,0.684760570526123,2.4938344955444336,-4.775411605834961,0.19351886212825775,-5.974664688110352,-2.8948965072631836,-6.157009124755859,83.28800964355469,33.65457534790039,26.242313385009766,17.166345596313477,17.46095848083496,17.059646606445312,11.53347110748291,10.077178955078125,9.204387664794922,8.786081314086914,8.626919746398926,9.097016334533691,7.415005207061768,1827.093994140625,757.680908203125,0.08482488244771957,0.061134204268455505,0.3446478247642517,0.29379573464393616,112.3471450805664,3647.2529296875,1511.367919921875,2050.58544921875,369.328369140625,0.022713258862495422,0.015918664634227753,22.158479690551758,5.03384256362915,country,country.00036.wav
-173.44410705566406,105.05278015136719,1.1553170680999756,24.11484146118164,22.125150680541992,2.5424928665161133,-1.5812404155731201,0.17491428554058075,-5.323044300079346,3.8141825199127197,-4.523899555206299,-4.587282657623291,-1.5664961338043213,50.90431594848633,32.128684997558594,21.19719696044922,14.592374801635742,16.420259475708008,14.03900146484375,9.831754684448242,8.280410766601562,9.722704887390137,8.61827278137207,8.711503028869629,7.844397068023682,6.894744396209717,2069.18017578125,824.0269775390625,0.08500288426876068,0.050835080444812775,0.37397298216819763,0.2902347147464752,99.38401794433594,4234.3076171875,1882.6195068359375,2437.84521484375,479.0360107421875,0.07204184681177139,0.02847418561577797,18.77924919128418,4.057918548583984,country,country.00037.wav
-118.028564453125,74.16700744628906,8.28813648223877,15.46252155303955,6.154968738555908,8.443999290466309,4.118830680847168,5.738996982574463,-1.9503189325332642,3.1639108657836914,5.040856838226318,-1.1298937797546387,2.4367034435272217,43.03271484375,24.01590919494629,17.433277130126953,14.432156562805176,9.800206184387207,10.433829307556152,9.542184829711914,8.809207916259766,8.905850410461426,9.16673469543457,8.067547798156738,7.547807216644287,7.463411331176758,2860.33984375,721.17822265625,0.12115799635648727,0.04498343542218208,0.36715519428253174,0.2929190397262573,151.99908447265625,6247.037109375,1464.6209716796875,2919.863037109375,383.9035339355469,0.09092474728822708,0.030441727489233017,18.729137420654297,4.175973892211914,country,country.00038.wav
-89.73638153076172,36.28620147705078,11.469534873962402,37.49559020996094,9.199135780334473,3.740518569946289,2.840357780456543,6.811540126800537,1.467455267906189,0.09733813256025314,1.0258601903915405,1.1755473613739014,-3.5642974376678467,44.358604431152344,21.37132453918457,17.997495651245117,14.299728393554688,14.058709144592285,8.127074241638184,10.664947509765625,9.290164947509766,7.738260269165039,7.570973873138428,7.431993007659912,7.102167129516602,7.321560859680176,3760.424560546875,766.0193481445312,0.2123747617006302,0.06243235990405083,0.4378194212913513,0.27414587140083313,123.046875,7442.646484375,1315.349609375,3053.066650390625,357.29058837890625,0.09631170332431793,0.027604177594184875,18.98255157470703,4.638042449951172,country,country.00039.wav
-102.89669799804688,85.32916259765625,-4.324985027313232,30.583778381347656,3.0101559162139893,-1.9592187404632568,4.445295333862305,3.420520067214966,-4.253562927246094,-1.7713998556137085,-3.970628023147583,-1.359187126159668,-3.7630884647369385,57.49147033691406,20.53572654724121,18.65118980407715,14.383293151855469,14.475696563720703,11.498467445373535,10.331523895263672,8.1137056350708,8.997546195983887,8.014456748962402,7.739811897277832,7.550227642059326,7.684266567230225,2449.941650390625,546.7750854492188,0.10633306950330734,0.035838231444358826,0.37339210510253906,0.29338881373405457,143.5546875,5043.0029296875,1267.5777587890625,2560.461669921875,350.8178405761719,0.1089937686920166,0.03894542530179024,18.81861114501953,5.194454669952393,country,country.00040.wav
-111.69470977783203,82.26009368896484,13.068495750427246,31.930076599121094,23.683029174804688,-0.5323793292045593,12.029793739318848,3.6602065563201904,-5.738521099090576,3.3330349922180176,1.4207491874694824,0.7725829482078552,0.5596444010734558,51.31687927246094,28.403303146362305,19.766036987304688,13.180761337280273,11.883146286010742,11.64461898803711,9.09842586517334,9.664631843566895,12.44144344329834,7.601282596588135,7.668001174926758,7.0233917236328125,7.230309009552002,2634.046630859375,906.2020263671875,0.0958561822772026,0.05358683690428734,0.39776524901390076,0.28691285848617554,129.19921875,5807.623046875,2135.520751953125,2898.654296875,483.4325866699219,0.11318445205688477,0.024162082001566887,18.54315757751465,4.286011219024658,country,country.00041.wav
-101.28809356689453,84.1390151977539,7.751808166503906,30.383913040161133,13.85435962677002,11.632600784301758,-0.11175931245088577,-4.939070701599121,-2.370659589767456,-1.9748867750167847,-8.18772029876709,2.825073719024658,0.5467092394828796,39.20932388305664,18.709253311157227,14.49902629852295,12.00330638885498,10.686362266540527,9.123363494873047,7.365471839904785,8.876925468444824,7.354379653930664,7.504568576812744,7.153939723968506,7.75832462310791,7.812064170837402,2386.822265625,586.8765258789062,0.08702592551708221,0.035707052797079086,0.3916036784648895,0.29215118288993835,103.359375,5389.55078125,1280.5289306640625,2715.996826171875,344.62469482421875,0.11769700050354004,0.022267330437898636,19.405996322631836,5.380089282989502,country,country.00042.wav
-101.19902038574219,85.43054962158203,-19.695709228515625,20.584856033325195,9.973623275756836,7.594192981719971,0.10405587404966354,3.40543794631958,0.04641164839267731,1.5777521133422852,-1.4500951766967773,-1.2814346551895142,2.1464107036590576,51.719417572021484,24.628400802612305,17.739925384521484,12.738755226135254,13.019937515258789,9.03600788116455,11.407133102416992,7.907928943634033,8.5090913772583,8.57358169555664,6.978142738342285,6.65373420715332,7.379147052764893,2530.85400390625,626.587646484375,0.13430002331733704,0.04713023081421852,0.4032820165157318,0.2868066430091858,135.99917602539062,5071.7861328125,1350.360107421875,2491.487060546875,365.4042053222656,0.09496325254440308,0.03829747438430786,18.299922943115234,3.978358268737793,country,country.00043.wav
-162.72116088867188,119.81047821044922,-2.8799524307250977,20.506132125854492,27.80887222290039,5.485367298126221,6.040956020355225,1.204543948173523,-3.6995325088500977,0.34238550066947937,4.411624908447266,-0.4080612063407898,2.459360122680664,71.26000213623047,33.78339385986328,20.36370086669922,17.760221481323242,16.065452575683594,19.54827880859375,11.201416969299316,9.259331703186035,8.695971488952637,8.619551658630371,9.55288028717041,7.426643371582031,8.610447883605957,1730.559326171875,749.0922241210938,0.06652000546455383,0.03922020271420479,0.3600381910800934,0.29215362668037415,78.30255889892578,3360.93798828125,1728.910400390625,2248.639892578125,550.1378173828125,0.11366552859544754,0.03761531412601471,21.607385635375977,4.760645866394043,country,country.00044.wav
-61.23540115356445,71.2633285522461,-17.042137145996094,17.118322372436523,5.0581464767456055,-4.204788684844971,-1.667630910873413,1.173366665840149,-0.8542969822883606,4.976346969604492,-1.6956689357757568,4.8454179763793945,-0.1578167825937271,48.45711898803711,25.52588653564453,21.64165687561035,19.96080207824707,13.892326354980469,12.925355911254883,11.857335090637207,9.872960090637207,11.002732276916504,9.199661254882812,9.381787300109863,10.113362312316895,7.873979568481445,2777.114501953125,728.5211791992188,0.13296443223953247,0.05914689600467682,0.3455454707145691,0.304421991109848,78.30255889892578,5621.6328125,1398.12548828125,2647.662109375,344.7845764160156,0.14661237597465515,0.04222141578793526,18.84491729736328,4.7103376388549805,country,country.00045.wav
-126.89159393310547,103.4920654296875,-31.892566680908203,58.71932601928711,-1.9583549499511719,-3.130634069442749,-2.9370546340942383,0.36575213074684143,-3.038083553314209,-0.82976233959198,5.585165500640869,-10.142878532409668,0.7323166728019714,48.02386474609375,25.766286849975586,19.115951538085938,16.662315368652344,16.105539321899414,12.27817153930664,9.932971000671387,9.49159049987793,11.762995719909668,7.586182594299316,11.27863883972168,10.409419059753418,9.353830337524414,2109.472900390625,547.0277709960938,0.1158919706940651,0.04761132597923279,0.3741157650947571,0.2927383482456207,78.30255889892578,3843.95166015625,905.60986328125,1933.8739013671875,293.7125244140625,0.10333061963319778,0.03324902430176735,20.316007614135742,5.110160827636719,country,country.00046.wav
-165.51901245117188,117.87925720214844,-33.60674285888672,42.62331771850586,-1.3848820924758911,3.831390619277954,7.169803142547607,-7.170013904571533,-1.6314923763275146,0.875454843044281,-12.514056205749512,2.89426326751709,-12.372036933898926,42.131160736083984,24.99842643737793,15.571870803833008,16.504196166992188,11.062418937683105,8.783873558044434,8.868790626525879,7.854395866394043,8.141498565673828,8.184148788452148,8.676563262939453,7.48065710067749,8.59512996673584,1784.34521484375,446.88641357421875,0.09412943571805954,0.04013035446405411,0.3102344274520874,0.28818076848983765,151.99908447265625,3556.786865234375,938.3433227539062,1840.1470947265625,273.111083984375,0.09065508842468262,0.03127746284008026,21.629819869995117,5.138227939605713,country,country.00047.wav
-149.0001678466797,107.24382019042969,11.190145492553711,26.698795318603516,11.405787467956543,-3.808100938796997,14.028653144836426,-5.892951488494873,-11.049588203430176,2.8112707138061523,-8.445196151733398,3.1889073848724365,-0.7737127542495728,72.3292007446289,26.487943649291992,19.855031967163086,14.601202011108398,16.332813262939453,14.207442283630371,9.583582878112793,9.485676765441895,9.93897819519043,9.194951057434082,9.104525566101074,8.180136680603027,7.768829822540283,1939.716552734375,649.7647705078125,0.06397315859794617,0.03404554724693298,0.31090641021728516,0.30195820331573486,117.4538345336914,4126.216796875,1537.1173095703125,2482.43212890625,404.3653564453125,0.1169344037771225,0.0458003468811512,20.305421829223633,5.672991752624512,country,country.00048.wav
-109.98737335205078,134.7486114501953,-24.02614402770996,19.394617080688477,-4.4071760177612305,-4.814888000488281,-7.800572872161865,-0.393700510263443,-5.415931701660156,-2.9570000171661377,0.7814669013023376,-4.776980876922607,-0.1722172051668167,47.432403564453125,28.800424575805664,16.50579261779785,11.895235061645508,13.67417049407959,10.554314613342285,9.994053840637207,8.184537887573242,8.39640998840332,7.6278886795043945,7.663469314575195,7.546689033508301,6.701597213745117,1600.3408203125,495.9192810058594,0.07581624388694763,0.028124913573265076,0.32361742854118347,0.2987622320652008,112.3471450805664,3007.51513671875,1091.7545166015625,1826.5452880859375,359.5835266113281,0.14357976615428925,0.041051704436540604,19.227685928344727,4.764012813568115,country,country.00049.wav
-143.12673950195312,121.89800262451172,-13.344369888305664,47.77784729003906,-12.660494804382324,23.372251510620117,-10.99492073059082,18.85610008239746,-13.706635475158691,15.95097541809082,-11.356477737426758,10.288700103759766,-6.0024847984313965,50.48908233642578,24.543163299560547,19.160873413085938,13.971702575683594,14.044909477233887,10.587449073791504,11.858424186706543,9.935851097106934,12.046090126037598,11.03544807434082,8.747171401977539,7.95292854309082,9.262462615966797,1779.49609375,627.0142211914062,0.07890693098306656,0.04591949284076691,0.3509872853755951,0.29234111309051514,117.4538345336914,3873.6181640625,1364.978515625,2035.9825439453125,400.1285095214844,0.10938402265310287,0.031495846807956696,22.518651962280273,8.257684707641602,country,country.00050.wav
-204.71435546875,121.915771484375,-17.7427978515625,46.32460021972656,-1.7955845594406128,17.031993865966797,-14.699761390686035,14.66740608215332,-19.392902374267578,10.90363597869873,-13.474712371826172,1.2002156972885132,-6.213006019592285,51.48281478881836,26.559560775756836,16.931900024414062,12.787023544311523,15.14598274230957,12.012404441833496,11.748075485229492,10.325197219848633,12.058380126953125,13.107254981994629,9.354183197021484,9.570756912231445,9.322026252746582,1552.772216796875,611.9710693359375,0.059249453246593475,0.043583400547504425,0.2746720612049103,0.30941110849380493,64.599609375,3166.922607421875,1202.971923828125,1848.6019287109375,368.3677673339844,0.09027794003486633,0.028769610449671745,25.229135513305664,6.649814128875732,country,country.00051.wav
-265.2758483886719,138.8597869873047,6.141732692718506,47.49591827392578,-2.3968024253845215,21.038162231445312,4.086073398590088,17.653968811035156,-12.029909133911133,15.491059303283691,-1.1331512928009033,7.889359474182129,0.49858158826828003,57.52015686035156,25.237295150756836,16.988656997680664,16.486770629882812,19.327951431274414,10.488151550292969,10.297255516052246,11.236947059631348,11.760662078857422,13.521366119384766,9.221933364868164,10.388188362121582,9.475517272949219,1115.7882080078125,479.49859619140625,0.03547446429729462,0.02498634345829487,0.3287540078163147,0.2961803674697876,71.77734375,2348.044189453125,1210.9859619140625,1662.9964599609375,375.0739440917969,0.06950384378433228,0.019812721759080887,23.643592834472656,5.955497741699219,country,country.00052.wav
-84.74407196044922,100.98661041259766,-16.020492553710938,51.76194763183594,-17.082294464111328,22.577102661132812,-20.2999267578125,18.914926528930664,-19.4926815032959,15.328481674194336,-17.741413116455078,8.583118438720703,-15.0005521774292,37.40282440185547,17.75621795654297,12.373971939086914,13.252324104309082,11.217090606689453,7.487339019775391,9.269243240356445,7.752536296844482,8.432074546813965,9.186920166015625,7.637916564941406,6.739147663116455,7.666517734527588,2271.289306640625,490.77685546875,0.10825444757938385,0.03511703386902809,0.3733532428741455,0.2909652292728424,89.10291290283203,4956.728515625,958.735107421875,2297.109619140625,246.3007049560547,0.1335311233997345,0.03360048308968544,21.61101722717285,9.349984169006348,country,country.00053.wav
-175.01629638671875,115.70677947998047,5.106450080871582,58.16065216064453,-3.3279542922973633,29.664283752441406,-10.028761863708496,19.655780792236328,-16.303510665893555,13.737743377685547,-8.819840431213379,7.224039554595947,-8.892760276794434,39.766395568847656,23.748958587646484,12.819377899169922,11.134419441223145,10.496997833251953,9.447732925415039,8.97472095489502,9.927125930786133,10.092607498168945,10.46923542022705,7.423072814941406,9.60865592956543,8.817566871643066,1654.6143798828125,555.8096313476562,0.060207873582839966,0.024964846670627594,0.3127687871456146,0.29836827516555786,75.99954223632812,3908.434814453125,1332.4532470703125,2105.52490234375,368.2886962890625,0.10426096618175507,0.02999149262905121,24.00190544128418,7.417316913604736,country,country.00054.wav
-82.96261596679688,122.53280639648438,-16.65855598449707,40.01591110229492,-15.00722885131836,21.670377731323242,-18.256282806396484,18.36186408996582,-17.988773345947266,16.99161148071289,-16.0396728515625,8.533731460571289,-8.70678424835205,39.03400802612305,19.158123016357422,10.905445098876953,9.64708137512207,11.70949649810791,8.965665817260742,6.8099164962768555,6.412144660949707,8.092679023742676,6.862003803253174,6.314538955688477,7.702838897705078,6.815852165222168,1881.161865234375,401.6351013183594,0.08110419660806656,0.023314183577895164,0.3570769727230072,0.2901085317134857,129.19921875,4111.466796875,1061.0816650390625,2116.237548828125,291.83184814453125,0.15497614443302155,0.038564447313547134,21.96894645690918,8.768850326538086,country,country.00055.wav
-164.79193115234375,123.42044830322266,4.234655380249023,48.788734436035156,-5.151331424713135,22.84455108642578,-7.805298328399658,19.29429817199707,-11.0244140625,21.256271362304688,-9.740571022033691,5.1541314125061035,-6.141110420227051,68.9876480102539,23.69948959350586,21.99098014831543,11.133211135864258,15.505232810974121,11.909099578857422,8.87120532989502,8.94086742401123,10.379802703857422,12.31921100616455,8.068572044372559,10.272321701049805,7.266480445861816,1468.7462158203125,538.6875610351562,0.0549410879611969,0.031784653663635254,0.31916454434394836,0.2900329828262329,80.74951171875,3213.23046875,1404.38232421875,1960.733642578125,403.01025390625,0.13618691265583038,0.04504867643117905,25.053117752075195,7.247502326965332,country,country.00056.wav
-137.88375854492188,121.52389526367188,-13.267189979553223,43.3187255859375,-10.709388732910156,17.858776092529297,-7.949545383453369,9.089491844177246,-19.792675018310547,9.440964698791504,-19.598379135131836,6.90787410736084,-12.54389476776123,66.26133728027344,22.600399017333984,16.317007064819336,13.415072441101074,12.712742805480957,14.196714401245117,10.20097827911377,10.469064712524414,8.051631927490234,11.097532272338867,10.284806251525879,7.751895427703857,8.775484085083008,1741.81494140625,572.8782348632812,0.07543756067752838,0.03721233457326889,0.3150281310081482,0.29453256726264954,67.99958801269531,3791.626953125,1317.385986328125,1985.7625732421875,399.4589538574219,0.1300644427537918,0.04855230823159218,24.663551330566406,8.119501113891602,country,country.00057.wav
-101.38996124267578,120.45384979248047,-0.4065871238708496,49.04241943359375,-15.863625526428223,19.87376594543457,-13.094367027282715,18.574186325073242,-15.7069673538208,15.254117965698242,-5.9068427085876465,6.647347450256348,-10.359329223632812,57.64624786376953,20.0670108795166,19.617263793945312,12.988950729370117,11.295659065246582,10.452154159545898,10.272445678710938,9.038461685180664,10.033095359802246,9.66479206085205,8.739233016967773,7.418661117553711,8.320374488830566,1796.11376953125,517.2376708984375,0.07327015697956085,0.032090939581394196,0.34798485040664673,0.2942589521408081,112.3471450805664,4163.80810546875,1272.5787353515625,2148.30126953125,355.65325927734375,0.16375946998596191,0.049916379153728485,23.11585807800293,8.806291580200195,country,country.00058.wav
-185.11380004882812,120.50994110107422,29.717456817626953,56.40028762817383,-3.0346620082855225,22.222614288330078,-10.344738960266113,20.05401039123535,-13.685050964355469,9.17043685913086,-6.428536415100098,3.296780824661255,-8.737771987915039,85.5992202758789,36.40915298461914,20.966581344604492,20.768699645996094,18.74472999572754,13.289741516113281,17.201276779174805,12.014931678771973,12.176681518554688,10.970230102539062,8.61175537109375,9.4373779296875,10.256234169006348,1535.3804931640625,751.0958251953125,0.05253898724913597,0.03111940808594227,0.2843823730945587,0.297357976436615,135.99917602539062,3510.412109375,2016.161376953125,2011.46630859375,565.005615234375,0.14543543756008148,0.048814792186021805,24.85274314880371,7.841720104217529,country,country.00059.wav
-178.51937866210938,130.1326904296875,12.088971138000488,47.05108642578125,2.622490644454956,24.09434700012207,-4.627711772918701,22.772083282470703,-10.941143035888672,13.5391263961792,-6.809722900390625,8.712160110473633,-6.090920448303223,61.66395568847656,31.76557731628418,15.679625511169434,11.174915313720703,13.130126953125,11.078133583068848,10.365799903869629,10.147472381591797,14.280279159545898,12.012919425964355,11.458857536315918,9.807520866394043,8.944059371948242,1373.0379638671875,722.2163696289062,0.04291659593582153,0.03347395732998848,0.3420514762401581,0.29711249470710754,69.83741760253906,3068.95654296875,1846.216796875,1930.2022705078125,547.6781616210938,0.14100803434848785,0.04144423082470894,24.42129898071289,7.424798965454102,country,country.00060.wav
-186.3923797607422,135.86007690429688,5.928499221801758,45.86050033569336,-5.7662763595581055,22.786792755126953,-13.002945899963379,17.122373580932617,-13.756378173828125,9.734512329101562,-8.36888599395752,6.6592278480529785,-9.091540336608887,68.18073272705078,28.998233795166016,16.122102737426758,11.991578102111816,13.34356689453125,9.687780380249023,10.44072151184082,10.4345703125,11.46468448638916,10.787315368652344,9.200876235961914,8.634011268615723,7.851559638977051,1397.8409423828125,615.3106689453125,0.04858662933111191,0.026553655043244362,0.3144577145576477,0.2928713858127594,60.09265899658203,3101.314697265625,1662.75732421875,1895.9827880859375,497.88226318359375,0.10717964917421341,0.03772225230932236,24.30804443359375,7.243879795074463,country,country.00061.wav
-94.09416961669922,109.16863250732422,-11.849949836730957,41.56547546386719,-19.475982666015625,23.831954956054688,-19.935585021972656,20.37474822998047,-17.28199005126953,16.585615158081055,-10.199128150939941,9.39206600189209,-10.051931381225586,40.08421325683594,19.227209091186523,14.213268280029297,14.368027687072754,10.633923530578613,10.22048282623291,9.195779800415039,7.827019691467285,8.632205963134766,8.760348320007324,8.846672058105469,6.655275344848633,8.593402862548828,2167.024169921875,532.4629516601562,0.10237579792737961,0.039311692118644714,0.3903726637363434,0.294202595949173,172.265625,4794.80419921875,1044.2763671875,2277.740478515625,265.5156555175781,0.130179300904274,0.03795232996344566,21.817808151245117,9.153097152709961,country,country.00062.wav
-185.422607421875,118.46734619140625,17.795289993286133,48.88768768310547,-2.16080641746521,21.370107650756836,-9.0011625289917,20.535987854003906,-11.416626930236816,9.282177925109863,-5.481672286987305,5.754807949066162,-2.9795713424682617,74.86177062988281,36.1590461730957,17.83394432067871,17.978961944580078,13.860936164855957,14.558918952941895,13.80445384979248,10.374897003173828,13.460762977600098,13.396868705749512,11.110549926757812,10.688037872314453,10.828185081481934,1615.064208984375,775.708251953125,0.05828271806240082,0.035594213753938675,0.33393722772598267,0.31071799993515015,83.35433197021484,3659.702880859375,1904.0101318359375,2016.8360595703125,575.5897216796875,0.13140647113323212,0.049255430698394775,23.41884994506836,8.012134552001953,country,country.00063.wav
-217.74221801757812,128.346923828125,-7.513692855834961,39.2650032043457,-2.5556235313415527,18.173011779785156,-15.16671085357666,16.770923614501953,-15.265886306762695,4.899211406707764,-6.513762474060059,2.8973584175109863,-11.506306648254395,58.811954498291016,25.6348819732666,16.277040481567383,16.10657501220703,14.295863151550293,12.926786422729492,11.348372459411621,12.151825904846191,9.847952842712402,11.928101539611816,10.42468547821045,9.391996383666992,10.998394966125488,1512.2857666015625,444.3016052246094,0.060115281492471695,0.02583243139088154,0.2633034586906433,0.3044438064098358,66.25601196289062,3238.930419921875,1125.572021484375,1865.611083984375,381.67498779296875,0.08258095383644104,0.03174906224012375,25.033357620239258,6.5133233070373535,country,country.00064.wav
-250.87863159179688,163.0983123779297,-3.8807103633880615,30.153528213500977,5.576422214508057,7.496038436889648,4.024819850921631,-2.110605239868164,-5.470409870147705,-1.058341145515442,-9.981245994567871,1.818381667137146,-8.760416030883789,72.55220794677734,26.46947479248047,31.083480834960938,19.67498016357422,20.904197692871094,12.128931045532227,12.611128807067871,11.333337783813477,11.891068458557129,9.748161315917969,10.19155216217041,9.050308227539062,7.262389183044434,894.225830078125,402.6097106933594,0.0386807955801487,0.02104058302938938,0.28280285000801086,0.3096754252910614,123.046875,1639.0484619140625,925.9143676757812,1195.3880615234375,316.84912109375,0.11056768894195557,0.062339115887880325,24.267658233642578,5.716066360473633,country,country.00065.wav
-102.51608276367188,135.72169494628906,-46.895442962646484,32.74629592895508,-11.160360336303711,23.465744018554688,-9.7664213180542,16.901647567749023,-11.685101509094238,13.207406044006348,-7.1831440925598145,4.735628128051758,-8.202425003051758,43.9346923828125,19.12907600402832,14.98476505279541,13.958890914916992,11.53299617767334,13.30148696899414,11.116399765014648,7.929572582244873,9.247279167175293,8.506918907165527,9.971456527709961,8.621878623962402,7.047126770019531,1701.1331787109375,329.57568359375,0.0988675057888031,0.026502573862671852,0.3207148611545563,0.2844933569431305,112.3471450805664,3242.2802734375,771.5636596679688,1709.034423828125,245.68751525878906,0.13643474876880646,0.0381772518157959,22.525779724121094,8.185001373291016,country,country.00066.wav
-328.7254638671875,167.05113220214844,12.98838996887207,28.820632934570312,11.246061325073242,14.42672348022461,11.70595932006836,7.804121971130371,-11.729083061218262,2.385380983352661,-8.34757137298584,-3.857314109802246,-6.7459235191345215,85.17587280273438,30.841068267822266,36.108856201171875,18.2728328704834,21.73599624633789,16.37037467956543,10.931770324707031,10.904272079467773,11.281998634338379,14.20875358581543,9.720458030700684,9.365145683288574,8.574670791625977,857.9961547851562,534.1640014648438,0.035381872206926346,0.024618089199066162,0.32129815220832825,0.29642051458358765,64.599609375,1445.8079833984375,1251.6199951171875,1237.6766357421875,412.9880676269531,0.05543045699596405,0.03510559722781181,22.644420623779297,5.81937837600708,country,country.00067.wav
-229.46890258789062,157.3128204345703,-16.762048721313477,31.87986183166504,-0.11036970466375351,16.656442642211914,1.355171799659729,12.223306655883789,-3.862504720687866,6.839231491088867,-4.263226509094238,1.3375680446624756,-5.895663261413574,48.25808334350586,29.66029930114746,17.336305618286133,15.253837585449219,13.735313415527344,12.095088005065918,10.5637845993042,8.649877548217773,11.61585521697998,10.302910804748535,8.371829986572266,6.873981952667236,6.5933451652526855,1130.9407958984375,440.09552001953125,0.050243083387613297,0.022843802347779274,0.34938734769821167,0.29981255531311035,172.265625,2216.53662109375,1149.8314208984375,1458.3870849609375,401.023681640625,0.0834927186369896,0.040145255625247955,22.795766830444336,6.223050117492676,country,country.00068.wav
-217.1639404296875,136.16940307617188,-10.362345695495605,51.38904571533203,2.612236976623535,15.127789497375488,-0.6809203028678894,12.287425994873047,-6.226423263549805,7.8023223876953125,-5.409078598022461,3.6247036457061768,-2.8072168827056885,51.45779037475586,26.420106887817383,15.128570556640625,15.796319007873535,14.593573570251465,10.607967376708984,12.801244735717773,11.196696281433105,9.770489692687988,9.531268119812012,9.907318115234375,9.869958877563477,9.975811004638672,1327.8240966796875,418.0852966308594,0.06108731031417847,0.03181833773851395,0.3521580696105957,0.2936422824859619,112.3471450805664,2755.97509765625,848.6275024414062,1632.800537109375,261.6668395996094,0.08712510019540787,0.04695378243923187,24.370756149291992,6.481470108032227,country,country.00069.wav
-99.320068359375,117.56864166259766,-29.88463020324707,40.83229064941406,-15.263144493103027,27.980680465698242,-11.95539665222168,13.331402778625488,-11.367624282836914,10.538833618164062,-8.748047828674316,8.410869598388672,-6.844215393066406,51.82786560058594,23.866199493408203,15.54377555847168,15.293460845947266,11.369388580322266,13.105043411254883,11.075040817260742,8.534714698791504,8.806241035461426,9.377917289733887,8.461807250976562,8.488718032836914,7.164791107177734,1935.158447265625,499.9920654296875,0.09476964920759201,0.03778507187962532,0.3649618327617645,0.29370152950286865,112.3471450805664,4048.783935546875,1117.3887939453125,1970.077392578125,314.24578857421875,0.144246906042099,0.05290317162871361,22.858640670776367,8.519158363342285,country,country.00070.wav
-185.85665893554688,155.2994384765625,-25.034076690673828,20.532516479492188,-3.834843873977661,-0.6002929210662842,-4.568850994110107,-5.9145917892456055,-16.538049697875977,-0.45218414068222046,-16.3022518157959,-4.2136077880859375,-16.815841674804688,80.10433959960938,33.914363861083984,23.121469497680664,16.758472442626953,23.897600173950195,13.287874221801758,11.830670356750488,8.407562255859375,10.732309341430664,12.430830955505371,12.279803276062012,11.694620132446289,10.50178050994873,1261.3177490234375,577.9699096679688,0.06054309755563736,0.029844937846064568,0.29230931401252747,0.2924288511276245,143.5546875,2421.24365234375,1249.572998046875,1395.904052734375,454.31512451171875,0.11840969324111938,0.06270743906497955,24.735198974609375,6.990138053894043,country,country.00071.wav
-96.2829818725586,131.92025756835938,-26.3221378326416,35.982154846191406,-22.80771255493164,14.489156723022461,-11.834168434143066,11.801549911499023,-21.218061447143555,11.527786254882812,-12.925013542175293,7.176230430603027,-13.9385404586792,42.31108093261719,21.14519500732422,17.300580978393555,14.021032333374023,13.390400886535645,12.140533447265625,12.899321556091309,11.153887748718262,10.0958890914917,10.155132293701172,7.4999213218688965,9.717597007751465,8.26253604888916,1711.21044921875,409.4335021972656,0.08227349817752838,0.024406038224697113,0.3451366126537323,0.29001423716545105,151.99908447265625,3556.48681640625,1027.9144287109375,1873.560302734375,298.84039306640625,0.15658940374851227,0.048743367195129395,22.338232040405273,8.161110877990723,country,country.00072.wav
-167.00982666015625,132.44342041015625,-17.294891357421875,46.93230438232422,-3.6503565311431885,20.946674346923828,-8.8304443359375,8.546585083007812,-15.151556015014648,8.105513572692871,-16.944101333618164,6.647017478942871,-10.924016952514648,51.574466705322266,28.157711029052734,21.951274871826172,13.811110496520996,14.216880798339844,12.783539772033691,11.163453102111816,9.689942359924316,9.763395309448242,9.203424453735352,10.600914001464844,9.919687271118164,7.230894565582275,1549.1920166015625,508.4418640136719,0.06975279003381729,0.02943309396505356,0.37493959069252014,0.2865273058414459,151.99908447265625,3290.171875,1264.4554443359375,1823.85595703125,406.67584228515625,0.09581226855516434,0.038134295493364334,23.7564697265625,7.820639610290527,country,country.00073.wav
-207.2761688232422,130.9469757080078,-18.496767044067383,33.29912567138672,-3.922163724899292,15.39346694946289,-6.382999420166016,2.951951742172241,-16.78615379333496,7.084848880767822,-8.594070434570312,4.795649528503418,-12.250598907470703,108.60740661621094,28.914796829223633,22.4111385345459,19.239944458007812,21.131498336791992,11.220083236694336,15.397176742553711,11.479512214660645,12.448436737060547,13.546052932739258,11.300054550170898,8.485657691955566,10.941155433654785,1533.862548828125,673.2621459960938,0.07112353295087814,0.042741261422634125,0.35509008169174194,0.29452258348464966,135.99917602539062,3117.356201171875,1397.0228271484375,1696.8472900390625,449.99066162109375,0.08231483399868011,0.0543946847319603,23.594722747802734,7.297604084014893,country,country.00074.wav
-60.84931182861328,105.47065734863281,-16.914596557617188,40.70117950439453,-15.038137435913086,36.04629898071289,-12.81877326965332,17.48331642150879,-16.75531768798828,11.757575988769531,-10.13022518157959,13.194356918334961,-12.209436416625977,39.75745391845703,17.295581817626953,12.436481475830078,11.134196281433105,8.03245735168457,8.078316688537598,8.253634452819824,7.563727855682373,7.638415813446045,7.570319652557373,7.411680698394775,6.937516212463379,7.398045539855957,2187.464111328125,389.9126892089844,0.1137540340423584,0.03871022164821625,0.3718079626560211,0.2908328175544739,95.703125,4841.67919921875,788.3220825195312,2242.09765625,207.68479919433594,0.1797305792570114,0.053748760372400284,23.39531898498535,9.574804306030273,country,country.00075.wav
-183.97171020507812,159.8199462890625,-23.171310424804688,43.05397415161133,-9.468153953552246,8.831391334533691,-1.6515100002288818,4.351795673370361,-13.370458602905273,0.8398634195327759,-13.976324081420898,1.4428530931472778,-7.390411853790283,79.84965515136719,44.09853744506836,26.517507553100586,24.10786247253418,19.932830810546875,14.559622764587402,13.5184965133667,13.686588287353516,11.648233413696289,11.153204917907715,10.198637008666992,9.900449752807617,9.089929580688477,1321.5897216796875,637.0698852539062,0.06652529537677765,0.0408908948302269,0.2973077893257141,0.2959194481372833,143.5546875,2590.325927734375,1347.8023681640625,1409.2265625,491.5645751953125,0.12832628190517426,0.052778780460357666,23.5216121673584,7.1075215339660645,country,country.00076.wav
-118.23319244384766,152.9431915283203,-46.513092041015625,31.120494842529297,-17.28691291809082,6.277331829071045,-3.6798624992370605,13.048770904541016,-13.126936912536621,15.70604419708252,-13.07692813873291,5.701762676239014,-10.694594383239746,40.41300582885742,21.526880264282227,15.74753189086914,11.540600776672363,12.409549713134766,11.014613151550293,11.99000358581543,9.516164779663086,9.053462028503418,8.92586612701416,8.835929870605469,7.9057207107543945,7.245372295379639,1513.1966552734375,305.9173889160156,0.08784300833940506,0.02290993556380272,0.33729204535484314,0.2876569628715515,184.5703125,2922.698974609375,687.8422241210938,1558.114990234375,251.37232971191406,0.13140137493610382,0.04051223397254944,23.239408493041992,7.350622177124023,country,country.00077.wav
-302.5818176269531,150.15966796875,-3.7027955055236816,26.92380714416504,-0.2633158564567566,13.522551536560059,7.248563289642334,4.217867851257324,1.7668282985687256,6.563311576843262,-0.48897069692611694,7.896579742431641,1.3293300867080688,87.29130554199219,29.005163192749023,27.76369285583496,16.983081817626953,17.98702621459961,12.775309562683105,12.34661865234375,10.648344039916992,10.960869789123535,10.897255897521973,9.049440383911133,8.988191604614258,8.100581169128418,1143.9439697265625,571.5072021484375,0.0498579740524292,0.03811616823077202,0.3762945234775543,0.30464136600494385,66.25601196289062,2222.244873046875,1301.0018310546875,1443.3419189453125,404.2316589355469,0.043252814561128616,0.03286491706967354,21.731420516967773,5.763312339782715,country,country.00078.wav
-229.14720153808594,180.35635375976562,4.520905494689941,24.184404373168945,1.1109343767166138,3.9924354553222656,-5.99603271484375,1.8722158670425415,-13.136268615722656,0.004707171116024256,-13.499958038330078,1.5836844444274902,-13.435796737670898,71.24322509765625,37.877933502197266,26.909841537475586,17.384387969970703,21.219867706298828,13.1707124710083,14.104945182800293,12.726805686950684,10.706392288208008,14.461888313293457,10.489654541015625,12.12889575958252,9.676011085510254,963.1958618164062,533.075927734375,0.045768432319164276,0.024571649730205536,0.31024566292762756,0.29183948040008545,80.74951171875,1752.889404296875,1285.94580078125,1234.8597412109375,509.1042785644531,0.11523082852363586,0.03983888402581215,23.594846725463867,5.9929094314575195,country,country.00079.wav
-100.9559555053711,111.60762023925781,-13.15213394165039,44.59754943847656,-5.961039066314697,29.337100982666016,-7.956896781921387,19.591026306152344,-22.446842193603516,17.270526885986328,-17.831653594970703,11.408343315124512,-12.451891899108887,54.37907791137695,28.598508834838867,21.453716278076172,13.289793968200684,14.165596008300781,11.627922058105469,14.540013313293457,10.497485160827637,9.295376777648926,9.862643241882324,8.51709270477295,6.666568279266357,7.414516448974609,2049.89404296875,760.6266479492188,0.08940724283456802,0.04595831036567688,0.3873130977153778,0.29014021158218384,99.38401794433594,4435.84814453125,1691.4119873046875,2188.35595703125,465.19122314453125,0.15323907136917114,0.04634806886315346,22.62169075012207,8.949718475341797,country,country.00080.wav
-74.14830017089844,107.63804626464844,-21.198165893554688,47.23445510864258,-5.976315498352051,17.81209373474121,-20.399551391601562,14.992423057556152,-15.965241432189941,15.7340726852417,-14.664024353027344,10.681490898132324,-10.128546714782715,47.05323028564453,23.972423553466797,17.440689086914062,15.982856750488281,14.994824409484863,10.819421768188477,12.110627174377441,9.140960693359375,10.81803035736084,9.001504898071289,9.467416763305664,7.901190280914307,8.570701599121094,2101.53857421875,628.997314453125,0.10102962702512741,0.04830668494105339,0.37873682379722595,0.2902551293373108,89.10291290283203,4416.15673828125,1328.087158203125,2152.18408203125,334.15142822265625,0.167902871966362,0.057332802563905716,22.253414154052734,9.131156921386719,country,country.00081.wav
-68.6235122680664,101.3541259765625,-16.908740997314453,51.52635192871094,-10.228339195251465,20.050033569335938,-21.784996032714844,15.524762153625488,-18.795236587524414,16.359054565429688,-17.89385414123535,12.126648902893066,-13.205328941345215,38.21059799194336,22.174917221069336,17.37126350402832,17.025758743286133,13.585274696350098,12.302597045898438,10.975102424621582,9.802384376525879,9.900300025939941,10.035913467407227,9.757059097290039,7.638787269592285,7.9388041496276855,2253.250732421875,562.5580444335938,0.10609270632266998,0.046736594289541245,0.38583266735076904,0.29029038548469543,117.4538345336914,4798.97119140625,1144.05419921875,2261.4072265625,296.0615234375,0.16647550463676453,0.048545144498348236,21.850006103515625,9.449496269226074,country,country.00082.wav
-148.5599365234375,141.28050231933594,-15.883042335510254,44.655067443847656,0.9918707013130188,13.662191390991211,-13.24034309387207,12.651496887207031,-11.702235221862793,12.159911155700684,-10.476021766662598,9.908224105834961,-5.055812835693359,62.11656951904297,27.041522979736328,22.001901626586914,16.724807739257812,15.379044532775879,10.557697296142578,12.008705139160156,9.405035018920898,10.589543342590332,10.341915130615234,10.28077507019043,8.506572723388672,8.024053573608398,1436.0347900390625,547.3076782226562,0.0595514178276062,0.028660418465733528,0.31836503744125366,0.2908302843570709,143.5546875,2924.2490234375,1286.6282958984375,1729.5975341796875,400.0014953613281,0.13104534149169922,0.0427226684987545,23.694950103759766,7.460382461547852,country,country.00083.wav
-80.23638916015625,108.18648529052734,-23.827434539794922,52.601409912109375,-6.424084186553955,15.064199447631836,-17.635906219482422,9.739015579223633,-16.176488876342773,8.906126022338867,-15.964033126831055,8.00182819366455,-10.704085350036621,48.48030090332031,22.723793029785156,16.640289306640625,16.24801254272461,13.9978666305542,11.667394638061523,11.508749008178711,10.133349418640137,10.018454551696777,11.036865234375,9.561540603637695,8.908177375793457,8.505258560180664,1965.276611328125,522.681884765625,0.09301795810461044,0.039097677916288376,0.3197316825389862,0.2912231981754303,86.1328125,4060.050537109375,1047.1378173828125,2036.695068359375,294.3097839355469,0.18059872090816498,0.05862981453537941,23.72631072998047,8.481802940368652,country,country.00084.wav
-146.04881286621094,124.64810180664062,-17.922836303710938,49.22504425048828,-0.1794755756855011,22.789756774902344,-7.173457622528076,16.74798011779785,-9.723663330078125,15.444622993469238,-7.621331214904785,10.908756256103516,-3.455136299133301,56.333736419677734,25.101594924926758,23.168272018432617,16.308725357055664,15.199155807495117,12.22179126739502,12.54549789428711,9.14431095123291,13.411543846130371,9.897014617919922,9.073993682861328,9.181845664978027,8.928064346313477,1596.220947265625,528.0459594726562,0.06926526874303818,0.035425249487161636,0.3379400074481964,0.2954076826572418,73.828125,3291.47998046875,1087.4053955078125,1853.2491455078125,319.2557678222656,0.135407492518425,0.04337824508547783,24.82744598388672,7.953763484954834,country,country.00085.wav
-122.42741394042969,111.48313903808594,-13.694293975830078,53.82840347290039,-2.6777656078338623,19.677549362182617,-14.138922691345215,13.74367618560791,-14.016459465026855,14.626712799072266,-13.993216514587402,9.218205451965332,-10.559242248535156,62.98942947387695,26.78752899169922,19.937801361083984,16.649721145629883,14.918371200561523,13.94077205657959,13.018203735351562,11.192813873291016,10.61320972442627,9.881041526794434,9.116735458374023,8.967782974243164,8.634879112243652,1879.937744140625,529.6149291992188,0.07831736654043198,0.030065296217799187,0.3718833923339844,0.29635047912597656,117.4538345336914,4031.9755859375,1181.8375244140625,2085.6064453125,341.4154968261719,0.13350729644298553,0.04170026257634163,22.147815704345703,8.31123161315918,country,country.00086.wav
-170.9006805419922,124.81326293945312,-19.26219367980957,39.20719909667969,-3.75510573387146,15.289896965026855,-12.972991943359375,8.530163764953613,-11.833666801452637,11.321371078491211,-13.773078918457031,3.102463960647583,-10.078783988952637,75.64640045166016,26.72090721130371,24.18294906616211,19.3337345123291,15.867165565490723,12.424392700195312,11.18460464477539,9.22072982788086,11.37983226776123,12.123992919921875,8.384393692016602,10.705162048339844,8.78802490234375,1589.634033203125,573.35986328125,0.07391452044248581,0.036760687828063965,0.32843276858329773,0.29381263256073,143.5546875,3159.789306640625,1244.231201171875,1805.8873291015625,354.05145263671875,0.10860428959131241,0.05236540734767914,25.22275733947754,7.1629252433776855,country,country.00087.wav
-121.94322204589844,123.23765563964844,-8.495368957519531,51.59637451171875,-0.10351298004388809,20.406999588012695,-11.875410079956055,16.275983810424805,-11.508769035339355,11.847225189208984,-8.08565616607666,9.130350112915039,-8.638808250427246,55.22694396972656,21.858617782592773,22.729238510131836,14.8765869140625,13.488207817077637,12.150394439697266,11.310997009277344,9.396150588989258,10.81815242767334,10.71777629852295,9.408188819885254,7.492578029632568,8.717764854431152,1623.009521484375,483.87005615234375,0.06606309115886688,0.026334896683692932,0.35364559292793274,0.28941431641578674,103.359375,3527.636962890625,1214.7109375,1963.4443359375,360.45660400390625,0.15263915061950684,0.05218847841024399,23.27585792541504,8.121636390686035,country,country.00088.wav
-205.14923095703125,140.98760986328125,-8.957965850830078,36.97944259643555,6.425442695617676,14.875374794006348,-4.318117618560791,12.23244571685791,-11.431656837463379,11.850926399230957,-7.903382301330566,9.912310600280762,-2.351649761199951,72.67613220214844,31.94794273376465,21.976686477661133,16.494600296020508,15.825496673583984,12.513011932373047,14.208483695983887,12.19528865814209,12.175641059875488,11.027356147766113,10.053120613098145,10.859848976135254,9.056626319885254,1321.7303466796875,715.3177490234375,0.052503082901239395,0.03535657748579979,0.3221209943294525,0.30012232065200806,143.5546875,2584.10107421875,1544.058837890625,1667.266357421875,467.66644287109375,0.10459916293621063,0.04758657142519951,24.183866500854492,6.656813621520996,country,country.00089.wav
-91.68522644042969,115.86115264892578,-30.20094871520996,52.27314758300781,-5.025163650512695,16.953514099121094,-15.656588554382324,13.539406776428223,-12.762941360473633,15.96912670135498,-11.96989631652832,11.058927536010742,-9.962003707885742,42.00410461425781,24.04322052001953,14.839130401611328,14.841842651367188,15.472291946411133,10.0430908203125,11.12390422821045,9.332803726196289,9.845575332641602,9.561972618103027,8.309946060180664,8.02723503112793,7.832696914672852,1927.4404296875,520.6316528320312,0.09903039038181305,0.0417790524661541,0.37119004130363464,0.2850429117679596,135.99917602539062,3883.326416015625,1019.977783203125,1972.1304931640625,288.3542785644531,0.14735452830791473,0.04884037747979164,22.89589500427246,8.337764739990234,country,country.00090.wav
-193.78868103027344,125.56073760986328,-20.924123764038086,46.3380012512207,-2.685431718826294,12.833369255065918,-6.601934432983398,10.727055549621582,-10.907483100891113,6.1092729568481445,-9.442731857299805,5.163946628570557,-3.6584970951080322,71.1726303100586,27.058666229248047,24.231599807739258,17.918148040771484,19.088176727294922,16.653675079345703,12.846570014953613,11.867410659790039,10.86303997039795,11.488872528076172,11.95040512084961,12.675335884094238,9.102028846740723,1563.4183349609375,612.3692016601562,0.06475622206926346,0.03649488091468811,0.3533473312854767,0.29747694730758667,117.4538345336914,3233.9638671875,1242.980712890625,1779.217529296875,377.5091552734375,0.0894317775964737,0.04204827547073364,24.327730178833008,6.767680644989014,country,country.00091.wav
-50.776329040527344,96.7171630859375,-24.326112747192383,66.07612609863281,-14.680636405944824,24.391263961791992,-21.017484664916992,12.469586372375488,-18.13181495666504,13.26716423034668,-12.802163124084473,9.79845142364502,-11.344080924987793,27.1080379486084,15.431953430175781,13.616228103637695,11.878087043762207,8.59322738647461,7.732936859130859,9.257553100585938,8.211668968200684,8.483973503112793,7.429116249084473,6.713641166687012,6.640470504760742,6.317265510559082,2334.872802734375,425.234130859375,0.12121959775686264,0.03629934415221214,0.3705238401889801,0.2839932441711426,161.4990234375,4838.91259765625,789.357666015625,2212.472900390625,242.42144775390625,0.17646493017673492,0.02997015230357647,21.70170783996582,9.08255672454834,country,country.00092.wav
-213.60235595703125,117.21269989013672,-21.871768951416016,45.65765380859375,-10.274457931518555,5.0603156089782715,-11.910964965820312,5.5678558349609375,-17.80463218688965,0.18699952960014343,-14.165857315063477,-1.1532572507858276,-10.30638313293457,64.7348861694336,25.024993896484375,22.639354705810547,17.05686378479004,17.31056785583496,13.102930068969727,14.237120628356934,10.01563835144043,12.829299926757812,11.302812576293945,10.963227272033691,10.39478588104248,8.911266326904297,1537.7642822265625,582.5972290039062,0.06812392920255661,0.0434357151389122,0.25082582235336304,0.301440954208374,86.1328125,3055.1982421875,1085.781494140625,1716.197998046875,309.57073974609375,0.09254993498325348,0.041848134249448776,26.707853317260742,6.4722113609313965,country,country.00093.wav
-104.37175750732422,136.39382934570312,-20.94023895263672,52.86117172241211,2.0258889198303223,20.427709579467773,-11.619366645812988,17.663803100585938,-15.735387802124023,11.049824714660645,-11.320436477661133,3.6714112758636475,-6.496494293212891,45.80698776245117,29.686120986938477,19.44080924987793,14.562286376953125,14.043578147888184,13.003778457641602,10.449577331542969,8.897997856140137,8.785828590393066,9.985208511352539,7.987659454345703,8.954607963562012,8.072763442993164,1474.9273681640625,585.9901733398438,0.06299281865358353,0.031171800568699837,0.3667725920677185,0.2898924946784973,112.3471450805664,3108.40625,1238.6287841796875,1745.8525390625,389.8428039550781,0.20664183795452118,0.05497841164469719,23.565364837646484,8.06748104095459,country,country.00094.wav
-124.83956909179688,127.38223266601562,-23.38180923461914,47.3604621887207,0.5631107687950134,15.991254806518555,-9.954187393188477,16.18013572692871,-16.729549407958984,6.78519868850708,-8.187068939208984,3.2049856185913086,-1.5920391082763672,51.1319580078125,26.914592742919922,17.705463409423828,14.432404518127441,15.25342845916748,14.522317886352539,11.276167869567871,9.471460342407227,13.381935119628906,10.25674057006836,10.332898139953613,8.575233459472656,8.141549110412598,1555.9530029296875,640.4287719726562,0.06722937524318695,0.058460380882024765,0.3286711573600769,0.3020420968532562,89.10291290283203,3218.147216796875,1174.0123291015625,1761.5697021484375,343.57672119140625,0.1753358095884323,0.07036882638931274,24.253314971923828,7.878574371337891,country,country.00095.wav
-69.88548278808594,124.21145629882812,-32.470191955566406,47.69470977783203,1.3983787298202515,22.6176700592041,-8.754297256469727,21.443510055541992,-15.665969848632812,15.743200302124023,-12.42722225189209,9.581969261169434,-9.056124687194824,48.37107467651367,24.1013240814209,18.161209106445312,12.923351287841797,11.18757438659668,10.286855697631836,12.28832721710205,9.057706832885742,9.450053215026855,9.340476989746094,8.134088516235352,8.758307456970215,7.332408905029297,1754.135986328125,570.2404174804688,0.0973992571234703,0.045700863003730774,0.32571616768836975,0.29315686225891113,117.4538345336914,3504.8955078125,1150.102294921875,1861.998779296875,344.3879699707031,0.21798330545425415,0.058796051889657974,24.137197494506836,8.309678077697754,country,country.00096.wav
-148.44178771972656,126.85914611816406,-19.540855407714844,52.850608825683594,8.579708099365234,17.891021728515625,-8.081844329833984,17.78145980834961,-15.505313873291016,13.504546165466309,-10.957894325256348,9.476343154907227,-1.9246050119400024,61.28898239135742,31.495630264282227,23.127456665039062,13.580146789550781,14.67358684539795,13.16211223602295,11.946433067321777,9.912322044372559,9.238117218017578,10.682807922363281,10.118951797485352,9.592884063720703,8.05733871459961,1560.879638671875,762.9451293945312,0.06718742102384567,0.05216144025325775,0.34799957275390625,0.29918649792671204,112.3471450805664,3175.26416015625,1390.6070556640625,1782.7974853515625,409.30511474609375,0.15299171209335327,0.05327747389674187,24.583784103393555,7.6011223793029785,country,country.00097.wav
-139.62306213378906,128.7935333251953,-20.249359130859375,49.4436149597168,-2.16036057472229,16.98802375793457,-8.35529613494873,9.8182954788208,-20.150693893432617,2.501784086227417,-11.247767448425293,3.7660369873046875,-6.424686908721924,45.49525833129883,24.309814453125,19.193721771240234,14.493297576904297,13.393882751464844,12.290563583374023,10.178516387939453,9.473794937133789,8.918424606323242,11.671319007873535,9.123551368713379,8.23778247833252,9.55928897857666,1425.2635498046875,517.9368896484375,0.06174490228295326,0.03097468428313732,0.27091026306152344,0.29480862617492676,117.4538345336914,2980.9404296875,1094.12841796875,1690.6856689453125,345.8866271972656,0.17611368000507355,0.06028439849615097,25.414873123168945,7.355485439300537,country,country.00098.wav
-42.16572189331055,106.2783203125,-24.220882415771484,44.67146682739258,-12.335060119628906,20.518545150756836,-16.044445037841797,18.488561630249023,-18.781009674072266,15.510899543762207,-15.464725494384766,8.930742263793945,-9.987847328186035,45.279136657714844,23.96713638305664,16.10357093811035,12.301298141479492,11.211256980895996,10.036338806152344,8.96815013885498,8.113114356994629,9.062541961669922,8.32308578491211,7.763075351715088,7.920656681060791,6.950289726257324,2157.205810546875,582.2423095703125,0.10825671255588531,0.053880318999290466,0.3810102343559265,0.2874785363674164,143.5546875,4477.8896484375,1137.544677734375,2160.088623046875,296.2302551269531,0.22073805332183838,0.06506852060556412,22.500484466552734,9.611578941345215,country,country.00099.wav
-111.17790985107422,94.03520202636719,12.515315055847168,16.740259170532227,8.181676864624023,15.667252540588379,-1.3758587837219238,7.039429664611816,0.9736096858978271,-1.4805396795272827,-3.069302558898926,-5.0681891441345215,-3.6841273307800293,66.43893432617188,37.87111282348633,23.7417049407959,14.094525337219238,12.489455223083496,12.048630714416504,10.653084754943848,9.04589557647705,7.603945732116699,7.456785678863525,8.831934928894043,8.456354141235352,7.273697376251221,2297.08544921875,948.6640014648438,0.0963350161910057,0.08386467397212982,0.4458671808242798,0.29639115929603577,117.4538345336914,4888.12890625,1972.954833984375,2566.04150390625,438.8333740234375,0.14226125180721283,0.06436499208211899,17.218502044677734,4.172830581665039,disco,disco.00000.wav
-28.93470573425293,51.97178649902344,-7.610494613647461,21.60556411743164,8.1283597946167,18.120981216430664,6.875497341156006,6.584002494812012,0.7281345725059509,11.147645950317383,-1.8413448333740234,1.6686252355575562,-2.6266403198242188,33.86997985839844,22.90581703186035,19.509706497192383,13.463021278381348,8.937067985534668,9.705294609069824,8.766438484191895,7.335911750793457,6.917201042175293,7.793642044067383,6.460947036743164,6.766511917114258,6.525289058685303,3290.4921875,744.6417236328125,0.18854685127735138,0.06628385186195374,0.4118673801422119,0.29404717683792114,117.4538345336914,6514.87744140625,1439.5390625,2766.22705078125,371.6791076660156,0.177040696144104,0.05104167386889458,17.755125045776367,3.9713382720947266,disco,disco.00001.wav
-53.18524932861328,57.17845916748047,21.168882369995117,11.324464797973633,18.122360229492188,1.6665679216384888,0.34381619095802307,2.3195996284484863,-5.1097412109375,2.749939441680908,3.152879238128662,-5.519138813018799,-3.1672284603118896,36.931644439697266,16.297313690185547,15.476670265197754,16.21405792236328,11.150677680969238,9.779764175415039,8.914761543273926,7.1192426681518555,9.248679161071777,7.282919883728027,7.625418186187744,7.1805219650268555,7.01853084564209,3591.73388671875,705.6884765625,0.15334828197956085,0.06720628589391708,0.41189539432525635,0.29057052731513977,92.28515625,8074.15966796875,914.483154296875,3398.25146484375,264.8413391113281,0.16131842136383057,0.04676908999681473,18.98995590209961,5.8189697265625,disco,disco.00002.wav
-44.23429489135742,52.21940231323242,3.3025825023651123,43.80800247192383,12.616857528686523,24.422096252441406,4.970883846282959,15.33407974243164,2.0627644062042236,10.375375747680664,-1.5161041021347046,8.840580940246582,0.42485904693603516,56.28437042236328,26.70461082458496,25.480941772460938,13.760933876037598,11.302897453308105,11.93254566192627,7.465120792388916,7.004605770111084,6.137333393096924,7.378913879394531,6.424958229064941,5.779076099395752,6.032938003540039,3048.569091796875,883.8704833984375,0.14965178072452545,0.06873719394207001,0.49482712149620056,0.27763012051582336,129.19921875,6212.83740234375,1401.4244384765625,2722.625,372.85601806640625,0.19658778607845306,0.045571956783533096,17.28717041015625,3.7259740829467773,disco,disco.00003.wav
-83.58349609375,64.47946166992188,5.655917644500732,2.701164722442627,0.7903159856796265,6.170802116394043,1.8922690153121948,1.9798595905303955,-1.816444993019104,1.857466459274292,2.459876298904419,-0.2279338240623474,2.955510139465332,46.316307067871094,20.146127700805664,19.588783264160156,13.828344345092773,12.941789627075195,9.621338844299316,8.688804626464844,8.075958251953125,8.848038673400879,8.315767288208008,8.230329513549805,6.693418502807617,6.773156642913818,3328.830810546875,800.6620483398438,0.16905151307582855,0.07156459242105484,0.382143497467041,0.29819992184638977,123.046875,7196.373046875,1391.7666015625,3111.8212890625,365.9534912109375,0.11456060409545898,0.05661286786198616,18.52171516418457,4.424244403839111,disco,disco.00004.wav
-24.691768646240234,73.74320220947266,-11.558470726013184,28.394289016723633,6.2409563064575195,2.4656214714050293,8.634088516235352,12.309107780456543,-4.102859020233154,13.385866165161133,1.9154304265975952,-0.9733684659004211,0.6083648204803467,39.4576530456543,24.089078903198242,17.220088958740234,14.525802612304688,11.084062576293945,10.130491256713867,10.174912452697754,8.574117660522461,8.233427047729492,7.280933856964111,6.319680690765381,7.562911033630371,5.9977922439575195,2722.08056640625,660.5576782226562,0.14455203711986542,0.06204898655414581,0.44927671551704407,0.28581634163856506,107.666015625,5469.60009765625,1297.513916015625,2569.2333984375,298.8253479003906,0.20725701749324799,0.05377059429883957,18.048049926757812,4.063744068145752,disco,disco.00005.wav
-14.574394226074219,65.21034240722656,-19.872638702392578,31.508325576782227,-4.826449394226074,11.862319946289062,9.994608879089355,5.957391262054443,-3.8033692836761475,9.377888679504395,-4.387916088104248,3.339540958404541,-4.444170951843262,30.930387496948242,17.105382919311523,18.387292861938477,15.105891227722168,11.807520866394043,9.174661636352539,11.118584632873535,8.286324501037598,7.868569850921631,8.502997398376465,7.8985371589660645,7.909544467926025,6.94369649887085,2848.224609375,385.6632080078125,0.1636652946472168,0.03659910336136818,0.4739876985549927,0.278499573469162,123.046875,5506.5498046875,912.1416015625,2490.649658203125,281.5517883300781,0.19194462895393372,0.045976001769304276,17.979236602783203,3.759511709213257,disco,disco.00006.wav
-53.4480094909668,56.161033630371094,-6.320986747741699,31.619056701660156,4.653374671936035,16.347412109375,4.119816780090332,1.8823281526565552,-0.3882387578487396,2.495932102203369,-0.5415108799934387,0.9562786221504211,0.4956481158733368,41.97893142700195,27.940893173217773,18.070724487304688,17.832359313964844,11.474494934082031,10.282320022583008,9.293659210205078,9.425180435180664,7.613078594207764,6.9834113121032715,7.672360420227051,7.0203704833984375,6.4469828605651855,3099.18408203125,738.4402465820312,0.14028410613536835,0.0534704327583313,0.43156641721725464,0.28776127099990845,129.19921875,6098.35498046875,1307.272216796875,2728.3134765625,359.56573486328125,0.15960243344306946,0.07000462710857391,18.789508819580078,4.833076000213623,disco,disco.00007.wav
-32.4671745300293,65.00106811523438,-26.697555541992188,30.282535552978516,5.743128776550293,11.739748001098633,-2.158412456512451,10.449981689453125,-2.361821174621582,5.323516368865967,-3.8081305027008057,-0.8611962199211121,-0.18782520294189453,40.18499755859375,20.366397857666016,19.589160919189453,14.708721160888672,12.802706718444824,11.102873802185059,11.726040840148926,8.99897289276123,9.808547019958496,8.631510734558105,9.888235092163086,7.661113739013672,8.235780715942383,2802.54150390625,556.5603637695312,0.16440792381763458,0.05613425746560097,0.45534127950668335,0.2944009602069855,123.046875,5449.68359375,1083.8641357421875,2424.9609375,313.7097473144531,0.1906038224697113,0.07515676319599152,17.822219848632812,3.8869800567626953,disco,disco.00008.wav
-68.97056579589844,63.13103485107422,-15.85486125946045,28.00218963623047,8.183475494384766,7.321165084838867,-4.936118125915527,9.494792938232422,-0.9736146926879883,-1.603598713874817,-6.19012975692749,-3.9367525577545166,-1.1710127592086792,64.30965423583984,24.93666648864746,23.190746307373047,12.486235618591309,12.329032897949219,8.574098587036133,7.948537349700928,6.349574565887451,7.110899925231934,7.546267986297607,7.433171272277832,7.068272590637207,6.8562397956848145,3016.630615234375,753.014404296875,0.1706535369157791,0.06878800690174103,0.44215425848960876,0.28048762679100037,129.19921875,5954.6474609375,1401.5316162109375,2623.392822265625,412.8897705078125,0.1189480796456337,0.043402861803770065,18.990921020507812,6.347257614135742,disco,disco.00009.wav
-6.7841386795043945,61.12632369995117,-16.656654357910156,27.431991577148438,7.72236442565918,16.008893966674805,4.634706497192383,11.44950008392334,0.33629199862480164,9.83217716217041,3.185621738433838,5.025588035583496,-1.862208366394043,34.24005126953125,19.562664031982422,17.192331314086914,11.316621780395508,12.359539985656738,9.792343139648438,10.226877212524414,8.42903995513916,7.865485191345215,7.623892307281494,7.020654678344727,8.087631225585938,7.132238864898682,2877.64697265625,581.1825561523438,0.15032410621643066,0.059514712542295456,0.4375571310520172,0.2960638999938965,107.666015625,5866.05615234375,1060.3955078125,2624.146240234375,276.5269470214844,0.2328503429889679,0.055030450224876404,16.8782901763916,3.901730537414551,disco,disco.00010.wav
-41.32794952392578,62.79434585571289,7.325326919555664,12.125494003295898,6.356637477874756,9.265048027038574,3.093090057373047,13.867353439331055,0.1636040210723877,8.06710147857666,-2.6970009803771973,-7.219517230987549,-3.245378255844116,38.87535095214844,22.771818161010742,18.8792667388916,13.194746017456055,10.341894149780273,11.617759704589844,11.073090553283691,8.66207218170166,8.458418846130371,7.76975679397583,8.39433479309082,7.8169169425964355,6.580533981323242,3132.84912109375,792.5283203125,0.13097652792930603,0.07374648004770279,0.3736674189567566,0.3038780987262726,95.703125,6864.0,1201.652587890625,3007.9677734375,332.535888671875,0.1888572871685028,0.045492127537727356,19.406265258789062,6.915213108062744,disco,disco.00011.wav
-57.66926956176758,68.38035583496094,-15.251751899719238,23.414113998413086,14.855438232421875,13.172660827636719,2.1979193687438965,12.811308860778809,0.06121476739645004,12.777957916259766,0.0394057035446167,3.369821548461914,0.8151105046272278,48.412506103515625,25.951034545898438,19.474863052368164,15.276276588439941,11.566164016723633,12.293128967285156,9.454947471618652,8.7461519241333,9.774773597717285,8.042651176452637,8.472329139709473,7.514152526855469,7.342935562133789,2739.07568359375,699.1007080078125,0.13174939155578613,0.06218414381146431,0.42879608273506165,0.3017945885658264,112.3471450805664,5710.89892578125,1371.206787109375,2613.798095703125,360.00030517578125,0.17580029368400574,0.06056087464094162,17.41522979736328,4.060847759246826,disco,disco.00012.wav
-40.07042694091797,56.2091064453125,23.67975425720215,31.92544937133789,2.4516677856445312,2.5737195014953613,-2.4787795543670654,3.0920588970184326,1.8828638792037964,3.350965738296509,0.0001427854149369523,-1.5209647417068481,-2.4554946422576904,51.31704330444336,20.14596176147461,17.529342651367188,14.475109100341797,10.657238960266113,10.62126350402832,10.955781936645508,7.4612321853637695,9.846407890319824,8.088451385498047,6.708477020263672,7.223850727081299,6.438103675842285,3391.83203125,769.1781005859375,0.1595768928527832,0.06959175318479538,0.4213252365589142,0.28621745109558105,184.5703125,7204.40625,1162.9605712890625,3108.9716796875,295.9736633300781,0.17078040540218353,0.0487901046872139,18.160062789916992,6.035428524017334,disco,disco.00013.wav
-23.927661895751953,61.22075653076172,-0.9586992263793945,25.331012725830078,0.39423465728759766,6.030254364013672,2.489081621170044,6.189191818237305,-0.3292669653892517,9.69687557220459,-5.507835388183594,1.06181800365448,-2.436964750289917,32.49463653564453,19.231700897216797,13.169732093811035,10.753071784973145,8.34104061126709,9.081337928771973,7.481739044189453,6.187472820281982,7.726344108581543,8.258091926574707,6.731967926025391,6.239837646484375,6.965564250946045,3087.48388671875,535.050048828125,0.1563066840171814,0.052000511437654495,0.4362133741378784,0.27577832341194153,103.359375,6530.0439453125,979.7236938476562,2812.66357421875,241.5763397216797,0.1737232655286789,0.03441547229886055,18.105146408081055,3.950252056121826,disco,disco.00014.wav
-46.826416015625,103.72579956054688,22.14641571044922,9.23317813873291,2.2635014057159424,-4.791667938232422,4.809458255767822,0.9585230350494385,-9.410541534423828,-1.0655137300491333,-0.8630862236022949,-5.274380207061768,-1.7578693628311157,50.172821044921875,29.796512603759766,19.97260093688965,13.59739875793457,12.04989242553711,10.687335968017578,11.905965805053711,7.5169997215271,7.658453464508057,9.35407543182373,7.738970756530762,7.060204029083252,7.732052803039551,2361.73583984375,831.5797729492188,0.09018917381763458,0.03945344313979149,0.41464346647262573,0.28199344873428345,123.046875,5438.2587890625,2270.110107421875,2806.608154296875,564.4705200195312,0.2158627063035965,0.046009600162506104,18.927717208862305,5.779963970184326,disco,disco.00015.wav
-36.030982971191406,83.65930938720703,-2.7294113636016846,32.392513275146484,9.196341514587402,4.13421630859375,0.03383898735046387,11.114394187927246,-2.890820264816284,7.905869007110596,0.6144370436668396,3.6502342224121094,3.751537799835205,43.43854522705078,27.224271774291992,17.701732635498047,12.769864082336426,8.717132568359375,9.906214714050293,9.379091262817383,7.790539264678955,7.676418304443359,7.008976936340332,8.184440612792969,6.726195812225342,7.861987113952637,2522.870361328125,723.1552734375,0.11443506181240082,0.0474863238632679,0.43456846475601196,0.28809648752212524,123.046875,5342.9091796875,1560.4554443359375,2564.5703125,427.205810546875,0.20560874044895172,0.044032417237758636,17.82808494567871,4.073912143707275,disco,disco.00016.wav
-98.15684509277344,92.40119171142578,2.6636738777160645,19.337894439697266,3.5860509872436523,-1.7657077312469482,-1.7049834728240967,-3.1714422702789307,-9.092040061950684,-4.0804572105407715,-5.185576438903809,-5.487850189208984,-4.233516216278076,58.65107727050781,29.345430374145508,20.767261505126953,16.811553955078125,13.791770935058594,11.836869239807129,8.587420463562012,8.627950668334961,8.806224822998047,7.346250534057617,8.071053504943848,7.249453544616699,6.831920623779297,2564.677490234375,941.906982421875,0.12076003849506378,0.06479467451572418,0.4046986997127533,0.2817079722881317,123.046875,5388.9921875,1957.4437255859375,2670.267578125,542.6898803710938,0.11607085913419724,0.0591338686645031,18.548160552978516,6.038190841674805,disco,disco.00017.wav
-73.15040588378906,71.75239562988281,12.095571517944336,1.3943438529968262,4.529426097869873,10.863226890563965,3.8709230422973633,0.9386609792709351,-5.979771614074707,9.034467697143555,-2.3677687644958496,3.5552120208740234,-0.14263997972011566,61.519630432128906,22.724756240844727,23.547077178955078,21.13055992126465,15.272297859191895,14.236675262451172,13.147159576416016,10.779793739318848,11.660250663757324,9.495133399963379,9.596479415893555,8.403227806091309,8.932306289672852,3043.380859375,674.2775268554688,0.14359928667545319,0.05244750902056694,0.37004274129867554,0.2970511317253113,123.046875,6839.091796875,1258.8944091796875,3001.113037109375,332.6946716308594,0.13866780698299408,0.04765847325325012,19.485776901245117,5.754839897155762,disco,disco.00018.wav
-95.10371398925781,109.3531723022461,-30.161178588867188,16.35865592956543,20.039730072021484,11.96281623840332,3.485529899597168,6.173969268798828,5.2001824378967285,8.620757102966309,0.34259647130966187,0.3836270868778229,0.5362716317176819,92.61106872558594,40.46223831176758,29.30210304260254,15.944222450256348,17.428415298461914,8.250351905822754,10.454784393310547,6.834560394287109,5.7912397384643555,6.069144248962402,5.807950973510742,6.0528950691223145,6.05436897277832,2117.55078125,961.488037109375,0.1036626398563385,0.052831072360277176,0.44494399428367615,0.2866900861263275,117.4538345336914,4198.94970703125,2174.685791015625,2143.899169921875,747.3600463867188,0.14695052802562714,0.05662691965699196,18.59848976135254,4.710660934448242,disco,disco.00019.wav
-103.96162414550781,105.80915069580078,-14.325732231140137,36.738468170166016,-10.34866714477539,16.810850143432617,-6.82280969619751,8.140345573425293,-4.461958885192871,0.9882636666297913,-10.006155014038086,0.3835429251194,-1.7078524827957153,54.64364242553711,37.6674919128418,20.95540428161621,15.266928672790527,14.118836402893066,9.335331916809082,8.74829387664795,8.629217147827148,8.166337013244629,8.880453109741211,8.82406997680664,7.991812229156494,7.499362468719482,2117.828857421875,717.2307739257812,0.10330171883106232,0.04704912751913071,0.3427105247974396,0.29540693759918213,161.4990234375,4351.2236328125,1404.85107421875,2114.9873046875,438.7626037597656,0.12461574375629425,0.028856877237558365,20.559280395507812,4.596508502960205,disco,disco.00020.wav
-115.1325454711914,70.42537689208984,31.2427921295166,11.176328659057617,13.064189910888672,3.8674585819244385,1.8087031841278076,4.970710754394531,-1.0388264656066895,3.926027297973633,-1.292635202407837,-0.68841552734375,-1.0751352310180664,50.395992279052734,21.962406158447266,28.616029739379883,15.826472282409668,11.219667434692383,10.715290069580078,7.187723636627197,8.815499305725098,8.843524932861328,7.3065619468688965,9.061842918395996,7.665367603302002,6.375241279602051,3248.532958984375,826.9284057617188,0.12405480444431305,0.04499528184533119,0.401155024766922,0.29650482535362244,107.666015625,7422.53857421875,1659.314208984375,3305.01806640625,472.3229064941406,0.11133676767349243,0.04504295065999031,17.438886642456055,3.9487924575805664,disco,disco.00021.wav
-71.94239044189453,46.88916015625,21.026212692260742,29.95095443725586,9.497894287109375,2.405278444290161,8.244611740112305,2.5142548084259033,-2.1629691123962402,0.4397124648094177,-0.23318739235401154,-1.5565153360366821,-3.6136648654937744,45.71868896484375,21.372257232666016,15.001791000366211,13.600836753845215,11.820898056030273,9.682901382446289,8.813251495361328,8.05118179321289,6.359784126281738,7.903039455413818,7.280691623687744,6.990312576293945,5.976851940155029,3707.4873046875,895.4744262695312,0.17289993166923523,0.09129611402750015,0.4353606104850769,0.2991095781326294,123.046875,7806.927734375,1305.057861328125,3249.37451171875,334.9650573730469,0.13689656555652618,0.06557880342006683,17.805233001708984,5.7363972663879395,disco,disco.00022.wav
-32.17341232299805,60.033607482910156,3.3775675296783447,18.96906852722168,4.3263349533081055,0.6811349391937256,-2.0263912677764893,1.3316941261291504,-4.646989822387695,3.789341688156128,-6.734154224395752,-4.892331123352051,-2.343729019165039,52.41401672363281,27.74861717224121,20.138946533203125,19.4715633392334,16.94287872314453,13.5226469039917,12.895146369934082,10.327096939086914,9.415565490722656,8.46243953704834,7.552238464355469,6.2246551513671875,7.635767936706543,3167.808349609375,837.3017578125,0.15100324153900146,0.08116006851196289,0.4352630376815796,0.2944868505001068,112.3471450805664,6730.517578125,1408.84521484375,2934.994384765625,316.1971435546875,0.17820890247821808,0.044355083256959915,17.907421112060547,5.435197830200195,disco,disco.00023.wav
-69.59933471679688,83.0595703125,-16.599525451660156,0.11946944147348404,7.415704250335693,0.7696189880371094,1.337007999420166,4.690686225891113,-1.420871376991272,3.3284730911254883,-2.8755643367767334,-8.202937126159668,-5.765528202056885,48.217472076416016,20.99051284790039,17.483060836791992,13.759998321533203,10.225967407226562,10.03850269317627,8.664892196655273,7.707857608795166,8.618705749511719,8.159071922302246,7.837821960449219,8.078998565673828,6.922665119171143,2625.094970703125,585.4210205078125,0.12025853246450424,0.038866281509399414,0.3726048171520233,0.28462937474250793,129.19921875,5606.40771484375,1452.526611328125,2709.990234375,360.5367431640625,0.14297516644001007,0.06291434168815613,19.4526424407959,5.929573059082031,disco,disco.00024.wav
-124.19867706298828,90.169677734375,-11.31260871887207,10.940361976623535,-1.1521435976028442,-3.75439715385437,-0.8530473709106445,-3.8402538299560547,-3.708951473236084,-0.2670247554779053,-5.823245525360107,-3.430600643157959,-4.625741481781006,68.41375732421875,29.91717529296875,16.515249252319336,15.650411605834961,10.616629600524902,13.543920516967773,11.009570121765137,10.880989074707031,10.174665451049805,9.262861251831055,8.584735870361328,8.025863647460938,9.557286262512207,2410.001953125,770.408203125,0.09966039657592773,0.05012340843677521,0.3580901622772217,0.3061419129371643,123.046875,5080.29443359375,1761.91748046875,2575.8046875,454.3086242675781,0.10787618905305862,0.05843976140022278,18.925739288330078,5.1472601890563965,disco,disco.00025.wav
-68.09458923339844,66.36573028564453,11.869311332702637,21.982038497924805,9.769292831420898,6.696674346923828,1.6115297079086304,3.8194947242736816,0.9587366580963135,4.773913860321045,-4.204498291015625,-0.058831289410591125,-1.2347756624221802,51.73375701904297,23.354137420654297,17.996585845947266,18.501441955566406,12.88342571258545,10.988838195800781,11.506767272949219,8.25214672088623,8.517562866210938,8.843121528625488,7.859811782836914,7.226171016693115,7.310322284698486,3042.9931640625,887.0668334960938,0.13157516717910767,0.0744159072637558,0.4012705385684967,0.2936580181121826,117.4538345336914,6611.98486328125,1552.6500244140625,2969.13427734375,347.05609130859375,0.1430158168077469,0.03918188437819481,18.540557861328125,5.881818771362305,disco,disco.00026.wav
-155.63731384277344,60.56849670410156,23.1668643951416,31.18634796142578,25.054384231567383,16.906993865966797,9.438360214233398,8.449132919311523,5.317451000213623,6.556657314300537,5.762754440307617,3.9231863021850586,7.559715270996094,81.18011474609375,35.086875915527344,37.68122482299805,17.876399993896484,16.216960906982422,12.340705871582031,10.809048652648926,10.990595817565918,9.758986473083496,7.896310329437256,9.337791442871094,7.517828464508057,8.199296951293945,2909.98388671875,1220.657958984375,0.10124882310628891,0.07425717264413834,0.4853443205356598,0.29432860016822815,112.3471450805664,6351.1533203125,2119.8134765625,2990.75390625,517.979248046875,0.11559313535690308,0.05900568887591362,17.54458236694336,5.344277858734131,disco,disco.00027.wav
-20.481245040893555,53.708106994628906,5.945927143096924,10.153067588806152,17.057161331176758,9.541378021240234,4.611902713775635,6.3989410400390625,-0.33330103754997253,1.7238894701004028,3.6845264434814453,-0.7746317386627197,-5.887972354888916,41.058441162109375,20.769689559936523,19.06772804260254,14.319427490234375,11.221384048461914,7.7671403884887695,8.625853538513184,7.019013404846191,7.298027038574219,8.011362075805664,8.983935356140137,6.35945987701416,6.89724588394165,3713.366943359375,1011.5591430664062,0.19824747741222382,0.1159520298242569,0.48300155997276306,0.28491732478141785,123.046875,7726.37841796875,1247.137939453125,3188.443115234375,289.3522033691406,0.1725243180990219,0.05814367160201073,17.071508407592773,5.338653087615967,disco,disco.00028.wav
-59.00656509399414,68.8701171875,-8.457221984863281,3.5900607109069824,5.072522163391113,3.284627914428711,13.525486946105957,-1.369273066520691,1.6712123155593872,3.7126450538635254,-3.7159910202026367,-0.3171887695789337,-2.835763692855835,42.96726608276367,18.38621711730957,15.013961791992188,13.6305513381958,11.4249267578125,10.5382719039917,9.72426986694336,9.32086181640625,9.206868171691895,8.656051635742188,9.240933418273926,7.435593128204346,7.7340826988220215,3075.05908203125,620.1865844726562,0.13853393495082855,0.04996561259031296,0.3840736448764801,0.3073655068874359,103.359375,6848.7587890625,1414.347412109375,3031.881103515625,345.2590026855469,0.14752869307994843,0.05644486844539642,18.886768341064453,5.615641117095947,disco,disco.00029.wav
-40.7292366027832,63.94740295410156,4.904890060424805,16.340808868408203,12.100067138671875,9.339080810546875,4.540617942810059,5.189632892608643,-0.5894373655319214,-0.06985197216272354,2.9546146392822266,-1.4821672439575195,-1.7598724365234375,44.74850082397461,20.898883819580078,14.777390480041504,15.734881401062012,14.131888389587402,9.623412132263184,9.527680397033691,7.990306377410889,7.654205799102783,8.284869194030762,7.163671493530273,6.377661228179932,6.191878318786621,3168.111328125,819.4340209960938,0.15086227655410767,0.07706370204687119,0.45030638575553894,0.2825363874435425,135.99917602539062,6935.35791015625,1304.1917724609375,3047.644287109375,283.22406005859375,0.1699541062116623,0.06812554597854614,17.675872802734375,5.2469801902771,disco,disco.00030.wav
-66.56880950927734,58.31061935424805,-8.17902660369873,15.493414878845215,5.575189113616943,7.697162628173828,4.071543216705322,-3.5835304260253906,-1.321885108947754,1.608825922012329,-5.4825334548950195,-3.7345499992370605,-3.239858627319336,49.27593231201172,18.31797218322754,16.094783782958984,15.326261520385742,11.911059379577637,10.97594928741455,9.250744819641113,9.646316528320312,8.394100189208984,7.121554851531982,7.138974189758301,8.08257007598877,6.59097146987915,3257.126953125,623.50341796875,0.17381452023983002,0.052773114293813705,0.4171755909919739,0.28956079483032227,123.046875,6681.10107421875,1261.4229736328125,2898.084228515625,305.4680480957031,0.115748330950737,0.05012840777635574,17.42481803894043,4.150684833526611,disco,disco.00031.wav
-123.20343780517578,86.96167755126953,-22.49518585205078,6.931238651275635,8.458765029907227,12.637701034545898,-0.8590044379234314,-0.8323708176612854,-3.2620909214019775,2.6230344772338867,-0.7835581302642822,-0.4259603023529053,-3.829258441925049,76.5809555053711,30.938825607299805,22.82101821899414,17.581321716308594,13.027555465698242,11.946551322937012,11.497783660888672,11.121635437011719,9.634634017944336,8.524042129516602,7.868382453918457,7.949559688568115,7.895135879516602,2447.50537109375,700.5133056640625,0.12327627837657928,0.052494198083877563,0.3685377836227417,0.30064085125923157,112.3471450805664,4959.6201171875,1627.7088623046875,2449.620361328125,463.93841552734375,0.1111329048871994,0.06633719801902771,19.725828170776367,5.770339488983154,disco,disco.00032.wav
-57.80061340332031,86.53878021240234,-11.77696704864502,38.776798248291016,2.375864028930664,8.829936981201172,-1.2931183576583862,9.917737007141113,-1.6644963026046753,9.836173057556152,3.0134122371673584,7.524686336517334,1.717929482460022,46.61643600463867,27.832416534423828,21.238819122314453,14.912635803222656,10.99988079071045,8.952430725097656,7.62869119644165,7.91232442855835,7.154642581939697,7.450596809387207,9.272571563720703,9.215059280395508,8.662723541259766,2450.40771484375,638.8408813476562,0.12449924647808075,0.04079810902476311,0.3918999433517456,0.29116472601890564,129.19921875,5024.453125,1342.48193359375,2388.143798828125,418.38616943359375,0.15696203708648682,0.03211132809519768,19.65284538269043,4.752894878387451,disco,disco.00033.wav
-65.79325866699219,52.83180236816406,16.578832626342773,12.546979904174805,5.6043381690979,8.383380889892578,-0.6104740500450134,-0.6237841248512268,-4.082043170928955,0.6868590116500854,-7.78745698928833,-1.8914623260498047,-7.249997615814209,40.1284065246582,13.913105964660645,18.014394760131836,15.03920841217041,11.63943862915039,12.383800506591797,8.576455116271973,8.23324966430664,8.439689636230469,8.969669342041016,7.866211414337158,6.973804950714111,8.445613861083984,3653.39697265625,564.3777465820312,0.18083450198173523,0.05661728233098984,0.3576597571372986,0.29262590408325195,129.19921875,7835.32763671875,745.7352294921875,3234.17333984375,248.8731689453125,0.12288417667150497,0.044836681336164474,18.77133560180664,5.451639175415039,disco,disco.00034.wav
-51.813499450683594,55.66841506958008,11.39661979675293,7.471484661102295,12.000198364257812,6.259165287017822,4.356969356536865,4.310425758361816,-5.940892219543457,0.5657939910888672,3.59938907623291,-2.3887081146240234,-5.823011875152588,43.255680084228516,24.29900360107422,17.409767150878906,13.196680068969727,11.10244083404541,8.122298240661621,9.159212112426758,6.846170425415039,7.468336582183838,7.253963470458984,9.727822303771973,6.928507328033447,7.10752010345459,3623.81640625,957.6295166015625,0.17642825841903687,0.08555817604064941,0.40266281366348267,0.28655770421028137,123.046875,7702.89501953125,1380.450439453125,3229.65234375,327.79541015625,0.15231217443943024,0.06610047817230225,18.326704025268555,6.320909023284912,disco,disco.00035.wav
-23.55833625793457,57.34353256225586,7.011987209320068,16.52512550354004,5.500359058380127,11.859777450561523,1.6749341487884521,5.46185827255249,2.7552292346954346,7.339150428771973,1.9634922742843628,1.2612276077270508,-2.3459415435791016,39.81442642211914,17.080183029174805,15.809082984924316,11.910387992858887,9.089364051818848,10.503323554992676,7.470072269439697,6.715094089508057,6.923092842102051,6.8191118240356445,6.4454426765441895,6.862238883972168,6.7271928787231445,3348.200927734375,541.3776245117188,0.16205155849456787,0.049941811710596085,0.4347911775112152,0.27610528469085693,135.99917602539062,7057.75732421875,952.0410766601562,3013.270751953125,268.4082946777344,0.17306745052337646,0.05503402277827263,18.176143646240234,5.229446887969971,disco,disco.00036.wav
-26.56824493408203,52.04786682128906,4.177975177764893,12.859308242797852,16.74013900756836,10.133736610412598,4.475160121917725,6.326910495758057,1.1580265760421753,0.6461884379386902,4.612163066864014,2.1431961059570312,-3.3678746223449707,42.14534378051758,17.500329971313477,13.892708778381348,13.311802864074707,10.882696151733398,8.270050048828125,8.216522216796875,6.841350078582764,5.8632941246032715,8.04866886138916,9.506784439086914,5.688098907470703,6.999679088592529,3637.5517578125,697.7662963867188,0.19009560346603394,0.071663498878479,0.4545819163322449,0.2860473096370697,129.19921875,7771.08642578125,1005.9573974609375,3198.867919921875,247.31591796875,0.16388438642024994,0.06026967614889145,17.171281814575195,4.98489236831665,disco,disco.00037.wav
-77.39574432373047,52.15557098388672,-8.997961044311523,12.85235595703125,8.566089630126953,2.8920133113861084,8.930742263793945,4.0137529373168945,-7.34464168548584,-2.2605180740356445,0.9621685147285461,-1.0486537218093872,-3.7624762058258057,42.231285095214844,21.735960006713867,22.02605438232422,17.297897338867188,12.89454174041748,14.921310424804688,12.438652992248535,9.924654006958008,9.49718952178955,9.62367057800293,8.183754920959473,8.646015167236328,7.866833686828613,3354.3603515625,749.0709228515625,0.1682884693145752,0.07504606992006302,0.3707182705402374,0.29452943801879883,123.046875,7044.9072265625,1326.8935546875,2987.366943359375,333.95025634765625,0.1131276935338974,0.043425604701042175,18.605981826782227,5.387657165527344,disco,disco.00038.wav
-107.36451721191406,91.02146911621094,-8.338967323303223,34.284461975097656,-1.9262821674346924,3.796600580215454,10.53145694732666,5.561392307281494,6.944074630737305,4.777405261993408,0.6849833130836487,-3.8546648025512695,-2.5791146755218506,48.76862716674805,26.568939208984375,24.05046844482422,17.333168029785156,11.333244323730469,12.286437034606934,9.271170616149902,9.76531982421875,9.484076499938965,8.014211654663086,7.8919677734375,7.0340728759765625,6.793674945831299,2328.73583984375,580.9788208007812,0.10118608176708221,0.02819237671792507,0.34097588062286377,0.2985627055168152,112.3471450805664,4868.27880859375,1400.329833984375,2432.210693359375,506.3603820800781,0.1243385449051857,0.03609327971935272,20.155820846557617,5.126642227172852,disco,disco.00039.wav
-78.3511734008789,80.07461547851562,-9.167376518249512,25.477052688598633,-3.3905441761016846,16.80940055847168,7.270705699920654,1.8186620473861694,0.49557429552078247,6.320318698883057,1.4938976764678955,2.163630247116089,0.6581048369407654,51.15778350830078,25.295740127563477,16.84514808654785,16.710796356201172,13.188244819641113,9.21357250213623,11.656094551086426,9.932334899902344,9.903456687927246,8.01154899597168,8.16450023651123,7.767425060272217,7.831818103790283,2605.15869140625,638.0967407226562,0.12638850510120392,0.04925769194960594,0.420886367559433,0.288321316242218,135.99917602539062,5352.61767578125,1240.61083984375,2533.400390625,355.3431701660156,0.14515092968940735,0.07560162246227264,18.725967407226562,5.4465436935424805,disco,disco.00040.wav
-122.06816864013672,116.81796264648438,28.333023071289062,24.72945213317871,10.9462308883667,-1.8944624662399292,-1.4049607515335083,-0.9484212398529053,-3.5381524562835693,-2.6139373779296875,-1.1199346780776978,-4.180541038513184,-2.5521881580352783,65.96478271484375,30.268190383911133,20.093992233276367,16.734477996826172,13.843334197998047,11.678607940673828,11.191997528076172,8.074482917785645,8.915167808532715,7.95051908493042,8.176520347595215,7.479684829711914,6.551739692687988,1776.3958740234375,787.226806640625,0.0538424551486969,0.036524757742881775,0.35578653216362,0.2992807626724243,161.4990234375,3874.776611328125,2176.922119140625,2452.744384765625,555.21142578125,0.17537039518356323,0.05854414403438568,20.75788688659668,5.936873912811279,disco,disco.00041.wav
-62.30523681640625,92.05400085449219,-19.720611572265625,17.629362106323242,-3.1775431632995605,5.419750213623047,-4.000616073608398,8.885711669921875,-2.490158796310425,3.1609385013580322,-0.5298750996589661,-1.490691065788269,1.2983328104019165,59.267356872558594,24.128311157226562,19.777236938476562,10.792852401733398,8.622544288635254,9.521261215209961,8.161307334899902,7.321292877197266,7.0413031578063965,6.084502696990967,6.794550895690918,6.321689605712891,7.532873153686523,2403.9326171875,553.1104125976562,0.12167764455080032,0.04013127088546753,0.3941138982772827,0.28776535391807556,103.359375,4901.478515625,1279.9224853515625,2395.00732421875,388.38800048828125,0.1359810084104538,0.043712735176086426,18.060571670532227,4.24342679977417,disco,disco.00042.wav
-62.78811264038086,77.84590148925781,3.535339117050171,26.012876510620117,5.932444095611572,11.292922973632812,11.104592323303223,-1.959661602973938,1.8299740552902222,9.186840057373047,4.068376541137695,0.9767575263977051,5.618281841278076,61.341190338134766,36.694156646728516,26.944421768188477,15.947515487670898,13.833109855651855,9.421417236328125,9.861135482788086,11.020176887512207,8.33394718170166,9.18862533569336,7.7817511558532715,7.055290222167969,8.204339027404785,2875.523681640625,1129.5333251953125,0.13478414714336395,0.07237925380468369,0.42033129930496216,0.29265275597572327,129.19921875,6020.16357421875,2427.275634765625,2760.719482421875,731.8776245117188,0.1736527979373932,0.04941241443157196,19.204105377197266,4.833014011383057,disco,disco.00043.wav
-71.24205017089844,97.7214584350586,-18.355274200439453,8.578152656555176,5.202038764953613,-0.9389216899871826,0.46801549196243286,1.6290963888168335,-4.7780914306640625,0.06490763276815414,-0.5487089157104492,-4.452000141143799,-5.314455986022949,63.750343322753906,31.033132553100586,20.514806747436523,16.44229507446289,14.620770454406738,12.224696159362793,10.937366485595703,8.386610984802246,8.583002090454102,8.650076866149902,7.8849968910217285,6.852473258972168,6.686583518981934,2330.43408203125,702.651611328125,0.10959646850824356,0.04039861261844635,0.36704447865486145,0.29194003343582153,123.046875,4645.41357421875,1748.7276611328125,2437.648193359375,494.85699462890625,0.14895689487457275,0.054441072046756744,18.546537399291992,5.037801265716553,disco,disco.00044.wav
-81.29733276367188,106.4761962890625,-9.534991264343262,17.970006942749023,3.011077404022217,8.301613807678223,3.8938748836517334,4.249102592468262,-3.739396810531616,-2.078542947769165,-2.2060983180999756,-4.587527751922607,-1.1600444316864014,63.231300354003906,38.4405517578125,20.563913345336914,15.330824851989746,13.745267868041992,12.120687484741211,10.046119689941406,7.137539863586426,7.430242538452148,6.157126426696777,6.577474117279053,6.6305155754089355,6.756292819976807,2248.157958984375,916.9718627929688,0.10974196344614029,0.0658726915717125,0.40740296244621277,0.2873303294181824,123.046875,4609.8720703125,1933.6204833984375,2368.73779296875,571.806396484375,0.13541683554649353,0.05301424488425255,18.069904327392578,5.4568963050842285,disco,disco.00045.wav
-125.69445037841797,101.7862777709961,-17.48869514465332,33.677490234375,-15.244757652282715,23.698762893676758,-8.658020973205566,18.546085357666016,-14.059921264648438,19.96295928955078,-15.148183822631836,12.975601196289062,-14.307978630065918,55.731136322021484,20.116222381591797,21.117599487304688,17.791584014892578,12.433478355407715,14.861265182495117,12.352014541625977,9.986703872680664,8.624667167663574,8.751168251037598,8.598052024841309,8.365426063537598,9.931827545166016,2259.66748046875,528.0524291992188,0.11426007747650146,0.04781064763665199,0.3763195872306824,0.3056528568267822,123.046875,4889.17041015625,1221.166259765625,2272.868896484375,370.8635559082031,0.11299213767051697,0.05481865629553795,21.821407318115234,9.173973083496094,disco,disco.00046.wav
-280.9080810546875,120.81539916992188,-37.61225509643555,28.736146926879883,-10.789444923400879,-6.406518936157227,-13.808621406555176,-4.062507629394531,-14.859973907470703,4.791967391967773,-20.174320220947266,-5.093949794769287,-6.792037487030029,62.992897033691406,24.111610412597656,26.63509178161621,16.392610549926758,12.81089973449707,13.214101791381836,10.870545387268066,10.163208961486816,10.169891357421875,14.615184783935547,8.629634857177734,8.247864723205566,8.437114715576172,1710.84423828125,647.2008666992188,0.08702290803194046,0.0530092790722847,0.2201482355594635,0.3044140040874481,123.046875,3238.938720703125,1101.5140380859375,1620.146484375,343.7527770996094,0.046984799206256866,0.03279193490743637,23.710464477539062,6.228996276855469,disco,disco.00047.wav
-105.02068328857422,80.22213745117188,-41.111576080322266,54.025760650634766,-8.379423141479492,25.721208572387695,-12.471842765808105,28.713754653930664,-15.008991241455078,15.610892295837402,-7.617063522338867,12.414464950561523,-7.368524074554443,49.57181167602539,21.694683074951172,22.800640106201172,14.859602928161621,12.451706886291504,12.360772132873535,10.00352668762207,8.96267032623291,8.32697868347168,7.532392978668213,7.515415668487549,8.031367301940918,7.609025001525879,2616.1767578125,585.489501953125,0.15437434613704681,0.05761921405792236,0.40967416763305664,0.30063140392303467,99.38401794433594,4983.83642578125,1074.1302490234375,2155.834716796875,309.1716613769531,0.11230551451444626,0.04087081179022789,21.72821807861328,9.281291961669922,disco,disco.00048.wav
-45.13199996948242,98.67164611816406,-24.668424606323242,40.512596130371094,-18.104604721069336,26.11530303955078,-12.694840431213379,13.988503456115723,-15.421141624450684,16.179258346557617,-14.377716064453125,8.14035701751709,-11.9398193359375,60.12588882446289,30.2385196685791,22.369916915893555,13.150057792663574,12.316132545471191,10.508078575134277,11.877614974975586,8.423179626464844,7.897736072540283,7.852210521697998,7.510185718536377,6.836050033569336,7.846003532409668,2397.052490234375,751.992431640625,0.13532117009162903,0.07365593314170837,0.4213731586933136,0.29243630170822144,123.046875,4920.6953125,1324.9188232421875,2208.53369140625,366.77288818359375,0.20951692759990692,0.08500548452138901,21.573095321655273,9.862329483032227,disco,disco.00049.wav
-45.805320739746094,101.74009704589844,-32.078636169433594,34.265602111816406,-17.547401428222656,32.327186584472656,-15.645261764526367,22.041263580322266,-16.110876083374023,18.677486419677734,-13.079385757446289,16.4752197265625,-9.913808822631836,36.4543571472168,18.113819122314453,17.155431747436523,12.526665687561035,10.786818504333496,8.878400802612305,10.005803108215332,6.8489837646484375,7.304912090301514,8.395048141479492,6.889642238616943,6.3087992668151855,5.773815631866455,2376.1513671875,442.74066162109375,0.12878191471099854,0.03607746958732605,0.4511672258377075,0.26599976420402527,107.666015625,5006.72802734375,956.556884765625,2258.53515625,260.96160888671875,0.158993199467659,0.042340535670518875,21.465192794799805,9.749943733215332,disco,disco.00050.wav
-77.19868469238281,89.36663055419922,-34.23228073120117,38.681270599365234,-22.269872665405273,31.254671096801758,-16.385425567626953,22.344226837158203,-16.015026092529297,19.283666610717773,-13.230426788330078,16.724140167236328,-10.393916130065918,40.69599914550781,17.877962112426758,16.994117736816406,12.111468315124512,10.63264274597168,8.575846672058105,9.774298667907715,6.769490718841553,7.179442405700684,8.110939025878906,6.831801891326904,6.057431221008301,5.630163669586182,2651.3203125,454.49444580078125,0.15772391855716705,0.04207051545381546,0.4605198800563812,0.26461824774742126,107.666015625,5372.017578125,842.0089111328125,2309.0390625,231.1989288330078,0.10635125637054443,0.03514113649725914,20.479557037353516,9.512823104858398,disco,disco.00051.wav
-70.51618194580078,90.47600555419922,-48.08651351928711,36.67485046386719,-17.666040420532227,21.60397720336914,-30.186952590942383,24.03990936279297,-20.447668075561523,14.482979774475098,-18.50306510925293,9.126518249511719,-12.047066688537598,40.524269104003906,18.850536346435547,18.177751541137695,14.291255950927734,12.800237655639648,11.498855590820312,9.950455665588379,9.904122352600098,9.266915321350098,8.8037748336792,9.28368854522705,7.343687534332275,7.718198776245117,2591.501708984375,506.0127258300781,0.1698780357837677,0.05159265175461769,0.41644781827926636,0.27985644340515137,123.046875,5062.13623046875,973.4288330078125,2163.1025390625,259.1315612792969,0.12529388070106506,0.04481653496623039,21.212255477905273,9.944976806640625,disco,disco.00052.wav
-108.5107650756836,69.93312072753906,14.870285034179688,45.53962326049805,-5.384937286376953,41.803653717041016,-13.5187406539917,32.55927658081055,-20.397464752197266,23.435901641845703,-12.123884201049805,17.99940299987793,-9.038808822631836,106.6417007446289,41.68592071533203,37.91831588745117,16.871633529663086,15.348488807678223,11.707653999328613,9.442378044128418,9.156441688537598,9.054889678955078,8.260490417480469,7.254019260406494,6.731741428375244,7.213389873504639,3079.468994140625,1109.1912841796875,0.15430745482444763,0.09950169920921326,0.46769261360168457,0.2839062809944153,135.99917602539062,6405.72802734375,1334.327392578125,2709.966552734375,385.8509216308594,0.17256750166416168,0.07302799820899963,20.93437957763672,11.204879760742188,disco,disco.00053.wav
-226.3543243408203,78.27161407470703,7.845218658447266,53.85680389404297,-1.1519349813461304,11.302834510803223,-7.848479270935059,24.365110397338867,-14.952828407287598,18.494565963745117,-19.137502670288086,6.156276702880859,-10.068167686462402,62.06947708129883,27.00348663330078,25.251157760620117,15.757667541503906,13.82188892364502,13.491814613342285,13.363629341125488,10.481308937072754,10.807154655456543,9.974674224853516,9.659463882446289,8.205422401428223,8.324959754943848,2566.1259765625,908.7582397460938,0.11465010046958923,0.07463031262159348,0.40136927366256714,0.30778074264526367,112.3471450805664,5521.50830078125,1464.1119384765625,2533.68701171875,336.68438720703125,0.05215665325522423,0.025798458606004715,21.532062530517578,8.234216690063477,disco,disco.00054.wav
-103.09194946289062,107.49750518798828,-33.526493072509766,52.796356201171875,-9.143341064453125,30.36568832397461,-9.337430953979492,23.046274185180664,-11.90022087097168,18.170902252197266,-7.554081916809082,9.401474952697754,-5.444427967071533,52.63697052001953,21.100862503051758,21.174907684326172,11.73784351348877,9.914521217346191,9.28066635131836,9.518198013305664,8.086973190307617,9.272590637207031,7.1222147941589355,8.484177589416504,6.375432968139648,7.0363898277282715,2108.19970703125,494.7485656738281,0.11041618883609772,0.04176606982946396,0.4630337059497833,0.2795981168746948,129.19921875,4398.70654296875,1053.5257568359375,2072.635009765625,346.65496826171875,0.12149045616388321,0.04312023147940636,20.78902816772461,9.10936164855957,disco,disco.00055.wav
-182.78819274902344,124.18509674072266,-10.06248664855957,41.59244918823242,-7.389993667602539,26.952116012573242,-12.362844467163086,19.82030487060547,-16.069171905517578,16.206390380859375,-10.253924369812012,3.1237123012542725,-8.989256858825684,55.90946578979492,23.999317169189453,17.332582473754883,12.423271179199219,10.765244483947754,10.74062728881836,9.777901649475098,9.244529724121094,8.636998176574707,8.385296821594238,7.376351356506348,9.01826286315918,6.859817028045654,1755.2904052734375,564.7536010742188,0.07696816325187683,0.03752317652106285,0.35825198888778687,0.3015170693397522,89.10291290283203,3816.26025390625,1285.14501953125,2043.0111083984375,361.4200439453125,0.0762047991156578,0.029741868376731873,20.71381950378418,8.10094928741455,disco,disco.00056.wav
-143.208984375,122.59268951416016,-23.920419692993164,28.148860931396484,-23.689157485961914,23.081340789794922,-17.911197662353516,18.753313064575195,-18.636001586914062,18.356426239013672,-13.914460182189941,9.73025894165039,-12.243754386901855,45.25779724121094,15.248003959655762,17.461454391479492,13.575072288513184,12.24842643737793,9.691816329956055,10.245453834533691,7.7888336181640625,8.71514892578125,8.126937866210938,6.7170090675354,7.021717071533203,6.306014060974121,1937.935791015625,359.9304504394531,0.09247298538684845,0.02377324365079403,0.37015920877456665,0.28821617364883423,117.4538345336914,4164.3916015625,932.9259643554688,2099.948974609375,257.4661865234375,0.07617443054914474,0.023165235295891762,20.63713264465332,8.144742012023926,disco,disco.00057.wav
-109.59149932861328,104.14510345458984,-16.2174129486084,45.37646484375,-10.19576644897461,25.55859375,-17.158018112182617,22.278688430786133,-16.850662231445312,16.53579330444336,-12.09670639038086,8.670637130737305,-8.847189903259277,55.382469177246094,23.45518684387207,21.138553619384766,12.816699981689453,11.516265869140625,12.690439224243164,9.673152923583984,8.554226875305176,8.26417350769043,10.513318061828613,9.029205322265625,9.065662384033203,8.102907180786133,2217.96826171875,625.0685424804688,0.11099328100681305,0.06026967987418175,0.4172433912754059,0.29810643196105957,129.19921875,4743.712890625,1166.7947998046875,2245.210205078125,314.3337097167969,0.12223055213689804,0.048149529844522476,21.339054107666016,9.413818359375,disco,disco.00058.wav
-109.05280303955078,106.84856414794922,-18.279069900512695,23.42359161376953,-17.76458168029785,19.019662857055664,-13.615213394165039,18.686107635498047,-18.371767044067383,18.40284538269043,-9.714786529541016,11.857382774353027,-5.560523509979248,64.2242660522461,31.997844696044922,20.815507888793945,13.137332916259766,11.34465217590332,12.909893989562988,11.767044067382812,9.416892051696777,9.728766441345215,8.744378089904785,8.134567260742188,8.914177894592285,8.572948455810547,2279.818603515625,763.2303466796875,0.11021815240383148,0.06897556781768799,0.4033534526824951,0.30099889636039734,123.046875,4828.345703125,1528.5548095703125,2269.768798828125,390.19866943359375,0.11695980280637741,0.053529396653175354,20.822296142578125,9.197888374328613,disco,disco.00059.wav
-121.09522247314453,116.94249725341797,-22.786970138549805,45.14893341064453,-4.239051342010498,30.256324768066406,-12.24527359008789,21.729875564575195,-16.54076385498047,16.233280181884766,-10.655169486999512,7.330419540405273,-9.353950500488281,59.29147720336914,26.057151794433594,21.418148040771484,11.900148391723633,10.957362174987793,9.731945037841797,9.2167387008667,7.944692611694336,8.859445571899414,6.995612144470215,8.264937400817871,6.617658615112305,6.988112449645996,1975.2274169921875,592.164794921875,0.0930330753326416,0.04116394370794296,0.4348427355289459,0.2817523777484894,129.19921875,4251.482421875,1399.765625,2090.041259765625,424.7698059082031,0.11449886858463287,0.040757402777671814,21.353452682495117,8.757974624633789,disco,disco.00060.wav
-91.88630676269531,87.60405731201172,-2.0581753253936768,34.28553771972656,-18.15336799621582,19.344701766967773,-14.697327613830566,17.116172790527344,-15.334747314453125,17.040912628173828,-13.558690071105957,11.848033905029297,-9.811619758605957,73.47974395751953,22.834030151367188,24.736919403076172,15.730679512023926,15.105977058410645,15.805407524108887,11.894416809082031,12.137595176696777,9.225778579711914,11.033554077148438,12.179235458374023,11.011008262634277,11.808476448059082,2550.135498046875,694.644775390625,0.11589045822620392,0.05040514096617699,0.3233638107776642,0.3225356340408325,123.046875,5585.291015625,1393.7952880859375,2486.020751953125,368.2152099609375,0.18443451821804047,0.09845568239688873,21.882917404174805,10.07588005065918,disco,disco.00061.wav
-107.86759948730469,81.93658447265625,-30.634069442749023,41.33193588256836,-8.509502410888672,31.33373260498047,-8.86906909942627,26.030899047851562,-8.280141830444336,17.894874572753906,-4.652872085571289,7.425512313842773,-4.352715969085693,71.58432006835938,25.965303421020508,26.199968338012695,17.75003433227539,14.269417762756348,13.158026695251465,13.474125862121582,10.017232894897461,10.684311866760254,9.435733795166016,8.893227577209473,6.756163120269775,7.705340385437012,2387.92236328125,660.888916015625,0.12770670652389526,0.06207232549786568,0.4268950819969177,0.2966351807117462,107.666015625,4919.662109375,1186.6202392578125,2191.0048828125,315.731201171875,0.15116338431835175,0.09200441837310791,21.001941680908203,9.603243827819824,disco,disco.00062.wav
-51.776084899902344,70.33135223388672,-3.91170072555542,49.742279052734375,1.5879707336425781,35.703487396240234,-4.088695049285889,24.78790855407715,-9.707022666931152,22.039283752441406,-6.114995956420898,17.181259155273438,-2.7664239406585693,53.388912200927734,18.892528533935547,20.401636123657227,13.622989654541016,10.960737228393555,9.317256927490234,10.84660530090332,8.338264465332031,9.600271224975586,7.968530178070068,8.23432731628418,6.772389888763428,8.62919807434082,2583.32666015625,663.8300170898438,0.09977263957262039,0.05808054283261299,0.5478755235671997,0.2705625891685486,129.19921875,5855.53955078125,1245.6669921875,2626.356201171875,351.1478271484375,0.29373863339424133,0.11063007265329361,19.964115142822266,9.917732238769531,disco,disco.00063.wav
-189.21511840820312,93.95932006835938,7.905782222747803,41.89059829711914,-7.09204626083374,31.882492065429688,-12.586034774780273,24.220500946044922,-6.057699203491211,24.537946701049805,-6.0252366065979,16.763090133666992,-2.0117976665496826,86.29004669189453,22.83368492126465,29.23642921447754,17.240297317504883,13.590378761291504,10.554465293884277,11.019320487976074,8.473298072814941,10.47085189819336,9.684029579162598,12.194705963134766,11.470730781555176,9.859118461608887,2144.29296875,715.1399536132812,0.06485183537006378,0.03661864250898361,0.3882116973400116,0.31760942935943604,123.046875,4947.728515625,1508.35400390625,2404.159423828125,398.6313171386719,0.09222450852394104,0.031128166243433952,21.69948959350586,8.915996551513672,disco,disco.00064.wav
-106.24380493164062,105.57587432861328,-5.513561725616455,50.055816650390625,1.243984341621399,37.002601623535156,-9.622076034545898,24.011703491210938,-8.668455123901367,14.975655555725098,-2.526041030883789,9.7654390335083,-0.9115710258483887,71.58489990234375,21.953144073486328,29.37338638305664,15.01892375946045,11.43584156036377,11.018218994140625,9.352553367614746,9.871378898620605,8.016092300415039,8.114822387695312,8.362503051757812,10.03334903717041,8.045835494995117,1887.64892578125,561.7158203125,0.07365714758634567,0.04490381106734276,0.471089631319046,0.2926183044910431,129.19921875,4364.94873046875,1291.6009521484375,2191.1875,323.74261474609375,0.1853540688753128,0.07458195835351944,20.53227996826172,9.241852760314941,disco,disco.00065.wav
-57.60671615600586,96.69188690185547,-24.42201805114746,40.014190673828125,-17.260251998901367,27.834213256835938,-13.297422409057617,23.196401596069336,-16.528564453125,19.427146911621094,-15.485602378845215,11.825690269470215,-10.574847221374512,61.301605224609375,25.428142547607422,22.27599334716797,14.545784950256348,12.697896003723145,9.822660446166992,11.789300918579102,9.04450511932373,8.105538368225098,8.473105430603027,8.48538875579834,8.497414588928223,8.729911804199219,2492.85205078125,698.2828979492188,0.13862577080726624,0.06312919408082962,0.4508412480354309,0.2840844690799713,135.99917602539062,5114.62744140625,1227.813232421875,2277.90185546875,334.45037841796875,0.16957618296146393,0.06250937283039093,21.449399948120117,10.034198760986328,disco,disco.00066.wav
-103.76036071777344,92.46227264404297,-27.23040771484375,39.221290588378906,-23.052734375,20.634798049926758,-17.76690101623535,18.95055389404297,-15.204781532287598,16.394330978393555,-14.662063598632812,12.24946117401123,-14.973012924194336,43.08242416381836,19.963626861572266,16.887331008911133,13.710556030273438,9.320565223693848,9.309664726257324,7.864458084106445,6.571953773498535,7.599334716796875,6.848720550537109,6.6603546142578125,7.078824043273926,7.2353835105896,2541.99560546875,508.8730773925781,0.14330828189849854,0.052966583520174026,0.3650035560131073,0.28525644540786743,99.38401794433594,5183.03515625,945.4641723632812,2289.33642578125,251.63807678222656,0.09135410934686661,0.03066553734242916,21.244861602783203,8.911219596862793,disco,disco.00067.wav
-93.31912994384766,77.8344497680664,-8.784327507019043,42.071250915527344,-11.249411582946777,24.245376586914062,-17.912214279174805,22.240354537963867,-16.03913688659668,16.687471389770508,-15.66524887084961,15.4109468460083,-18.128246307373047,43.86564636230469,21.24292755126953,19.621479034423828,12.944690704345703,8.715359687805176,10.82154655456543,8.24771785736084,7.483150005340576,7.352542877197266,7.095041751861572,6.481631278991699,6.892881870269775,6.585518836975098,2956.60009765625,721.0938720703125,0.16269251704216003,0.07437022030353546,0.41619691252708435,0.28394171595573425,107.666015625,6132.021484375,1099.211669921875,2599.740234375,287.7254333496094,0.10679331421852112,0.040989089757204056,21.923784255981445,9.497228622436523,disco,disco.00068.wav
-118.3656997680664,114.23728942871094,-6.782299995422363,37.40087127685547,-17.43193817138672,28.362869262695312,-23.726537704467773,9.283809661865234,-10.439460754394531,12.624765396118164,-5.148675918579102,12.253149032592773,-3.8705227375030518,38.64296340942383,17.579565048217773,16.421945571899414,11.411823272705078,9.515599250793457,9.875736236572266,8.535229682922363,7.528120517730713,7.144429683685303,6.658231258392334,6.323404312133789,5.682182312011719,5.187875270843506,1931.149658203125,434.3800964355469,0.08364121615886688,0.03575504198670387,0.38921892642974854,0.28756362199783325,107.666015625,4515.62255859375,842.6730346679688,2208.9638671875,207.9210968017578,0.11158227175474167,0.041622936725616455,20.32294464111328,8.503866195678711,disco,disco.00069.wav
-81.72715759277344,97.61067962646484,-27.583755493164062,36.644187927246094,-17.25299835205078,30.769319534301758,-15.94863510131836,20.968244552612305,-16.226930618286133,17.418455123901367,-13.363810539245605,15.08084487915039,-10.386919975280762,40.59690475463867,17.99445343017578,17.097614288330078,12.305832862854004,10.742680549621582,8.67222785949707,9.925036430358887,6.862231254577637,7.317311763763428,8.174546241760254,6.804758071899414,6.091158390045166,5.620056629180908,2449.296875,461.02520751953125,0.13461482524871826,0.038901373744010925,0.4555019736289978,0.2664240300655365,107.666015625,5185.3603515625,931.2861938476562,2311.913818359375,250.97427368164062,0.11101832985877991,0.037280138581991196,20.295270919799805,9.377191543579102,disco,disco.00070.wav
-105.51603698730469,79.256591796875,-15.20765209197998,40.82554626464844,-12.267790794372559,23.559673309326172,-19.938488006591797,27.319257736206055,-16.512426376342773,21.53839683532715,-11.680120468139648,13.99189281463623,-10.775012969970703,39.8779182434082,17.793874740600586,19.10627555847168,11.662503242492676,11.421579360961914,10.915882110595703,9.220694541931152,8.822648048400879,9.637372970581055,8.536910057067871,6.679865837097168,6.69710111618042,6.520256519317627,2809.021484375,598.816162109375,0.15595068037509918,0.0683467760682106,0.4355066120624542,0.2867082953453064,112.3471450805664,6001.38037109375,851.108154296875,2530.89306640625,226.01483154296875,0.09814836829900742,0.039542775601148605,21.17647933959961,9.774806022644043,disco,disco.00071.wav
-128.46766662597656,67.26374053955078,-36.918983459472656,40.90837097167969,-21.745594024658203,23.162696838378906,-13.252984046936035,13.09386157989502,-14.004484176635742,17.799564361572266,-15.179245948791504,16.372459411621094,-10.465580940246582,64.68461608886719,24.414264678955078,23.281692504882812,21.00287628173828,16.79103660583496,14.972407341003418,12.120763778686523,14.225570678710938,10.702890396118164,9.627080917358398,9.026267051696777,9.697072982788086,8.212163925170898,2902.9833984375,674.1446533203125,0.1841387152671814,0.07711310684680939,0.43430060148239136,0.28726473450660706,135.99917602539062,5470.5419921875,1061.89697265625,2302.24755859375,279.3610534667969,0.08449772745370865,0.039807844907045364,21.467374801635742,9.02476978302002,disco,disco.00072.wav
-95.25163269042969,82.253662109375,-26.22152328491211,37.522613525390625,-16.355100631713867,25.29429054260254,-21.79648208618164,21.811946868896484,-20.064441680908203,16.297643661499023,-16.119651794433594,14.439221382141113,-11.907042503356934,55.230621337890625,20.98622703552246,15.368470191955566,13.482393264770508,11.496403694152832,8.23994255065918,8.91195297241211,7.761149883270264,6.703416347503662,7.08729362487793,6.506819248199463,5.840104103088379,5.828200817108154,2846.822509765625,561.2774047851562,0.17636702954769135,0.06721990555524826,0.446403831243515,0.275854229927063,112.3471450805664,5925.380859375,869.892822265625,2460.212646484375,228.52615356445312,0.09553591907024384,0.0415748730301857,20.818954467773438,9.825249671936035,disco,disco.00073.wav
-40.7629280090332,86.78238677978516,-26.962377548217773,34.941532135009766,-20.048147201538086,21.65764045715332,-23.953712463378906,19.265037536621094,-17.531558990478516,18.037153244018555,-16.02078628540039,12.44607925415039,-13.877286911010742,42.28572082519531,17.941699981689453,19.170650482177734,11.575477600097656,11.508302688598633,10.852922439575195,9.2678861618042,8.705307006835938,9.61689567565918,8.691255569458008,6.757913589477539,6.829050064086914,6.401194095611572,2649.2177734375,515.8076782226562,0.15116462111473083,0.054298873990774155,0.40280279517173767,0.28383567929267883,112.3471450805664,5545.783203125,866.0530395507812,2383.92822265625,227.507568359375,0.17761214077472687,0.06948975473642349,21.2808895111084,10.198521614074707,disco,disco.00074.wav
-91.75991821289062,86.31499481201172,-17.351943969726562,43.1060676574707,-18.407480239868164,34.05898666381836,-18.420602798461914,26.83688735961914,-13.565130233764648,20.21440887451172,-14.637163162231445,12.66814136505127,-12.608888626098633,38.42158889770508,16.242097854614258,16.23831558227539,10.682994842529297,10.363900184631348,7.976445198059082,9.0188627243042,7.5575432777404785,8.169198036193848,8.247236251831055,7.654966831207275,7.289706230163574,7.190958499908447,2690.932861328125,467.6004943847656,0.12995725870132446,0.04323529079556465,0.4290362000465393,0.2882213592529297,135.99917602539062,5776.39013671875,785.9000854492188,2480.506103515625,225.81231689453125,0.11085661500692368,0.035716746002435684,21.18439483642578,9.896207809448242,disco,disco.00075.wav
-95.87289428710938,103.33598327636719,-36.46080017089844,27.125099182128906,-22.87316131591797,9.98593521118164,-24.656694412231445,15.670154571533203,-20.151212692260742,18.746261596679688,-18.563173294067383,9.864557266235352,-15.108638763427734,54.79027557373047,19.26858901977539,20.71338653564453,15.450949668884277,14.015823364257812,14.754127502441406,10.76205825805664,9.467270851135254,8.586261749267578,8.29960823059082,7.678459167480469,8.469877243041992,8.670722007751465,2252.12255859375,476.57403564453125,0.1219138503074646,0.04007168486714363,0.35316118597984314,0.29545605182647705,129.19921875,4558.63916015625,1053.561279296875,2165.409912109375,280.5950927734375,0.12425734847784042,0.051324401050806046,21.94325828552246,8.941278457641602,disco,disco.00076.wav
-56.90147399902344,97.02407836914062,-17.874454498291016,44.933502197265625,-6.932389736175537,23.813329696655273,-23.314041137695312,25.996196746826172,-10.480186462402344,10.453680992126465,-15.226058006286621,10.030942916870117,-9.161243438720703,52.58992385864258,23.37559700012207,18.83517837524414,12.369006156921387,9.637383460998535,10.675712585449219,9.054679870605469,6.837826251983643,9.778341293334961,8.04799747467041,8.214262008666992,7.826694488525391,8.53044605255127,2308.794189453125,607.9340209960938,0.11760246008634567,0.05353491008281708,0.4156966507434845,0.28992000222206116,117.4538345336914,4944.12841796875,1227.796630859375,2277.868896484375,310.66455078125,0.20663262903690338,0.07055027782917023,22.125356674194336,9.630938529968262,disco,disco.00077.wav
-182.05023193359375,103.41655731201172,-18.227279663085938,31.200912475585938,-12.540436744689941,18.842092514038086,-12.869497299194336,19.37890625,-17.70433235168457,18.500280380249023,-14.324433326721191,11.54508113861084,-11.634119033813477,67.73014068603516,20.108793258666992,19.009960174560547,18.902755737304688,11.828361511230469,13.747530937194824,10.939939498901367,10.227241516113281,8.341363906860352,9.73775863647461,7.992472171783447,8.506553649902344,7.709096908569336,2219.3232421875,571.3685913085938,0.09617402404546738,0.0464390404522419,0.33197021484375,0.30344417691230774,129.19921875,4882.5205078125,1383.9342041015625,2306.993896484375,367.9018249511719,0.06824227422475815,0.037738483399152756,21.31056785583496,8.095829010009766,disco,disco.00078.wav
-154.62330627441406,97.93260192871094,-10.357319831848145,39.1236686706543,-11.213964462280273,24.111309051513672,-11.846502304077148,24.19123077392578,-13.460304260253906,20.55318832397461,-8.327631950378418,5.867451190948486,-9.686903953552246,64.66120147705078,23.95062828063965,16.678543090820312,11.402752876281738,10.78318977355957,11.315435409545898,8.612497329711914,9.199992179870605,8.217456817626953,8.296796798706055,7.870151996612549,7.9710822105407715,8.41293716430664,2292.57763671875,655.3063354492188,0.09981534630060196,0.05384908616542816,0.4530162811279297,0.29459020495414734,123.046875,5038.611328125,1337.52734375,2348.189697265625,313.0567321777344,0.08476999402046204,0.04214742034673691,21.0008487701416,9.466593742370605,disco,disco.00079.wav
-219.4556427001953,94.70133209228516,12.129364013671875,48.87006759643555,-7.212083339691162,16.62851333618164,-15.087896347045898,21.714439392089844,-20.002349853515625,13.238805770874023,-15.698356628417969,5.057011604309082,-15.283743858337402,57.613033294677734,24.533634185791016,21.661867141723633,16.42290687561035,11.80190372467041,17.30203628540039,10.998443603515625,8.272419929504395,10.312285423278809,9.849202156066895,8.914496421813965,8.494016647338867,8.562819480895996,2143.6455078125,750.3098754882812,0.08475042879581451,0.04932205751538277,0.38869795203208923,0.30327555537223816,99.38401794433594,4956.81982421875,1536.9320068359375,2414.241455078125,322.653564453125,0.05919809639453888,0.03227982670068741,21.814619064331055,8.364533424377441,disco,disco.00080.wav
-193.22007751464844,89.19422149658203,-20.013872146606445,38.7435302734375,-2.7159595489501953,17.05726432800293,-7.950160503387451,16.086509704589844,-16.764881134033203,7.716307163238525,-15.712639808654785,9.034708023071289,-11.316749572753906,113.88024139404297,35.43796157836914,20.636734008789062,16.545869827270508,13.630224227905273,15.452224731445312,13.338812828063965,10.44179916381836,11.973788261413574,10.118972778320312,10.913304328918457,11.281744956970215,9.88111400604248,2292.4189453125,784.4120483398438,0.11643089354038239,0.06784558296203613,0.35838356614112854,0.3074091672897339,86.1328125,4740.31298828125,1477.102783203125,2208.341064453125,398.07769775390625,0.07870452851057053,0.048032887279987335,22.333477020263672,8.451122283935547,disco,disco.00081.wav
-63.65033721923828,94.46595764160156,-13.425887107849121,32.7712287902832,-13.714619636535645,26.780269622802734,-19.395612716674805,24.652542114257812,-11.667617797851562,13.727572441101074,-9.44289493560791,8.833795547485352,-4.980146408081055,65.7275390625,33.39222717285156,19.39474868774414,14.438786506652832,18.4731388092041,13.067031860351562,14.91965389251709,10.085530281066895,11.151327133178711,10.355034828186035,9.311192512512207,8.261516571044922,8.377630233764648,2577.013916015625,921.1520385742188,0.13824595510959625,0.07751722633838654,0.4226715564727783,0.2934633493423462,123.046875,5419.3837890625,1643.947021484375,2387.37109375,466.52569580078125,0.18090620636940002,0.08565346896648407,20.894268035888672,9.489286422729492,disco,disco.00082.wav
-167.378173828125,112.48346710205078,-4.582420349121094,37.09086990356445,-8.613286972045898,27.826745986938477,-14.716944694519043,18.52263069152832,-16.490127563476562,13.760586738586426,-13.331284523010254,10.215414047241211,-11.57529067993164,58.4498405456543,27.633136749267578,26.353038787841797,23.013656616210938,15.575342178344727,13.798316955566406,10.762977600097656,10.251909255981445,10.327497482299805,9.328761100769043,8.520008087158203,7.757684707641602,8.815581321716309,1959.5164794921875,680.4269409179688,0.09003347158432007,0.05412156134843826,0.4141328036785126,0.30012258887290955,117.4538345336914,4352.990234375,1528.943115234375,2210.90234375,375.6384582519531,0.08762018382549286,0.03294924274086952,20.338668823242188,8.59235668182373,disco,disco.00083.wav
-197.1792449951172,83.36067199707031,-38.557830810546875,43.71670150756836,-7.295538425445557,25.659221649169922,-8.642003059387207,13.397130966186523,-12.15369701385498,12.154943466186523,-12.050202369689941,10.627792358398438,-2.4053423404693604,95.07003784179688,33.072505950927734,27.624183654785156,17.95701789855957,12.736225128173828,10.766925811767578,9.155556678771973,10.784185409545898,8.668725967407227,8.748846054077148,8.357217788696289,6.925231456756592,9.301924705505371,2455.1240234375,755.027099609375,0.15146394073963165,0.08198918402194977,0.5035033226013184,0.29722005128860474,112.3471450805664,4726.27978515625,1179.861083984375,2100.127685546875,298.746826171875,0.06203171983361244,0.048151567578315735,19.480417251586914,8.847062110900879,disco,disco.00084.wav
-166.76927185058594,67.7310562133789,11.180089950561523,37.429222106933594,-10.94141960144043,27.396169662475586,-18.940847396850586,27.29737091064453,-15.843281745910645,20.550397872924805,-8.622007369995117,14.18761920928955,-6.04898738861084,73.49578094482422,31.746347427368164,25.947446823120117,20.447933197021484,14.805624008178711,13.58863353729248,12.149266242980957,8.618330955505371,10.15694522857666,8.911377906799316,9.948800086975098,9.115403175354004,8.44852352142334,3002.526611328125,909.4114379882812,0.15866456925868988,0.09798764437437057,0.568080723285675,0.27990517020225525,123.046875,6575.0517578125,895.2214965820312,2745.823486328125,236.5252685546875,0.08925271779298782,0.055083196610212326,19.39364242553711,10.304410934448242,disco,disco.00085.wav
-95.80325317382812,122.05658721923828,-29.319120407104492,50.31650161743164,-11.940644264221191,28.410152435302734,-7.047781467437744,11.851945877075195,-8.612014770507812,11.56843376159668,-18.395963668823242,6.862091541290283,-11.662833213806152,59.68797302246094,29.159616470336914,28.571102142333984,14.444300651550293,14.532161712646484,12.96808910369873,11.34462833404541,10.687644958496094,9.41722297668457,8.123916625976562,7.707906246185303,9.736382484436035,7.396171569824219,1867.920654296875,641.4888305664062,0.09448204189538956,0.04594368115067482,0.39503610134124756,0.28886035084724426,123.046875,3804.777099609375,1194.8653564453125,1875.245849609375,367.24798583984375,0.16525840759277344,0.053891077637672424,22.35417938232422,8.232281684875488,disco,disco.00086.wav
-100.29301452636719,110.01216888427734,-26.64455223083496,36.82375717163086,-10.413420677185059,28.777048110961914,-14.843354225158691,21.28986930847168,-19.675668716430664,18.52243423461914,-16.387474060058594,9.157715797424316,-13.791584014892578,38.493961334228516,22.846567153930664,15.78541374206543,13.414932250976562,10.577080726623535,11.96457576751709,9.930246353149414,7.869549751281738,7.568179607391357,7.652755260467529,7.487040996551514,7.657772064208984,6.274681568145752,2139.422607421875,576.8497924804688,0.1002669706940651,0.04996883496642113,0.38453999161720276,0.2991918921470642,107.666015625,4526.7890625,1266.9765625,2190.2744140625,313.6827087402344,0.11922803521156311,0.029255570843815804,21.999662399291992,9.299162864685059,disco,disco.00087.wav
-97.8856201171875,101.00360107421875,-40.547611236572266,51.050193786621094,-11.709620475769043,25.064746856689453,-14.04820728302002,17.19739532470703,-9.623668670654297,16.973529815673828,-7.17352294921875,11.723431587219238,-5.7162299156188965,37.79079818725586,19.497760772705078,12.000166893005371,11.151250839233398,8.126047134399414,9.402411460876465,6.907303333282471,7.325398921966553,6.5890793800354,7.042115688323975,7.178484916687012,6.449899673461914,7.142875671386719,2238.79931640625,401.3575439453125,0.13146859407424927,0.03788335993885994,0.39795374870300293,0.2855731248855591,123.046875,4384.9736328125,753.0388793945312,2023.521240234375,217.48785400390625,0.11904259771108627,0.054267413914203644,22.05175018310547,8.603930473327637,disco,disco.00088.wav
-114.93204498291016,113.4638671875,-29.804311752319336,42.61210250854492,-10.326009750366211,26.973411560058594,-14.493735313415527,21.24053192138672,-17.650537490844727,17.097871780395508,-13.478900909423828,8.591483116149902,-11.427422523498535,54.5577392578125,24.862428665161133,21.09614372253418,11.579896926879883,10.517975807189941,9.164789199829102,8.877510070800781,7.745548248291016,8.565387725830078,6.829605579376221,8.098745346069336,6.290735244750977,6.847901344299316,2129.345947265625,571.3685913085938,0.11187045276165009,0.040701959282159805,0.4298837184906006,0.2793576717376709,129.19921875,4424.306640625,1302.3779296875,2109.25146484375,396.8477783203125,0.10027614235877991,0.0316963791847229,21.366605758666992,8.802874565124512,disco,disco.00089.wav
-125.71577453613281,88.52808380126953,-16.73884391784668,42.798133850097656,-9.901167869567871,29.185855865478516,-19.34282112121582,20.458702087402344,-16.505529403686523,15.012511253356934,-8.765585899353027,12.784119606018066,-7.7588887214660645,43.14822769165039,24.155563354492188,18.788101196289062,14.374673843383789,10.969776153564453,10.093544006347656,9.617681503295898,8.298104286193848,8.055087089538574,7.473812103271484,7.3230695724487305,6.736051082611084,6.410520553588867,2574.745849609375,657.9794311523438,0.14616918563842773,0.06482923775911331,0.48551395535469055,0.27689316868782043,129.19921875,5459.5087890625,1211.6544189453125,2396.769287109375,309.625732421875,0.09060020744800568,0.05367054045200348,20.415353775024414,9.410304069519043,disco,disco.00090.wav
-116.98033905029297,98.51445007324219,-19.01401138305664,44.84703826904297,3.80320143699646,28.483186721801758,-1.1026870012283325,14.693483352661133,-7.753823280334473,9.75631332397461,-10.111344337463379,6.367255687713623,-3.9202325344085693,91.93653106689453,30.71992301940918,28.675830841064453,13.51948356628418,12.899582862854004,11.460390090942383,11.415149688720703,10.791740417480469,10.155200958251953,11.04519271850586,9.885613441467285,9.608960151672363,8.708836555480957,2036.7728271484375,785.643310546875,0.09159921854734421,0.05523465573787689,0.41647133231163025,0.30881616473197937,99.38401794433594,4203.12451171875,1642.214111328125,2079.2373046875,500.1158752441406,0.17351265251636505,0.10128526389598846,21.781286239624023,8.412210464477539,disco,disco.00091.wav
-123.78829193115234,89.82484436035156,-1.8406462669372559,51.169795989990234,-16.26130485534668,28.283544540405273,-12.495138168334961,19.032148361206055,-13.280037879943848,18.500017166137695,-13.776395797729492,12.866394996643066,-8.755499839782715,51.45374298095703,25.245052337646484,24.4074764251709,14.302288055419922,11.357687950134277,11.067760467529297,9.08722972869873,8.52609634399414,8.252340316772461,8.285219192504883,7.453208923339844,6.644681453704834,8.34793758392334,2457.99853515625,659.34521484375,0.11753292381763458,0.04933509975671768,0.37072908878326416,0.2916933000087738,117.4538345336914,5268.943359375,1351.9447021484375,2400.789306640625,353.29974365234375,0.10670019686222076,0.03712289780378342,21.3190860748291,9.250441551208496,disco,disco.00092.wav
-86.0438003540039,87.53872680664062,-20.17231559753418,54.01907730102539,-1.0642164945602417,19.562545776367188,-4.089779376983643,21.037769317626953,-19.567508697509766,12.389660835266113,-22.01080894470215,9.599065780639648,-15.931527137756348,58.69718933105469,26.847003936767578,17.168336868286133,13.825421333312988,13.744500160217285,10.334857940673828,12.58456802368164,8.497526168823242,11.21366024017334,11.338726043701172,9.71778392791748,10.27491283416748,11.463783264160156,2461.1865234375,700.5061645507812,0.13708722591400146,0.06135603412985802,0.4083023965358734,0.28685927391052246,107.666015625,5019.29443359375,1374.447998046875,2302.618896484375,341.683349609375,0.15334106981754303,0.06024014577269554,21.461767196655273,9.48397445678711,disco,disco.00093.wav
-130.00576782226562,102.49774932861328,-4.443131923675537,50.061092376708984,-15.532888412475586,32.128150939941406,-18.18231964111328,24.28784942626953,-11.902588844299316,13.763346672058105,-12.89806842803955,7.2710957527160645,-9.379469871520996,45.206974029541016,23.61241912841797,11.048099517822266,10.6854829788208,7.3932952880859375,7.978372097015381,8.36241626739502,7.060306549072266,6.813584327697754,7.178110122680664,5.965174198150635,6.1891703605651855,9.149972915649414,2208.1328125,546.8557739257812,0.09361054748296738,0.03475261107087135,0.41693320870399475,0.28005877137184143,135.99917602539062,5075.6357421875,1088.7152099609375,2353.79248046875,296.1571044921875,0.0993054062128067,0.03042476624250412,21.302330017089844,9.222448348999023,disco,disco.00094.wav
-159.86688232421875,81.97526550292969,-16.76537322998047,52.50609588623047,-4.448031425476074,22.86505126953125,-8.226280212402344,23.3674259185791,-5.528469085693359,17.6933536529541,-15.369107246398926,10.806197166442871,-13.526739120483398,72.54374694824219,28.844820022583008,25.685367584228516,16.041505813598633,15.578526496887207,15.589584350585938,11.378650665283203,10.719979286193848,10.24868106842041,10.978151321411133,10.342543601989746,7.999410152435303,8.37249755859375,2487.543212890625,756.3937377929688,0.11808431893587112,0.06673319637775421,0.4682580828666687,0.29687079787254333,123.046875,5009.1865234375,1418.4981689453125,2277.162109375,416.4310607910156,0.09841010719537735,0.05286628007888794,22.06329917907715,8.783585548400879,disco,disco.00095.wav
-133.86680603027344,93.47174072265625,-24.215984344482422,61.442543029785156,-22.856273651123047,30.976551055908203,-14.959397315979004,20.244457244873047,-9.292844772338867,15.786767959594727,-8.740782737731934,11.968790054321289,-5.320814609527588,52.799983978271484,24.31311798095703,19.780513763427734,12.839125633239746,11.106016159057617,12.854605674743652,8.723945617675781,8.98210334777832,8.986279487609863,7.913145065307617,9.851105690002441,7.724898338317871,8.464197158813477,2481.887451171875,608.466552734375,0.13440696895122528,0.05812150985002518,0.4165411591529846,0.2864517271518707,103.359375,4956.828125,907.7813110351562,2178.616455078125,263.8642883300781,0.09199634939432144,0.04092957451939583,21.98740577697754,9.151557922363281,disco,disco.00096.wav
-116.9259262084961,75.75965881347656,-4.205479621887207,37.28704071044922,-5.338407516479492,31.376094818115234,-12.16835880279541,22.909481048583984,-11.437959671020508,14.624770164489746,-13.04989242553711,13.411264419555664,-13.228819847106934,52.75643539428711,17.176298141479492,11.792342185974121,12.218179702758789,9.402749061584473,8.799665451049805,7.811316967010498,8.813690185546875,7.118458271026611,7.502161502838135,7.426323413848877,7.954533100128174,8.03467845916748,2826.063232421875,561.7285766601562,0.1204962506890297,0.047782327979803085,0.41508641839027405,0.2899114787578583,129.19921875,6233.62890625,1003.2936401367188,2680.669921875,260.9693603515625,0.10807371884584427,0.047261983156204224,22.187925338745117,9.4299955368042,disco,disco.00097.wav
-91.59773254394531,99.46397399902344,-8.991621017456055,40.18504333496094,-18.037635803222656,22.567216873168945,-21.95627212524414,15.782541275024414,-25.665390014648438,17.664222717285156,-13.675539016723633,15.63508415222168,-15.46916389465332,42.94710159301758,20.604169845581055,16.36569595336914,14.315861701965332,12.018470764160156,11.045530319213867,10.807798385620117,9.714177131652832,7.979228973388672,7.612863540649414,7.304270267486572,8.48879623413086,6.9999308586120605,2417.45751953125,594.2396240234375,0.11262743920087814,0.05184927582740784,0.4408685266971588,0.28723466396331787,123.046875,5384.71728515625,1188.8973388671875,2431.704345703125,287.3453674316406,0.12268789112567902,0.03947119042277336,21.16521644592285,9.88791275024414,disco,disco.00098.wav
-91.59773254394531,99.46397399902344,-8.991621017456055,40.18504333496094,-18.037635803222656,22.567216873168945,-21.95627212524414,15.782541275024414,-25.665390014648438,17.664222717285156,-13.675539016723633,15.63508415222168,-15.46916389465332,42.94710159301758,20.604169845581055,16.36569595336914,14.315861701965332,12.018470764160156,11.045530319213867,10.807798385620117,9.714177131652832,7.979228973388672,7.612863540649414,7.304270267486572,8.48879623413086,6.9999308586120605,2417.45751953125,594.2396240234375,0.11262743920087814,0.05184927582740784,0.4408685266971588,0.28723466396331787,123.046875,5384.71728515625,1188.8973388671875,2431.704345703125,287.3453674316406,0.12268789112567902,0.03947119042277336,21.16521644592285,9.88791275024414,disco,disco.00099.wav
-80.92658233642578,84.79292297363281,-31.540653228759766,33.899261474609375,-19.84876823425293,23.558195114135742,-22.125015258789062,20.021148681640625,-16.759601593017578,19.211896896362305,-13.1061372756958,11.505602836608887,-10.726899147033691,69.87043762207031,27.404539108276367,23.43515968322754,20.18826675415039,12.597744941711426,11.65162467956543,9.669611930847168,9.840577125549316,9.671109199523926,7.470090866088867,8.664602279663086,7.2447285652160645,8.610028266906738,2667.66455078125,647.11376953125,0.14734075963497162,0.05377723649144173,0.4606642723083496,0.2918715178966522,117.4538345336914,5474.7001953125,1250.8797607421875,2351.06884765625,328.43896484375,0.12524041533470154,0.04968240484595299,19.516265869140625,10.11234188079834,hiphop,hiphop.00000.wav
-81.1395034790039,49.60653305053711,-14.548335075378418,57.9869270324707,6.843469619750977,27.14821434020996,-6.8552327156066895,31.3040771484375,-10.086363792419434,20.312963485717773,-2.5413641929626465,12.746545791625977,3.9735262393951416,60.40978240966797,30.257692337036133,31.478527069091797,17.993223190307617,19.6658992767334,15.959651947021484,13.558889389038086,12.133424758911133,11.78959846496582,9.429633140563965,10.625314712524414,8.85579776763916,10.158536911010742,2808.142333984375,969.1416015625,0.09764869511127472,0.0716569721698761,0.45726278424263,0.3001363277435303,92.28515625,5527.50830078125,1441.2808837890625,2441.321533203125,397.91204833984375,0.2855836749076843,0.0826880931854248,22.363101959228516,9.92918586730957,hiphop,hiphop.00001.wav
-202.88755798339844,132.38377380371094,12.00124454498291,43.77104187011719,-10.231294631958008,17.122339248657227,-13.562600135803223,15.044013023376465,-16.261728286743164,9.421977043151855,-11.645681381225586,7.047659397125244,-4.317206859588623,68.27363586425781,32.20267868041992,28.384029388427734,17.799833297729492,18.55388069152832,14.453912734985352,13.36868953704834,11.314262390136719,11.705183982849121,10.631558418273926,11.49222469329834,8.885139465332031,9.965970993041992,1490.52099609375,796.2612915039062,0.05873773992061615,0.04982144013047218,0.40406596660614014,0.303646981716156,99.38401794433594,3094.0478515625,1846.199462890625,1909.9326171875,483.07708740234375,0.09350615739822388,0.033535681664943695,20.501384735107422,8.073105812072754,hiphop,hiphop.00002.wav
-40.25515365600586,80.83008575439453,-25.643091201782227,38.426090240478516,-11.072867393493652,24.91219711303711,-7.368901252746582,26.772397994995117,-5.2867112159729,16.798524856567383,-3.498629570007324,8.45158576965332,-5.596709728240967,70.38471984863281,27.393543243408203,35.47773742675781,17.080358505249023,16.699411392211914,17.608800888061523,16.455650329589844,13.695963859558105,13.183720588684082,10.383576393127441,9.460616111755371,8.67319107055664,8.475030899047852,2493.163818359375,703.9608764648438,0.10351449251174927,0.047800373286008835,0.4672629237174988,0.30306825041770935,92.28515625,5126.67724609375,1345.6590576171875,2330.677001953125,441.20623779296875,0.2664608359336853,0.11605782061815262,19.668363571166992,9.166170120239258,hiphop,hiphop.00003.wav
-140.21090698242188,71.62181091308594,-3.7753891944885254,39.00546646118164,4.194393634796143,31.50735855102539,-3.965308666229248,19.7635440826416,-3.7660908699035645,16.000133514404297,-3.170910120010376,11.850970268249512,-1.255204677581787,111.38386535644531,32.670013427734375,38.82272720336914,21.417373657226562,20.418415069580078,17.501375198364258,16.67983627319336,12.455266952514648,13.652693748474121,13.78669548034668,10.587955474853516,9.47974681854248,10.507450103759766,2372.727783203125,1035.5045166015625,0.0998913049697876,0.07827294617891312,0.44940170645713806,0.3058129847049713,95.703125,5060.51123046875,2084.8974609375,2359.4560546875,606.195556640625,0.20048166811466217,0.12407584488391876,21.29174041748047,8.953413009643555,hiphop,hiphop.00004.wav
-11.675507545471191,81.99324798583984,-8.505697250366211,52.767826080322266,-14.704219818115234,31.96473503112793,-19.689998626708984,22.869426727294922,-14.710647583007812,14.518811225891113,-10.083078384399414,14.005071640014648,-8.073014259338379,36.73027038574219,19.631513595581055,15.451109886169434,15.243321418762207,12.401915550231934,10.29372787475586,10.735982894897461,9.391666412353516,7.850193977355957,9.007070541381836,8.758867263793945,8.157493591308594,7.215063571929932,2708.96142578125,498.18817138671875,0.12461413443088531,0.05112069845199585,0.49066731333732605,0.28534606099128723,71.77734375,5795.1064453125,702.3417358398438,2510.90234375,220.29598999023438,0.2616737186908722,0.07340357452630997,19.476987838745117,10.352392196655273,hiphop,hiphop.00005.wav
-59.61098861694336,63.90055847167969,3.4885833263397217,45.23571014404297,-1.1763209104537964,28.23943328857422,-13.166777610778809,23.60512924194336,-6.623220920562744,16.478992462158203,-7.2890753746032715,14.477249145507812,-5.793442726135254,82.93649291992188,31.964374542236328,27.479337692260742,20.812074661254883,19.784259796142578,15.008443832397461,14.556534767150879,12.450660705566406,12.174365997314453,10.900052070617676,10.129892349243164,10.412416458129883,9.888996124267578,2859.021728515625,982.6445922851562,0.12823808193206787,0.0966615155339241,0.4642208516597748,0.298594206571579,99.38401794433594,6049.5302734375,1500.628173828125,2640.209228515625,404.30828857421875,0.27048802375793457,0.12675544619560242,19.520599365234375,9.905780792236328,hiphop,hiphop.00006.wav
-58.45187759399414,103.05015563964844,-7.215404510498047,44.88186264038086,-8.616437911987305,12.345843315124512,-13.746114730834961,19.974220275878906,-13.128944396972656,17.13624382019043,-3.9520184993743896,15.581610679626465,-0.46276769042015076,60.6910285949707,25.19752311706543,26.982412338256836,20.457521438598633,16.926959991455078,13.440770149230957,14.394538879394531,11.273645401000977,12.396974563598633,9.796746253967285,10.296579360961914,9.269513130187988,8.414104461669922,2047.1207275390625,705.6990966796875,0.07867375016212463,0.050502076745033264,0.4323459267616272,0.29749366641044617,123.046875,4552.4306640625,1564.107666015625,2269.215576171875,457.8853759765625,0.2640167772769928,0.09710807353258133,20.74785804748535,9.245223999023438,hiphop,hiphop.00007.wav
-111.16548919677734,55.194400787353516,-18.444692611694336,47.21847915649414,-24.78782081604004,22.52642059326172,-21.138931274414062,12.542854309082031,-15.849727630615234,16.296558380126953,-12.565082550048828,9.609180450439453,-12.127598762512207,83.67649841308594,36.59151840209961,35.190914154052734,25.571308135986328,23.60658073425293,18.25605010986328,18.356769561767578,13.277226448059082,12.588711738586426,10.634449005126953,10.59286880493164,9.433882713317871,9.15695858001709,3069.395751953125,944.5132446289062,0.17691577970981598,0.10071627050638199,0.4534410834312439,0.29672151803970337,172.265625,5752.87353515625,1255.313720703125,2349.338134765625,322.5923767089844,0.14187486469745636,0.08862002193927765,21.34540557861328,9.933490753173828,hiphop,hiphop.00008.wav
-95.08694458007812,94.19347381591797,-2.517667293548584,49.53371810913086,-6.613985538482666,33.199676513671875,-7.596035480499268,20.96307945251465,-8.853171348571777,16.792491912841797,-5.245885848999023,10.775888442993164,-3.460482358932495,70.88591003417969,40.29445266723633,25.688072204589844,17.11460304260254,15.13952350616455,13.009583473205566,13.760257720947266,9.749040603637695,10.722429275512695,9.936623573303223,10.073759078979492,8.428959846496582,7.633249282836914,2199.916259765625,991.3426513671875,0.09832480549812317,0.0860607698559761,0.5606473684310913,0.2748105525970459,103.359375,4791.0458984375,1843.6737060546875,2285.5986328125,506.50201416015625,0.21563886106014252,0.09999057650566101,18.636878967285156,9.408220291137695,hiphop,hiphop.00009.wav
-67.45474243164062,94.84136962890625,-38.85322952270508,37.64174270629883,-12.254446983337402,36.9015007019043,-12.65212631225586,18.297035217285156,-8.852412223815918,17.983484268188477,-7.276881217956543,9.71690845489502,-8.743619918823242,36.176239013671875,21.406463623046875,16.884729385375977,13.951714515686035,12.463337898254395,9.891928672790527,10.3428373336792,8.696941375732422,8.72658920288086,8.030739784240723,7.794134616851807,7.379237651824951,7.009227275848389,2284.5537109375,491.2008972167969,0.1254720240831375,0.04901151731610298,0.427369624376297,0.29506033658981323,95.703125,4663.513671875,810.8030395507812,2116.59765625,206.25503540039062,0.17163939774036407,0.07667132467031479,20.24009132385254,9.90169906616211,hiphop,hiphop.00010.wav
-74.19891357421875,104.60867309570312,-8.396771430969238,49.6582145690918,-9.376968383789062,21.43830680847168,-16.337013244628906,18.781410217285156,-13.079522132873535,18.464000701904297,-14.953655242919922,6.876264572143555,-15.326539039611816,51.347145080566406,25.945648193359375,23.33743667602539,16.759946823120117,12.831478118896484,11.73681640625,12.019593238830566,10.213793754577637,8.990009307861328,8.191526412963867,8.000515937805176,7.8160481452941895,7.114466667175293,2095.2998046875,656.2290649414062,0.09418725967407227,0.05850673466920853,0.44405892491340637,0.29195305705070496,135.99917602539062,4581.1220703125,1310.806396484375,2240.69091796875,332.8155517578125,0.20375178754329681,0.08129372447729111,20.481487274169922,9.683865547180176,hiphop,hiphop.00011.wav
-67.10565948486328,112.4154281616211,-23.642478942871094,44.28124237060547,-18.86181640625,23.874338150024414,-13.40441608428955,20.146224975585938,-10.650068283081055,20.62359619140625,-7.508759498596191,14.423368453979492,-9.391209602355957,44.2481689453125,17.865297317504883,17.237342834472656,12.902705192565918,11.466166496276855,9.90433120727539,12.510539054870605,9.136892318725586,8.413310050964355,8.150958061218262,9.454442024230957,8.620718002319336,9.206721305847168,1976.5494384765625,464.5528869628906,0.08725570887327194,0.033522024750709534,0.3587634265422821,0.3009866774082184,99.38401794433594,4276.70751953125,1030.8310546875,2109.95068359375,294.1620178222656,0.1988905370235443,0.06462422013282776,20.923593521118164,9.323945045471191,hiphop,hiphop.00012.wav
-129.403564453125,141.74864196777344,-42.52815628051758,34.00181198120117,-6.97137451171875,8.68778133392334,-11.363059997558594,15.943840026855469,-9.015018463134766,6.639111042022705,-8.326205253601074,7.559482574462891,-5.4699249267578125,69.5849380493164,52.43935775756836,32.48106384277344,24.79603385925293,20.891464233398438,22.605987548828125,13.224812507629395,14.750797271728516,9.519454002380371,9.170249938964844,11.80585765838623,10.0115327835083,10.661336898803711,1798.234375,696.364990234375,0.09663698077201843,0.03755383938550949,0.3401297330856323,0.3098704516887665,103.359375,3625.136474609375,1697.8233642578125,1687.31982421875,674.6648559570312,0.13660018146038055,0.03243330866098404,20.37474250793457,8.511500358581543,hiphop,hiphop.00013.wav
-51.27444839477539,91.09927368164062,-33.76968765258789,69.93060302734375,-12.95017147064209,23.18763542175293,-13.76931095123291,23.784006118774414,-14.735114097595215,10.69933032989502,-13.481396675109863,6.073526382446289,-14.720098495483398,57.008853912353516,26.3394775390625,23.375959396362305,15.878179550170898,14.10866641998291,11.287178039550781,12.595901489257812,8.470381736755371,8.423311233520508,8.646876335144043,7.259885311126709,7.203276634216309,6.648974418640137,2437.14453125,515.46142578125,0.13386653363704681,0.0451531819999218,0.4896502196788788,0.2707466185092926,135.99917602539062,4775.9208984375,942.3077392578125,2117.484619140625,310.17437744140625,0.18516474962234497,0.06127714365720749,20.916555404663086,9.799873352050781,hiphop,hiphop.00014.wav
-81.9178695678711,94.7723159790039,-16.236648559570312,40.53056716918945,-12.247199058532715,28.186155319213867,-20.102428436279297,18.10137176513672,-14.641278266906738,14.184541702270508,-7.254330158233643,13.658236503601074,-8.48799991607666,45.91816329956055,20.605175018310547,16.241947174072266,13.118626594543457,11.022476196289062,11.466370582580566,8.644841194152832,7.75239896774292,6.772577285766602,8.958308219909668,9.253152847290039,6.897670745849609,7.196290493011475,2395.49609375,532.6549072265625,0.11596868932247162,0.05024394765496254,0.4236210882663727,0.2872017025947571,198.76803588867188,5281.9013671875,974.8750610351562,2345.8720703125,251.8772735595703,0.14017271995544434,0.06379285454750061,20.372081756591797,9.732324600219727,hiphop,hiphop.00015.wav
-88.06499481201172,77.37210083007812,-19.096099853515625,51.57594680786133,-11.776864051818848,22.210979461669922,-4.7277069091796875,20.10921859741211,-8.32936954498291,14.603727340698242,-3.811248302459717,8.579865455627441,-11.464594841003418,66.35221862792969,25.984006881713867,24.018878936767578,18.197900772094727,14.73536205291748,14.45828914642334,14.619315147399902,11.49577808380127,11.003399848937988,9.824748039245605,9.983132362365723,9.532535552978516,9.482183456420898,2433.764404296875,775.9287109375,0.1104796826839447,0.0745663121342659,0.4673202335834503,0.30165615677833557,99.38401794433594,4920.92041015625,1221.196044921875,2247.585205078125,331.5937805175781,0.20763418078422546,0.1058596670627594,20.765573501586914,9.522391319274902,hiphop,hiphop.00016.wav
-76.8237075805664,98.3895492553711,-5.02606201171875,49.33168029785156,-10.28821849822998,33.28682327270508,-9.961770057678223,17.61652183532715,-12.231269836425781,18.665477752685547,-10.976790428161621,11.51085090637207,-10.49024772644043,49.223384857177734,18.722858428955078,21.350196838378906,12.880725860595703,12.192540168762207,10.999800682067871,9.82444953918457,7.21814489364624,7.1921610832214355,7.9078192710876465,7.495814800262451,7.082973957061768,7.0748610496521,2144.79443359375,483.74652099609375,0.08034305274486542,0.04237515851855278,0.48115479946136475,0.2912231683731079,99.38401794433594,4956.1201171875,991.0755004882812,2358.912841796875,285.7425231933594,0.19142626225948334,0.07137046009302139,19.885231018066406,9.942517280578613,hiphop,hiphop.00017.wav
-113.4963150024414,68.4594497680664,-15.764092445373535,56.38856887817383,-8.150662422180176,27.041563034057617,-12.364465713500977,20.665414810180664,-12.666251182556152,15.433279037475586,-10.998274803161621,14.049128532409668,-12.50255298614502,69.83255004882812,40.43916320800781,27.005815505981445,24.14948081970215,19.391944885253906,17.0545711517334,14.927306175231934,11.515971183776855,11.705791473388672,10.590008735656738,10.600341796875,9.943718910217285,10.139705657958984,2677.6396484375,1001.7041625976562,0.14578597247600555,0.10309311747550964,0.46188971400260925,0.31108325719833374,143.5546875,5366.57568359375,1333.4151611328125,2337.27685546875,320.74444580078125,0.16556409001350403,0.08453144133090973,20.58510398864746,10.148112297058105,hiphop,hiphop.00018.wav
-64.6525650024414,88.2173080444336,-10.360636711120605,41.79439163208008,-2.5611300468444824,22.90143394470215,-6.498876094818115,16.630945205688477,-5.801912307739258,13.093462944030762,-6.912008285522461,3.027008056640625,-9.772856712341309,76.24262237548828,27.40585708618164,31.491579055786133,21.553123474121094,16.32439422607422,13.99966049194336,14.995195388793945,10.825799942016602,12.210014343261719,9.483185768127441,9.441435813903809,8.082056045532227,8.09965705871582,2470.72216796875,911.5170288085938,0.10016379505395889,0.05667135491967201,0.43223491311073303,0.3034301698207855,99.38401794433594,5256.12646484375,1904.554931640625,2410.259521484375,627.2177734375,0.22598087787628174,0.10856281965970993,18.901790618896484,8.71198558807373,hiphop,hiphop.00019.wav
-122.2708969116211,50.5846061706543,-27.789642333984375,66.59070587158203,-6.60440731048584,32.06758499145508,-8.222271919250488,22.451204299926758,-6.941656589508057,21.064743041992188,-6.183084964752197,13.653635025024414,-3.09196138381958,68.78348541259766,32.29615020751953,28.16377067565918,22.020566940307617,17.187408447265625,12.752777099609375,15.62779712677002,11.356201171875,12.40293025970459,10.949535369873047,11.094635963439941,9.741328239440918,11.738749504089355,2677.598388671875,683.7054443359375,0.10805943608283997,0.07586115598678589,0.4901953339576721,0.2870975136756897,117.4538345336914,5266.37646484375,1022.3377075195312,2262.418701171875,305.5025329589844,0.17591579258441925,0.075271837413311,23.342201232910156,9.559374809265137,hiphop,hiphop.00020.wav
-27.619718551635742,94.39550018310547,-20.580795288085938,49.87200164794922,-14.710575103759766,23.870302200317383,-17.60820198059082,24.036556243896484,-15.88477611541748,16.427289962768555,-10.625280380249023,13.89017105102539,-10.467002868652344,38.01386642456055,25.508350372314453,21.940786361694336,17.153038024902344,15.837078094482422,12.250900268554688,11.031384468078613,8.253143310546875,8.253902435302734,7.995327472686768,7.941744327545166,6.938961982727051,7.379630088806152,2405.58349609375,722.58544921875,0.11973246186971664,0.0639064684510231,0.4302408993244171,0.29040640592575073,99.38401794433594,4987.044921875,1152.055419921875,2268.54345703125,301.1402893066406,0.24188345670700073,0.07327308505773544,20.7177791595459,10.235055923461914,hiphop,hiphop.00021.wav
-100.66327667236328,110.21073150634766,1.035768985748291,38.76592254638672,-14.493544578552246,20.65262794494629,-18.038022994995117,12.568845748901367,-14.126208305358887,15.102986335754395,-9.2415771484375,11.399988174438477,-9.509011268615723,73.55097961425781,29.239843368530273,20.766555786132812,16.480449676513672,12.701582908630371,12.390545845031738,13.83056640625,10.657744407653809,10.35572338104248,11.037074089050293,9.068445205688477,7.560133934020996,7.788121223449707,2025.7166748046875,712.59765625,0.07539977133274078,0.05047038197517395,0.43965500593185425,0.2943305969238281,99.38401794433594,4603.8056640625,1466.7872314453125,2272.773681640625,381.4983215332031,0.17352689802646637,0.07911714166402817,20.60199737548828,9.358468055725098,hiphop,hiphop.00022.wav
-44.67913055419922,101.1993179321289,-26.271495819091797,52.9307746887207,-11.720015525817871,26.934398651123047,-13.28641128540039,20.705005645751953,-17.487642288208008,11.86238956451416,-10.670160293579102,8.376947402954102,-15.428060531616211,35.46170425415039,18.271503448486328,14.076632499694824,9.90190315246582,11.9064302444458,8.425280570983887,9.349390983581543,7.813431262969971,7.112679481506348,6.698790073394775,6.873960018157959,6.393509387969971,6.089742660522461,2240.30322265625,500.9395446777344,0.10668265074491501,0.03604355826973915,0.38105836510658264,0.28732746839523315,92.28515625,4728.0380859375,957.1911010742188,2193.802734375,253.83258056640625,0.1905287206172943,0.055666666477918625,21.211381912231445,9.595715522766113,hiphop,hiphop.00023.wav
-62.99481201171875,86.32369995117188,-37.947296142578125,39.57345199584961,-16.532899856567383,21.116252899169922,-12.255192756652832,13.09414291381836,-12.382426261901855,16.648332595825195,-3.980501890182495,8.853623390197754,-6.325511455535889,62.71529769897461,24.887147903442383,28.428604125976562,19.54511070251465,18.072832107543945,13.444743156433105,14.617663383483887,9.794256210327148,10.428322792053223,9.59097957611084,9.510406494140625,8.39178466796875,8.539814949035645,2517.747802734375,625.460205078125,0.1388729363679886,0.05589528754353523,0.4308689534664154,0.2920368015766144,103.359375,4926.7119140625,1245.8953857421875,2163.404296875,419.6578369140625,0.1786591112613678,0.0873575434088707,19.574005126953125,9.282187461853027,hiphop,hiphop.00024.wav
-44.37471389770508,93.3746566772461,-22.270526885986328,48.86194610595703,-13.884773254394531,34.41938400268555,-6.297982215881348,25.889358520507812,-12.322335243225098,20.435733795166016,-5.749464988708496,11.854347229003906,-11.54943561553955,48.097042083740234,24.580204010009766,27.3536319732666,16.1522274017334,14.493319511413574,11.458511352539062,11.824429512023926,9.69839859008789,8.61230182647705,7.835302829742432,8.353330612182617,7.441669940948486,8.222567558288574,2305.1591796875,708.7343139648438,0.10742112249135971,0.06772562861442566,0.507358968257904,0.2809064984321594,107.666015625,4815.47900390625,1154.2403564453125,2227.259521484375,302.865966796875,0.25156936049461365,0.08563645929098129,20.754535675048828,10.153640747070312,hiphop,hiphop.00025.wav
-103.22315216064453,30.572120666503906,20.80903434753418,45.81602096557617,9.800678253173828,8.627315521240234,1.6164562702178955,12.33467960357666,0.5186646580696106,4.992222309112549,-2.8359498977661133,8.032366752624512,-1.3974609375,68.98274230957031,33.798580169677734,29.541006088256836,18.74283790588379,16.754987716674805,15.724352836608887,17.7831974029541,13.559561729431152,12.605888366699219,10.12689208984375,9.347482681274414,9.752363204956055,9.182893753051758,3459.98046875,1023.576904296875,0.17347173392772675,0.10847894102334976,0.47551488876342773,0.3004946708679199,103.359375,7022.72412109375,1321.4287109375,2916.898193359375,334.5497131347656,0.1641433984041214,0.07931353151798248,17.470394134521484,4.4657158851623535,hiphop,hiphop.00026.wav
-109.07124328613281,76.9149169921875,2.592334032058716,19.05963706970215,0.5502821803092957,8.174562454223633,-8.068408012390137,5.952351093292236,-4.330567359924316,3.656076192855835,-1.5556679964065552,2.6334877014160156,2.252040386199951,65.3908920288086,36.66938781738281,25.831912994384766,17.55862808227539,17.489301681518555,12.077027320861816,14.407408714294434,10.886565208435059,9.662342071533203,10.072029113769531,10.813063621520996,9.85500717163086,10.00658130645752,2637.42333984375,1041.2744140625,0.10280021280050278,0.08614413440227509,0.4277326762676239,0.31045031547546387,92.28515625,5629.5078125,1808.4798583984375,2630.998779296875,464.9566955566406,0.13497085869312286,0.04241049289703369,17.502304077148438,4.606595993041992,hiphop,hiphop.00027.wav
-83.20265197753906,67.71298217773438,1.230516791343689,29.658491134643555,12.577920913696289,5.61306619644165,6.2118377685546875,8.097905158996582,-4.784865856170654,7.664915084838867,-1.1791573762893677,4.24271821975708,1.930667519569397,49.9841194152832,33.095706939697266,27.901906967163086,19.45587158203125,20.2395076751709,16.794523239135742,11.559139251708984,9.600042343139648,13.576298713684082,10.16441535949707,9.630682945251465,7.446639060974121,7.597917556762695,2774.87109375,928.1815795898438,0.11459340900182724,0.0660901814699173,0.37462812662124634,0.3043554425239563,92.28515625,5746.5400390625,1753.2374267578125,2700.50927734375,408.9857482910156,0.15452560782432556,0.035400256514549255,17.94972038269043,4.056823253631592,hiphop,hiphop.00028.wav
-72.51429748535156,57.03794860839844,5.948390007019043,25.90442657470703,6.662389278411865,11.494861602783203,5.109200954437256,10.105276107788086,0.9503964781761169,8.685616493225098,-1.687050700187683,5.997684478759766,0.14304205775260925,51.718605041503906,32.71387481689453,23.72991371154785,15.600057601928711,11.082731246948242,11.545167922973633,10.64694881439209,10.751651763916016,8.704623222351074,8.881430625915527,7.075629711151123,7.3652143478393555,7.482825756072998,3131.34326171875,967.4320068359375,0.11568637192249298,0.0780160054564476,0.4405220150947571,0.305178701877594,123.046875,6395.5361328125,1509.3231201171875,2854.600830078125,326.2713623046875,0.16638106107711792,0.055529627948999405,17.058589935302734,4.39660120010376,hiphop,hiphop.00029.wav
-23.794031143188477,43.716941833496094,30.550689697265625,26.501972198486328,4.336692810058594,21.913747787475586,2.576287031173706,6.990405082702637,-1.4965211153030396,4.582283020019531,0.41704249382019043,2.464586019515991,-4.074756145477295,37.74480056762695,17.078472137451172,16.22032356262207,11.596156120300293,11.013557434082031,8.774526596069336,8.259902954101562,6.045492172241211,7.240524768829346,5.959510803222656,5.6807756423950195,4.894308090209961,5.219180107116699,3724.774658203125,525.3961181640625,0.17275746166706085,0.047966379672288895,0.5392277836799622,0.2576548755168915,89.10291290283203,7641.4873046875,632.7337036132812,3204.9677734375,196.76766967773438,0.19396807253360748,0.02940864861011505,14.981846809387207,3.8477306365966797,hiphop,hiphop.00030.wav
-25.108787536621094,60.825592041015625,-4.187173366546631,14.848387718200684,6.795022964477539,6.098334312438965,15.451295852661133,3.7847344875335693,5.65980863571167,10.247506141662598,0.8633309602737427,4.183889389038086,0.9262049198150635,37.16967010498047,23.067520141601562,19.1678524017334,19.551698684692383,11.157301902770996,11.586028099060059,11.313521385192871,12.164928436279297,9.625909805297852,8.617061614990234,8.506382942199707,8.246318817138672,7.970729827880859,3084.82373046875,744.9797973632812,0.1364436149597168,0.08036169409751892,0.47984579205513,0.28648877143859863,99.38401794433594,6779.02587890625,1469.9676513671875,2970.617919921875,321.41351318359375,0.21307457983493805,0.05987829715013504,17.24247932434082,4.111649990081787,hiphop,hiphop.00031.wav
-148.12135314941406,90.5676498413086,-0.2753233015537262,28.85523796081543,19.306163787841797,15.24502944946289,4.281466484069824,15.5199556350708,1.27260422706604,11.12907600402832,8.849079132080078,6.316172122955322,1.6312522888183594,68.42576599121094,36.94110107421875,24.7635440826416,19.425905227661133,15.973498344421387,13.213865280151367,9.879151344299316,8.779976844787598,9.29840087890625,8.812636375427246,9.3626708984375,8.581511497497559,6.393073558807373,2145.890869140625,975.1660766601562,0.07872191071510315,0.06621472537517548,0.4753303527832031,0.29700881242752075,99.38401794433594,4529.89306640625,2002.021240234375,2441.669921875,487.3844299316406,0.1344866305589676,0.07220633327960968,16.426227569580078,4.142939567565918,hiphop,hiphop.00032.wav
-31.93762969970703,59.89347839355469,-2.707521438598633,33.514892578125,13.086963653564453,9.461901664733887,-1.6719099283218384,14.184528350830078,3.13834810256958,6.803654193878174,1.1695599555969238,3.89937162399292,1.6967896223068237,48.842552185058594,34.05498123168945,24.53478240966797,22.874269485473633,16.43963623046875,12.553874015808105,13.796270370483398,9.110175132751465,9.75184154510498,8.646197319030762,8.799847602844238,7.784494876861572,6.930205345153809,2982.082763671875,913.5862426757812,0.1522466242313385,0.08798248320817947,0.5003265738487244,0.2801465094089508,198.76803588867188,6160.654296875,1622.8367919921875,2730.392822265625,435.60870361328125,0.21436136960983276,0.05554557219147682,17.286001205444336,4.087019443511963,hiphop,hiphop.00033.wav
5.841989517211914,53.23731231689453,-8.979135513305664,26.945999145507812,0.4411507844924927,15.555137634277344,1.6571179628372192,7.66583251953125,4.98477840423584,8.606435775756836,3.4144680500030518,8.525943756103516,1.1329907178878784,31.482646942138672,17.306699752807617,15.363962173461914,12.108129501342773,12.774593353271484,8.646639823913574,10.201859474182129,7.92538595199585,8.290641784667969,8.147734642028809,6.436019420623779,6.880336761474609,6.143913269042969,3191.176513671875,509.2171936035156,0.16916602849960327,0.05688145011663437,0.46989795565605164,0.2857230007648468,198.76803588867188,6354.2197265625,872.0944213867188,2735.9609375,229.7764129638672,0.22781994938850403,0.05278565362095833,15.906115531921387,3.6568777561187744,hiphop,hiphop.00034.wav
-100.91944122314453,64.29093933105469,12.551603317260742,26.481693267822266,12.407429695129395,12.135958671569824,2.4698939323425293,18.496997833251953,1.5057791471481323,12.057713508605957,-1.4862085580825806,6.731626510620117,3.8606362342834473,55.596920013427734,32.155757904052734,27.244964599609375,15.415122985839844,18.120529174804688,11.3351411819458,11.981147766113281,9.846590042114258,9.387499809265137,9.9488525390625,8.665969848632812,8.191795349121094,8.077935218811035,2825.5302734375,1049.209716796875,0.10329945385456085,0.09464071691036224,0.5288315415382385,0.2921839654445648,143.5546875,6190.97900390625,1710.5155029296875,2830.728759765625,406.5429992675781,0.19127106666564941,0.09198521077632904,16.917865753173828,4.004944801330566,hiphop,hiphop.00035.wav
-220.95443725585938,41.13650894165039,-13.999250411987305,33.61878967285156,12.183348655700684,13.665728569030762,5.954323768615723,7.631933212280273,5.290375232696533,10.472712516784668,4.765573024749756,6.500653266906738,6.490898609161377,161.82424926757812,42.507179260253906,29.571659088134766,21.47943687438965,15.659430503845215,11.43193244934082,10.346771240234375,9.845220565795898,8.900036811828613,9.969019889831543,9.2665376663208,9.170570373535156,9.571379661560059,2960.01318359375,1213.500732421875,0.12089987099170685,0.10113699734210968,0.5187866687774658,0.28203076124191284,117.4538345336914,5801.17333984375,1916.435546875,2558.133544921875,560.5404052734375,0.08916086703538895,0.06418155878782272,17.55985450744629,5.250738620758057,hiphop,hiphop.00036.wav
-96.66390228271484,30.600751876831055,2.5303547382354736,12.692529678344727,-10.973727226257324,-2.1038084030151367,-3.6324102878570557,-7.5899434089660645,-5.321712493896484,-0.6840313076972961,-4.148995399475098,-3.1092333793640137,-4.859254360198975,82.45640563964844,43.82039260864258,36.61732482910156,22.321945190429688,21.059551239013672,20.72475814819336,16.204545974731445,12.634672164916992,12.221342086791992,10.056899070739746,9.759944915771484,9.146882057189941,9.255910873413086,3770.076416015625,1320.6485595703125,0.21284149587154388,0.12135832011699677,0.40901175141334534,0.3130427598953247,143.5546875,7050.38232421875,2019.99462890625,2830.83544921875,550.09912109375,0.15945258736610413,0.13130630552768707,17.53404998779297,4.684601306915283,hiphop,hiphop.00037.wav
-62.80690002441406,72.10189819335938,-16.1141357421875,27.41850471496582,5.560953617095947,1.8214277029037476,3.9023923873901367,8.463777542114258,-2.00744891166687,5.825008869171143,0.1558639407157898,-0.3015003502368927,-0.66753751039505,142.3813018798828,32.56470489501953,27.330650329589844,24.232086181640625,16.41535186767578,16.678560256958008,11.594932556152344,12.58056354522705,11.717568397521973,9.681900024414062,10.209534645080566,9.220074653625488,8.627395629882812,2202.294921875,866.3593139648438,0.09668724238872528,0.05123288184404373,0.3984205424785614,0.30823686718940735,184.5703125,4411.2900390625,1834.97265625,2213.20361328125,775.7064819335938,0.2692117989063263,0.13875257968902588,17.399396896362305,4.251057147979736,hiphop,hiphop.00038.wav
-121.61006164550781,76.9194107055664,29.01348114013672,9.935918807983398,3.173764705657959,5.175321578979492,4.968313217163086,-1.0265122652053833,1.1707607507705688,2.1393537521362305,3.117647886276245,1.1366775035858154,-0.7820609211921692,94.12765502929688,38.564510345458984,34.490299224853516,22.391462326049805,17.69676399230957,18.897151947021484,16.55548667907715,15.068524360656738,13.896665573120117,12.845071792602539,10.924738883972168,11.051312446594238,8.370019912719727,2706.67138671875,1254.5205078125,0.11257150024175644,0.10571356862783432,0.39005401730537415,0.3193528354167938,184.5703125,5996.322265625,2336.688232421875,2941.232666015625,518.9669189453125,0.1829698085784912,0.09422899782657623,18.558345794677734,5.207850456237793,hiphop,hiphop.00039.wav
-185.25148010253906,96.74281311035156,44.60040283203125,13.892826080322266,6.014659404754639,-2.906555652618408,3.261850595474243,-9.664786338806152,-3.648592472076416,5.25120735168457,-0.9549689292907715,7.6877121925354,6.088024616241455,99.84674835205078,46.10878372192383,27.204322814941406,17.56612777709961,15.725666046142578,15.444995880126953,14.329401016235352,11.929173469543457,11.871567726135254,11.988898277282715,11.212323188781738,11.409918785095215,10.157898902893066,2431.674560546875,1439.268798828125,0.10152508318424225,0.11565550416707993,0.34758490324020386,0.30704060196876526,80.74951171875,5276.54296875,2879.68505859375,2783.1826171875,712.931640625,0.13060717284679413,0.10441369563341141,20.130813598632812,5.428477764129639,hiphop,hiphop.00040.wav
-76.58263397216797,68.3375244140625,-0.9878047108650208,30.34624671936035,3.6340487003326416,5.201216697692871,3.2781922817230225,2.940854549407959,5.555166244506836,4.673672199249268,4.329291343688965,3.4459428787231445,2.8557052612304688,66.9844970703125,33.588375091552734,21.261009216308594,21.59184455871582,20.357887268066406,13.145745277404785,12.375166893005371,12.83270263671875,11.322875022888184,8.873826026916504,8.615428924560547,8.95344066619873,8.662198066711426,2708.808349609375,841.0745239257812,0.12015460431575775,0.06731346249580383,0.4249842166900635,0.3025553524494171,92.28515625,5556.0166015625,1580.138427734375,2664.597900390625,394.1304626464844,0.18603956699371338,0.10656504333019257,17.828941345214844,4.659592628479004,hiphop,hiphop.00041.wav
-74.3597412109375,48.817752838134766,4.047643184661865,35.846370697021484,12.497231483459473,13.474960327148438,9.024468421936035,12.567509651184082,2.486557960510254,12.132177352905273,9.134346008300781,3.928713321685791,4.571033000946045,65.94279479980469,33.81037902832031,27.423513412475586,18.16689682006836,16.19109535217285,12.73234748840332,12.856593132019043,11.586714744567871,10.960347175598145,10.080533981323242,9.767495155334473,9.001749038696289,11.080638885498047,2908.79638671875,996.9111938476562,0.10257420688867569,0.07562321424484253,0.44883352518081665,0.3004988729953766,92.28515625,6030.5966796875,1580.59912109375,2763.732666015625,386.7430419921875,0.2480836808681488,0.09105389565229416,18.98483657836914,4.986752986907959,hiphop,hiphop.00042.wav
-155.6377410888672,113.65833282470703,-4.024228572845459,18.278228759765625,13.483907699584961,8.251856803894043,8.810650825500488,11.110942840576172,8.910264015197754,10.224346160888672,6.1002116203308105,9.73854923248291,9.320226669311523,70.70563507080078,40.3280029296875,23.97660255432129,18.103622436523438,12.783438682556152,12.088475227355957,11.32148551940918,10.599215507507324,10.968831062316895,8.611611366271973,8.039098739624023,8.740469932556152,6.418397903442383,1834.8226318359375,950.3819580078125,0.06156538799405098,0.039680253714323044,0.44521865248680115,0.2989814281463623,89.10291290283203,3847.81005859375,2207.546875,2225.151611328125,680.9378662109375,0.13564474880695343,0.08892860263586044,18.328601837158203,4.296627998352051,hiphop,hiphop.00043.wav
-267.5225524902344,77.79210662841797,-18.18976593017578,18.888137817382812,1.9943968057632446,-7.58877420425415,4.7138776779174805,-7.698332786560059,-10.356959342956543,10.97526741027832,-2.8659422397613525,-5.7574381828308105,2.3471529483795166,88.57856750488281,44.95280456542969,40.02317810058594,18.9807186126709,15.922311782836914,18.597517013549805,14.51777458190918,12.047396659851074,11.214598655700684,13.258367538452148,10.719503402709961,12.096487998962402,10.129297256469727,2548.763671875,1061.704345703125,0.1433861255645752,0.09255537390708923,0.3555413484573364,0.29924723505973816,117.4538345336914,4537.73095703125,1957.8677978515625,2344.839599609375,508.8219909667969,0.03803963214159012,0.03186978027224541,19.345252990722656,4.870289325714111,hiphop,hiphop.00044.wav
-121.61006164550781,76.9194107055664,29.01348114013672,9.935918807983398,3.173764705657959,5.175321578979492,4.968313217163086,-1.0265122652053833,1.1707607507705688,2.1393537521362305,3.117647886276245,1.1366775035858154,-0.7820609211921692,94.12765502929688,38.564510345458984,34.490299224853516,22.391462326049805,17.69676399230957,18.897151947021484,16.55548667907715,15.068524360656738,13.896665573120117,12.845071792602539,10.924738883972168,11.051312446594238,8.370019912719727,2706.67138671875,1254.5205078125,0.11257150024175644,0.10571356862783432,0.39005401730537415,0.3193528354167938,184.5703125,5996.322265625,2336.688232421875,2941.232666015625,518.9669189453125,0.1829698085784912,0.09422899782657623,18.558345794677734,5.207850456237793,hiphop,hiphop.00045.wav
-75.66786193847656,91.02239990234375,9.864940643310547,25.094079971313477,11.801715850830078,10.166982650756836,0.12458094954490662,8.227128028869629,1.6348942518234253,0.497039794921875,1.8070878982543945,5.492985725402832,1.2929037809371948,68.09414672851562,32.85782241821289,26.29071044921875,16.031164169311523,14.846216201782227,10.477046012878418,10.596505165100098,10.059564590454102,9.832693099975586,9.561610221862793,7.902062892913818,8.635907173156738,7.783912658691406,2306.786376953125,950.7111206054688,0.09149226546287537,0.06355147063732147,0.4921763837337494,0.28814348578453064,95.703125,5000.35302734375,1928.677001953125,2601.543701171875,453.6929016113281,0.2280168980360031,0.13402128219604492,17.367887496948242,4.860259056091309,hiphop,hiphop.00046.wav
-76.64228057861328,52.77649688720703,34.64007568359375,26.187644958496094,16.660327911376953,11.346407890319824,5.853891849517822,6.904237747192383,3.664475917816162,-0.9604269862174988,3.87589693069458,4.487944602966309,0.6365995407104492,60.195560455322266,27.307048797607422,22.929039001464844,17.255977630615234,15.967690467834473,13.545153617858887,11.416583061218262,11.974950790405273,10.63072681427002,10.127742767333984,9.545592308044434,8.758479118347168,8.57231330871582,3236.209228515625,1133.66845703125,0.10935685783624649,0.09608075022697449,0.44940632581710815,0.30813243985176086,95.703125,7338.63916015625,1633.5343017578125,3272.15576171875,388.57281494140625,0.24710078537464142,0.12088319659233093,17.665607452392578,5.861388683319092,hiphop,hiphop.00047.wav
-87.6807861328125,79.37557983398438,25.071245193481445,45.16530990600586,11.19914436340332,18.170175552368164,3.520857810974121,6.995575428009033,1.2674152851104736,2.360787868499756,-1.7764662504196167,-0.01260183472186327,-2.7059743404388428,94.3709487915039,31.304096221923828,19.39299964904785,16.686323165893555,11.886375427246094,8.820120811462402,8.264764785766602,6.530300140380859,7.627760887145996,7.510783672332764,6.480416297912598,5.183342456817627,5.486117839813232,2344.3857421875,925.88330078125,0.07745040208101273,0.04885847866535187,0.41634824872016907,0.29829108715057373,95.703125,5394.20068359375,1910.7703857421875,2682.03271484375,529.2828979492188,0.23021632432937622,0.1114518940448761,16.695934295654297,4.839754581451416,hiphop,hiphop.00048.wav
-44.555233001708984,41.62350082397461,29.912630081176758,51.86369323730469,12.875630378723145,13.724888801574707,7.962604999542236,9.29023265838623,8.388367652893066,1.8994230031967163,1.1413116455078125,4.5649919509887695,5.524622440338135,51.4986686706543,23.797460556030273,23.860807418823242,17.284799575805664,17.225433349609375,10.675780296325684,13.80795955657959,9.303300857543945,10.852764129638672,8.303098678588867,8.933683395385742,8.10792064666748,7.304853439331055,3084.497314453125,791.9376220703125,0.10872005671262741,0.05845284461975098,0.4840633273124695,0.29180118441581726,129.19921875,6682.326171875,1186.515380859375,3055.570556640625,311.9458923339844,0.28883296251296997,0.07705596089363098,18.21405029296875,5.784344673156738,hiphop,hiphop.00049.wav
-114.06301879882812,110.11894989013672,17.93018341064453,37.93009567260742,27.968828201293945,1.4038033485412598,15.553620338439941,1.425545573234558,7.354289531707764,-3.325509786605835,8.241861343383789,-0.18475700914859772,0.6828672885894775,66.24876403808594,34.96847152709961,28.098365783691406,17.63234519958496,17.879060745239258,14.118749618530273,12.91423225402832,10.66019344329834,9.562906265258789,10.249956130981445,9.155342102050781,8.048258781433105,8.844850540161133,1683.728759765625,805.7876586914062,0.04244418814778328,0.031010007485747337,0.4270388185977936,0.3097423315048218,99.38401794433594,3619.3447265625,2193.109375,2428.093994140625,591.18896484375,0.27364036440849304,0.10287430137395859,18.411775588989258,5.49897575378418,hiphop,hiphop.00050.wav
-78.71351623535156,73.09977722167969,21.83403968811035,49.21601104736328,3.114288806915283,18.307453155517578,1.8565903902053833,8.398898124694824,1.4257844686508179,4.219165325164795,-1.323271632194519,1.2506556510925293,-3.0139784812927246,70.46620178222656,39.064483642578125,31.26900863647461,18.609390258789062,16.180328369140625,10.32146167755127,10.3755521774292,8.414216995239258,8.364099502563477,8.959476470947266,7.128609657287598,7.502864837646484,7.210121154785156,2500.521484375,1116.1502685546875,0.09951791912317276,0.0866922065615654,0.3936004042625427,0.30580002069473267,103.359375,5294.3095703125,1916.679931640625,2578.083251953125,472.9216003417969,0.24401791393756866,0.0870915874838829,18.541709899902344,5.241883754730225,hiphop,hiphop.00051.wav
-146.51693725585938,81.55852508544922,31.962297439575195,22.430374145507812,5.098354816436768,13.628087043762207,6.495129108428955,8.408916473388672,4.4383158683776855,5.01066255569458,1.8354231119155884,2.864581346511841,4.526801586151123,69.7521743774414,34.43175506591797,22.142778396606445,14.582527160644531,13.307816505432129,10.717812538146973,10.252350807189941,9.907332420349121,9.103992462158203,8.220083236694336,7.205780982971191,6.194383144378662,6.84543514251709,2595.78271484375,1172.142333984375,0.08231280744075775,0.06507038325071335,0.4613981246948242,0.29934826493263245,103.359375,5858.623046875,2127.9951171875,2881.612548828125,488.3100280761719,0.1099666878581047,0.04023701325058937,17.71316146850586,5.791914939880371,hiphop,hiphop.00052.wav
-144.97781372070312,66.67152404785156,44.280052185058594,22.528505325317383,6.521360397338867,8.850330352783203,11.895541191101074,5.837181091308594,3.0436742305755615,6.451862812042236,3.5622899532318115,2.5228521823883057,3.830937623977661,81.03345489501953,33.43531799316406,25.337909698486328,21.36212730407715,15.051016807556152,11.236084938049316,11.664546966552734,9.46142578125,8.862309455871582,9.821227073669434,8.828680992126465,7.9310784339904785,7.534891128540039,3079.1103515625,1147.650634765625,0.10707796365022659,0.07020433992147446,0.5068888664245605,0.28990375995635986,107.666015625,7003.2412109375,2137.052001953125,3220.856201171875,490.7020263671875,0.10891584306955338,0.03740721568465233,17.755285263061523,5.951620578765869,hiphop,hiphop.00053.wav
-104.71599578857422,64.03459930419922,28.791667938232422,10.546079635620117,15.168903350830078,13.066783905029297,8.023292541503906,5.234204292297363,6.736820220947266,5.124849796295166,4.446024417877197,4.464317321777344,3.354733943939209,55.469825744628906,25.641305923461914,24.781963348388672,15.820549011230469,14.228208541870117,9.50841999053955,10.825870513916016,10.641251564025879,9.402883529663086,8.065818786621094,8.170531272888184,7.427835464477539,8.28896427154541,3258.793701171875,915.2901000976562,0.12631934881210327,0.07736549526453018,0.4469766914844513,0.3028911054134369,112.3471450805664,7619.5625,1314.9903564453125,3321.23291015625,337.2129211425781,0.12415162473917007,0.04310353100299835,17.496875762939453,5.734784126281738,hiphop,hiphop.00054.wav
-161.47679138183594,104.0411148071289,-10.936408996582031,43.69308090209961,13.973774909973145,14.4622163772583,7.506261348724365,9.48156452178955,6.43916654586792,6.995227336883545,1.3608630895614624,4.438622951507568,-2.926755905151367,53.415870666503906,27.449621200561523,19.85928726196289,14.908565521240234,13.810038566589355,11.107328414916992,12.492292404174805,7.572113513946533,7.416759014129639,7.930906295776367,7.444611072540283,8.498783111572266,6.018054008483887,1735.58544921875,724.7276000976562,0.0725003182888031,0.05482965335249901,0.39065876603126526,0.3120007812976837,107.666015625,3552.9619140625,1382.99462890625,2055.987060546875,380.7799987792969,0.13375939428806305,0.07005619257688522,19.837669372558594,5.036120891571045,hiphop,hiphop.00055.wav
-101.08124542236328,72.4087142944336,-2.374790906906128,46.05116653442383,5.545093536376953,24.215150833129883,3.5403549671173096,14.531002044677734,5.654685974121094,13.535110473632812,4.972192764282227,9.905891418457031,2.9368953704833984,53.63343048095703,21.017982482910156,22.240034103393555,14.864914894104004,12.35508918762207,9.200352668762207,9.165764808654785,8.280829429626465,9.175774574279785,9.760335922241211,7.336361408233643,7.351038455963135,7.122735500335693,2355.621337890625,596.0906372070312,0.07013034075498581,0.0332379974424839,0.49168044328689575,0.29466208815574646,99.38401794433594,5176.77685546875,1122.0845947265625,2496.919677734375,335.8460388183594,0.16661067306995392,0.04179065674543381,17.9508113861084,5.124668598175049,hiphop,hiphop.00056.wav
-113.62826538085938,87.07086944580078,-0.6380833983421326,52.25518035888672,19.37762451171875,19.676193237304688,15.387044906616211,13.7107515335083,6.9510931968688965,9.077070236206055,7.965795993804932,4.412704944610596,-0.15473127365112305,62.04764938354492,22.690345764160156,22.490751266479492,13.24567699432373,11.710488319396973,9.653486251831055,9.199823379516602,8.307735443115234,6.206437110900879,7.243030548095703,6.495555877685547,7.5969109535217285,8.029610633850098,1811.0908203125,642.8018188476562,0.0514543391764164,0.03853808715939522,0.400672048330307,0.31122997403144836,89.10291290283203,3889.934814453125,1325.2808837890625,2279.385498046875,328.3942565917969,0.2247585654258728,0.06414905935525894,17.393306732177734,5.308259010314941,hiphop,hiphop.00057.wav
-109.83064270019531,63.10463333129883,-13.84090518951416,43.019493103027344,6.1420440673828125,23.18745994567871,8.019647598266602,10.65602970123291,0.9803227782249451,5.321308135986328,-1.832165002822876,-1.4251207113265991,-1.863974690437317,68.57035827636719,29.455760955810547,24.88385009765625,18.011917114257812,14.847525596618652,11.9005765914917,12.967462539672852,11.127408981323242,9.54105281829834,9.58841323852539,8.870634078979492,8.29968547821045,7.314713954925537,2676.533935546875,981.71142578125,0.13613863289356232,0.09681373089551926,0.5061397552490234,0.28480690717697144,172.265625,5209.5185546875,1412.8922119140625,2413.921875,357.8754577636719,0.13039982318878174,0.06643223017454147,16.73695945739746,4.797489643096924,hiphop,hiphop.00058.wav
-133.2266845703125,93.95074462890625,-2.2413456439971924,50.19545364379883,12.518453598022461,15.036698341369629,11.511906623840332,10.248600006103516,7.951723575592041,10.803760528564453,1.9746123552322388,5.198634147644043,1.066261887550354,57.827537536621094,29.777545928955078,25.97876739501953,16.915180206298828,14.374124526977539,10.840812683105469,12.258593559265137,8.885241508483887,7.94366979598999,10.37989616394043,7.181796073913574,6.264848232269287,6.307882785797119,1949.306884765625,808.7427368164062,0.06300301849842072,0.044149987399578094,0.499569296836853,0.27963119745254517,92.28515625,4219.474609375,1737.6104736328125,2286.59033203125,528.8296508789062,0.15126341581344604,0.051931437104940414,17.556737899780273,4.963973522186279,hiphop,hiphop.00059.wav
-153.50096130371094,92.77770233154297,-15.882088661193848,57.952423095703125,8.575667381286621,18.462398529052734,13.276261329650879,11.162718772888184,7.613731861114502,12.974225044250488,5.661204814910889,7.017446041107178,2.8843374252319336,71.58772277832031,22.26319122314453,26.255538940429688,18.80473518371582,16.31804656982422,11.101631164550781,11.207008361816406,9.384257316589355,8.375399589538574,9.995227813720703,8.132004737854004,7.4449052810668945,7.6941657066345215,1717.83447265625,588.0409545898438,0.053907837718725204,0.04678709805011749,0.4396848976612091,0.32147520780563354,184.5703125,3686.9111328125,1184.9368896484375,2052.410888671875,361.0503845214844,0.18021106719970703,0.06272853910923004,18.084373474121094,5.517634391784668,hiphop,hiphop.00060.wav
-127.29856872558594,95.7888412475586,-12.756138801574707,37.964439392089844,20.579317092895508,23.185546875,8.276987075805664,9.6158447265625,8.685040473937988,5.521230220794678,6.679731369018555,4.026427745819092,1.7274876832962036,56.2459716796875,22.457822799682617,23.457773208618164,18.49763298034668,18.942317962646484,12.51590633392334,11.26667594909668,9.041218757629395,9.86530590057373,9.546409606933594,8.971293449401855,8.151520729064941,7.414636135101318,1811.4871826171875,570.701171875,0.06727699190378189,0.038463007658720016,0.4736352264881134,0.2807939946651459,184.5703125,3806.310302734375,1235.0364990234375,2201.294921875,343.955810546875,0.15561001002788544,0.0566440150141716,19.01432991027832,4.902155876159668,hiphop,hiphop.00061.wav
-144.1154022216797,73.38273620605469,4.689500331878662,24.034183502197266,12.896576881408691,14.024166107177734,8.642744064331055,6.908734321594238,-1.2130749225616455,-0.8405232429504395,1.162618637084961,2.5793063640594482,-1.1129529476165771,91.67393493652344,48.07250213623047,43.09159851074219,24.839109420776367,21.390710830688477,16.98526382446289,13.393664360046387,13.206243515014648,12.52082633972168,11.576085090637207,10.60959243774414,10.133544921875,11.307823181152344,2449.072509765625,1319.6611328125,0.10955073684453964,0.09897615015506744,0.47191789746284485,0.30778613686561584,92.28515625,4930.66162109375,2408.90087890625,2508.117431640625,574.8710327148438,0.1909227818250656,0.14563152194023132,17.960086822509766,5.426777362823486,hiphop,hiphop.00062.wav
-98.84099578857422,71.1085205078125,-10.045742988586426,31.723390579223633,5.144659519195557,1.875218391418457,-8.893279075622559,-4.2644500732421875,-5.9622368812561035,-4.269474029541016,-0.6587040424346924,-1.8606144189834595,-0.5169800519943237,71.02923583984375,37.38652038574219,31.27153968811035,23.020050048828125,16.920785903930664,16.30084228515625,14.84744930267334,13.336261749267578,13.275771141052246,12.500038146972656,12.124823570251465,11.251269340515137,9.511695861816406,2671.073974609375,1116.044677734375,0.12218709290027618,0.08564762026071548,0.44546937942504883,0.30313044786453247,92.28515625,5320.2763671875,1887.5433349609375,2494.73681640625,507.9781188964844,0.18616363406181335,0.1319076269865036,18.285335540771484,5.022015571594238,hiphop,hiphop.00063.wav
-82.42477416992188,69.95745849609375,10.693318367004395,48.8040771484375,4.639569282531738,13.286026954650879,-1.7903581857681274,5.122208118438721,-1.084924340248108,-2.7959132194519043,-2.5498504638671875,0.21808503568172455,-3.1269516944885254,62.51456832885742,26.32416534423828,24.507211685180664,18.65378761291504,17.628068923950195,14.869348526000977,12.597612380981445,12.018943786621094,11.571341514587402,10.017521858215332,8.814234733581543,9.518976211547852,8.677658081054688,2429.936767578125,815.1815795898438,0.07981168478727341,0.06010688841342926,0.408005952835083,0.32008567452430725,86.1328125,5273.7099609375,1322.6590576171875,2575.1767578125,368.46844482421875,0.235963374376297,0.11903663724660873,18.404396057128906,5.707928657531738,hiphop,hiphop.00064.wav
-140.1487579345703,77.06105041503906,42.02964782714844,31.239227294921875,12.191808700561523,10.215243339538574,3.7374846935272217,8.286639213562012,-1.5532026290893555,-1.7558186054229736,3.626760482788086,4.589858531951904,-2.549267053604126,93.16780853271484,46.248695373535156,26.12881851196289,19.8027400970459,17.328474044799805,14.574581146240234,11.586734771728516,10.23904037475586,10.468052864074707,11.07991886138916,8.858566284179688,8.16348648071289,9.81753921508789,2447.9814453125,1384.68408203125,0.08860339224338531,0.09532570838928223,0.4177848696708679,0.3179932236671448,95.703125,5316.86767578125,2565.466552734375,2779.943115234375,530.1028442382812,0.2067456841468811,0.13688641786575317,17.54598617553711,5.335112571716309,hiphop,hiphop.00065.wav
-111.8478775024414,89.10122680664062,13.179903984069824,36.34461212158203,-3.2759246826171875,3.8778231143951416,0.5638424158096313,6.3377275466918945,-2.179609775543213,2.9791018962860107,-1.6365569829940796,-0.3662911355495453,-3.4718985557556152,86.14811706542969,32.95334243774414,24.608882904052734,20.066389083862305,16.161413192749023,13.18810749053955,9.972233772277832,10.38231086730957,11.46065616607666,10.041057586669922,9.710210800170898,8.298806190490723,9.3694486618042,2245.154296875,868.4423828125,0.07938538491725922,0.05929538607597351,0.4097598195075989,0.3071190416812897,92.28515625,4816.095703125,1654.267822265625,2484.137939453125,410.1335144042969,0.1898607462644577,0.12274704873561859,17.987754821777344,5.211954593658447,hiphop,hiphop.00066.wav
-74.77094268798828,58.740535736083984,9.939784049987793,21.57010841369629,15.071627616882324,4.9377288818359375,2.282747983932495,5.468897342681885,3.1200332641601562,0.6039441823959351,2.4664061069488525,4.211440086364746,3.4745802879333496,58.97711181640625,28.178180694580078,25.924924850463867,17.13168716430664,16.48518943786621,13.237715721130371,13.898900032043457,12.653849601745605,11.852775573730469,10.333069801330566,10.233441352844238,10.575470924377441,9.49133586883545,3053.275146484375,1070.9298095703125,0.12681971490383148,0.09867238253355026,0.4983868896961212,0.29238346219062805,95.703125,6667.509765625,1866.844970703125,3025.05712890625,439.9091796875,0.2179241180419922,0.1391124129295349,17.43341827392578,5.030081272125244,hiphop,hiphop.00067.wav
-66.0644302368164,74.915771484375,20.63437843322754,39.274261474609375,8.157337188720703,15.135332107543945,-0.3828370273113251,5.572951316833496,1.461735486984253,-0.6336607336997986,-1.571073055267334,1.455990195274353,-2.4145190715789795,74.1902847290039,28.477474212646484,21.1689453125,19.055700302124023,14.238081932067871,9.919249534606934,10.010381698608398,9.150185585021973,8.905496597290039,9.143781661987305,7.190793991088867,6.52252721786499,6.1678619384765625,2545.05810546875,849.3986206054688,0.09572391211986542,0.05484551563858986,0.42210811376571655,0.29773232340812683,95.703125,5683.7158203125,1569.2685546875,2748.003662109375,391.50927734375,0.2287963479757309,0.10945791006088257,16.967403411865234,4.739931583404541,hiphop,hiphop.00068.wav
-59.20925521850586,36.20804214477539,39.83427810668945,49.9761962890625,10.150850296020508,16.89043426513672,9.769880294799805,4.446043968200684,2.411560297012329,1.7071006298065186,2.36737060546875,3.909562110900879,3.2013638019561768,62.18723678588867,30.51056671142578,24.06180191040039,19.819822311401367,16.63787841796875,11.313633918762207,12.490448951721191,11.16688346862793,10.530715942382812,9.74457836151123,10.203914642333984,8.453499794006348,7.663270473480225,3299.440185546875,997.6553344726562,0.12096600979566574,0.084062859416008,0.48957696557044983,0.2984146773815155,129.19921875,7082.173828125,1201.3846435546875,3139.542724609375,293.2374267578125,0.2717660367488861,0.08286678791046143,18.176801681518555,5.84330940246582,hiphop,hiphop.00069.wav
-81.68595123291016,82.3359603881836,53.542030334472656,25.494243621826172,15.711484909057617,19.212007522583008,8.440927505493164,6.372036933898926,0.20460082590579987,0.15445595979690552,1.1984615325927734,1.5259027481079102,-0.7252470254898071,70.41348266601562,32.43349075317383,27.377565383911133,16.597015380859375,14.603503227233887,9.400111198425293,8.82123851776123,7.9445719718933105,8.885416984558105,7.697662353515625,6.76373291015625,6.106149673461914,6.18642520904541,2501.259033203125,1115.0133056640625,0.06926450878381729,0.05538221821188927,0.43090683221817017,0.2985869348049164,95.703125,6028.55517578125,2499.256103515625,3049.66064453125,566.5631713867188,0.2787714898586273,0.07466477155685425,18.07737922668457,5.699668884277344,hiphop,hiphop.00070.wav
-78.69876098632812,51.46027755737305,42.21704864501953,30.07628631591797,20.110864639282227,6.993340969085693,8.018717765808105,6.883306980133057,-4.620158672332764,3.649606466293335,3.6401922702789307,4.324947834014893,2.607875108718872,56.52740478515625,32.17770004272461,17.240270614624023,15.529725074768066,15.00467300415039,10.428092002868652,10.76331615447998,11.002093315124512,10.588812828063965,9.905925750732422,9.51292896270752,8.396315574645996,8.541574478149414,3186.909912109375,1154.5794677734375,0.10757607221603394,0.09980100393295288,0.40388020873069763,0.31552308797836304,95.703125,7476.67138671875,1495.5433349609375,3286.57373046875,338.33673095703125,0.2470289021730423,0.0906313881278038,18.659820556640625,6.010296821594238,hiphop,hiphop.00071.wav
-118.02058410644531,102.30680084228516,20.772592544555664,37.01067352294922,24.395523071289062,7.802753925323486,15.927474021911621,-1.5940946340560913,6.763178825378418,-0.7802006006240845,8.579757690429688,1.4736058712005615,-4.222729682922363,66.70081329345703,34.922725677490234,23.543596267700195,16.7749080657959,15.905177116394043,14.570667266845703,10.379999160766602,11.872777938842773,9.758237838745117,9.169295310974121,8.457244873046875,8.237645149230957,8.684006690979004,1818.8189697265625,858.3799438476562,0.051362499594688416,0.04290362074971199,0.4380706548690796,0.3078051209449768,99.38401794433594,3999.725830078125,2187.37646484375,2521.69677734375,556.4974365234375,0.25294384360313416,0.11673583090305328,18.195350646972656,5.48944091796875,hiphop,hiphop.00072.wav
-78.25045013427734,70.1887435913086,45.90895080566406,42.075984954833984,15.097312927246094,10.68984603881836,-0.6920254230499268,-0.6105203032493591,0.3715642988681793,-0.3509228229522705,1.1027350425720215,-0.6717469096183777,-0.8145327568054199,78.31841278076172,34.83953857421875,25.897127151489258,17.901140213012695,14.616724967956543,11.1336669921875,13.861881256103516,10.110738754272461,10.796854972839355,10.12679386138916,8.844345092773438,7.076263427734375,6.734631538391113,2566.558837890625,1201.2357177734375,0.08562003821134567,0.09636948257684708,0.4225151240825653,0.302432119846344,92.28515625,5931.505859375,2152.637939453125,2942.392578125,492.526611328125,0.30033332109451294,0.11817359924316406,17.46687889099121,5.374821662902832,hiphop,hiphop.00073.wav
-68.78752899169922,62.37388610839844,24.279096603393555,53.78571319580078,-1.9191564321517944,12.823493003845215,-4.358759880065918,12.354515075683594,-0.22019344568252563,9.053526878356934,-0.9775519371032715,3.941970109939575,1.916253924369812,57.36509704589844,26.57607078552246,26.26871109008789,19.72601890563965,15.506087303161621,10.340502738952637,10.678340911865234,8.567975044250488,9.999631881713867,8.437111854553223,8.0389986038208,8.006044387817383,8.555869102478027,2775.291748046875,852.509033203125,0.11079033464193344,0.06856277585029602,0.473944753408432,0.28984594345092773,99.38401794433594,5969.3056640625,1246.020263671875,2712.623779296875,342.46014404296875,0.2083497941493988,0.10167989879846573,17.558256149291992,5.545668601989746,hiphop,hiphop.00074.wav
-94.57141876220703,51.72364807128906,17.519943237304688,28.90424156188965,2.0637569427490234,3.727111339569092,-1.851620078086853,4.3683600425720215,8.78132152557373,2.1316022872924805,-1.3799784183502197,4.691601276397705,4.077907085418701,66.22491455078125,43.1121940612793,28.937915802001953,24.35455894470215,18.964603424072266,16.70981216430664,15.342034339904785,12.979555130004883,13.903641700744629,13.923012733459473,10.613435745239258,10.243820190429688,9.933455467224121,3139.605712890625,1334.63134765625,0.146737203001976,0.12990981340408325,0.45118245482444763,0.31108587980270386,92.28515625,6335.61181640625,1831.2174072265625,2849.977294921875,370.0774230957031,0.19167505204677582,0.12251077592372894,17.935041427612305,5.269268989562988,hiphop,hiphop.00075.wav
-111.2291488647461,89.941162109375,4.453145980834961,14.53057861328125,9.934057235717773,-9.441967010498047,2.9049582481384277,-0.13894076645374298,-3.0650675296783447,3.2723679542541504,-1.496965765953064,1.5704437494277954,2.39640474319458,83.85087585449219,38.03738784790039,32.65531921386719,19.92776870727539,17.654823303222656,17.699108123779297,12.41623592376709,13.24156379699707,12.782623291015625,10.947417259216309,10.62197494506836,9.44311809539795,10.742344856262207,2328.325439453125,1137.4010009765625,0.09669744968414307,0.09072237461805344,0.4249902367591858,0.3128872811794281,95.703125,4934.9453125,2413.41552734375,2627.2294921875,609.0496826171875,0.2372182309627533,0.16645750403404236,17.551807403564453,4.732007026672363,hiphop,hiphop.00076.wav
-25.853546142578125,70.94635772705078,9.548489570617676,17.47974967956543,-1.6311872005462646,-0.5474361181259155,0.26069027185440063,-4.643626689910889,-0.5859255790710449,-3.0860726833343506,-2.4065418243408203,0.3865390121936798,-2.1581430435180664,57.51153564453125,33.755393981933594,24.999961853027344,19.97618865966797,18.354015350341797,16.180015563964844,13.044825553894043,10.878167152404785,10.795126914978027,10.203505516052246,12.046710014343262,9.073529243469238,8.84416389465332,2986.424560546875,972.548583984375,0.13766242563724518,0.07940125465393066,0.46092817187309265,0.29550740122795105,117.4538345336914,6403.16943359375,1892.385986328125,2899.9736328125,468.72357177734375,0.23842552304267883,0.08487874269485474,17.09681510925293,4.575504302978516,hiphop,hiphop.00077.wav
-111.2291488647461,89.941162109375,4.453145980834961,14.53057861328125,9.934057235717773,-9.441967010498047,2.9049582481384277,-0.13894076645374298,-3.0650675296783447,3.2723679542541504,-1.496965765953064,1.5704437494277954,2.39640474319458,83.85087585449219,38.03738784790039,32.65531921386719,19.92776870727539,17.654823303222656,17.699108123779297,12.41623592376709,13.24156379699707,12.782623291015625,10.947417259216309,10.62197494506836,9.44311809539795,10.742344856262207,2328.325439453125,1137.4010009765625,0.09669744968414307,0.09072237461805344,0.4249902367591858,0.3128872811794281,95.703125,4934.9453125,2413.41552734375,2627.2294921875,609.0496826171875,0.2372182309627533,0.16645750403404236,17.551807403564453,4.732007026672363,hiphop,hiphop.00078.wav
-79.74996185302734,62.275123596191406,-5.1084465980529785,18.229969024658203,12.862356185913086,-14.114572525024414,4.911667346954346,1.6750953197479248,-5.780055522918701,0.8144436478614807,-3.8078806400299072,2.012064218521118,3.414438247680664,92.23021697998047,38.604103088378906,30.624521255493164,23.507394790649414,17.315185546875,19.88479232788086,15.12267017364502,14.721406936645508,12.056768417358398,11.736746788024902,9.99095344543457,9.163190841674805,9.110566139221191,3213.147705078125,1188.1317138671875,0.17240183055400848,0.09905379265546799,0.4272741377353668,0.30251696705818176,103.359375,6312.97021484375,2322.84716796875,2834.048828125,576.2236938476562,0.15468616783618927,0.06873540580272675,17.294466018676758,4.86268949508667,hiphop,hiphop.00079.wav
-64.00121307373047,50.8045654296875,6.60215950012207,27.830774307250977,6.633703708648682,0.2985534071922302,2.8219563961029053,3.21342134475708,0.16524186730384827,0.6103196740150452,0.09556546807289124,-5.067102909088135,2.6628100872039795,42.4705696105957,25.731796264648438,22.13001251220703,15.973600387573242,13.783900260925293,11.438692092895508,10.89497184753418,9.866435050964355,10.69967269897461,8.685260772705078,8.421452522277832,8.205915451049805,8.77295970916748,3377.3427734375,905.5306396484375,0.1550009548664093,0.08521252125501633,0.4035688638687134,0.3123247027397156,95.703125,6892.4833984375,1500.04833984375,2996.522705078125,369.1962585449219,0.14134684205055237,0.02547849714756012,17.10918426513672,4.589188098907471,hiphop,hiphop.00080.wav
-216.06976318359375,122.55899047851562,0.9373159408569336,39.35661697387695,9.288217544555664,26.045793533325195,-4.027805805206299,18.25638198852539,-6.511410236358643,13.911773681640625,-3.0722880363464355,8.8768310546875,-4.358553409576416,70.84854125976562,23.079097747802734,27.715181350708008,17.613550186157227,15.914775848388672,12.638853073120117,13.137777328491211,10.476890563964844,9.891802787780762,9.514298439025879,9.095380783081055,7.155268669128418,7.630331993103027,1469.3759765625,595.4277954101562,0.05177973210811615,0.03406557813286781,0.5205853581428528,0.29350921511650085,103.359375,3277.046875,1626.15771484375,1954.5242919921875,424.7213439941406,0.08638297021389008,0.058228541165590286,19.462682723999023,8.095288276672363,hiphop,hiphop.00081.wav
-122.78052520751953,95.06128692626953,-29.363250732421875,46.78004455566406,-15.998562812805176,27.117586135864258,-13.113779067993164,20.25800323486328,-5.389464855194092,15.45925235748291,-6.909566879272461,15.645837783813477,-6.707096099853516,30.9614315032959,22.5707950592041,16.99616241455078,10.978466033935547,11.412782669067383,9.443744659423828,11.114728927612305,9.740008354187012,9.049091339111328,7.591432571411133,8.254222869873047,7.614941120147705,7.556241035461426,2290.107421875,618.63671875,0.11322947591543198,0.06968862563371658,0.5036192536354065,0.28838232159614563,107.666015625,4819.5126953125,940.795166015625,2181.589111328125,242.85952758789062,0.1022820696234703,0.04614601284265518,19.58145523071289,9.008794784545898,hiphop,hiphop.00082.wav
-122.01622772216797,89.59381866455078,-25.749513626098633,40.978492736816406,-4.280537128448486,27.573909759521484,-15.565974235534668,22.410400390625,-10.840677261352539,19.818462371826172,-8.638997077941895,19.100217819213867,-8.472635269165039,43.06622314453125,19.957979202270508,18.562440872192383,15.457910537719727,13.535423278808594,11.872676849365234,12.732246398925781,10.52181339263916,8.794215202331543,9.68681526184082,8.833035469055176,8.70573902130127,7.870273113250732,2368.02880859375,559.9765625,0.11085005104541779,0.05949677899479866,0.44792577624320984,0.29214948415756226,103.359375,5017.7861328125,1028.0079345703125,2303.345703125,260.2934265136719,0.1106356829404831,0.05204169824719429,20.698745727539062,9.247149467468262,hiphop,hiphop.00083.wav
-214.3130340576172,100.31755065917969,-33.45656967163086,47.25948715209961,-8.953328132629395,12.991591453552246,-17.3225040435791,11.068474769592285,-11.724059104919434,8.812742233276367,-7.832298755645752,6.2648186683654785,-0.1049594134092331,64.96426391601562,40.49477767944336,25.16500473022461,23.737991333007812,19.42464256286621,18.58418846130371,15.187782287597656,13.307435989379883,13.01362133026123,11.111546516418457,10.019124984741211,9.320722579956055,9.946440696716309,2044.40185546875,767.8853149414062,0.10514864325523376,0.07075722515583038,0.5133563280105591,0.28872597217559814,112.3471450805664,4075.0087890625,1371.83154296875,1933.7322998046875,374.469970703125,0.06588638573884964,0.044810835272073746,19.193382263183594,8.471784591674805,hiphop,hiphop.00084.wav
-114.30268859863281,80.86408233642578,-18.181608200073242,50.66254806518555,-14.933624267578125,29.264699935913086,-20.05033302307129,18.588346481323242,-17.68691635131836,16.672950744628906,-11.416135787963867,16.29712677001953,-4.47333288192749,39.849853515625,19.153135299682617,19.838167190551758,14.017780303955078,14.04814338684082,9.319245338439941,9.929338455200195,9.001485824584961,8.18967056274414,7.680023670196533,7.542524337768555,7.669122219085693,7.9429426193237305,2607.9013671875,552.168701171875,0.12723997235298157,0.0684858039021492,0.47679850459098816,0.29706326127052307,112.3471450805664,5535.34130859375,804.8486938476562,2392.195068359375,233.51536560058594,0.1062111034989357,0.04412863403558731,20.525497436523438,9.867598533630371,hiphop,hiphop.00085.wav
-198.9750518798828,92.61563110351562,-19.53598976135254,39.54047775268555,-0.6448094844818115,33.591434478759766,-6.465564727783203,27.517139434814453,-2.4129981994628906,14.994362831115723,-2.9805147647857666,14.907301902770996,-3.387167453765869,56.6098747253418,27.200611114501953,19.55532455444336,19.696857452392578,17.19422149658203,12.952144622802734,11.336396217346191,10.397577285766602,9.595840454101562,10.917262077331543,10.417505264282227,9.800419807434082,9.315123558044434,2083.393798828125,666.086181640625,0.07986799627542496,0.05421200394630432,0.4798392355442047,0.3004826009273529,99.38401794433594,4478.75634765625,1324.9844970703125,2197.959228515625,330.0716857910156,0.0790502205491066,0.04246163368225098,20.130237579345703,8.547151565551758,hiphop,hiphop.00086.wav
-168.34710693359375,70.93956756591797,-3.0408055782318115,54.825477600097656,-12.104619979858398,30.515268325805664,-1.5212910175323486,28.844463348388672,-8.925713539123535,18.759965896606445,-6.6007914543151855,14.602880477905273,-3.575063467025757,53.234596252441406,16.545001983642578,19.96940040588379,11.123246192932129,12.738066673278809,11.457880973815918,12.996946334838867,9.619659423828125,10.517389297485352,7.156778812408447,8.995491981506348,6.3414177894592285,6.964828014373779,2472.488525390625,714.37744140625,0.08769334852695465,0.07454955577850342,0.5837966799736023,0.2674068212509155,135.99917602539062,5509.02490234375,1060.277587890625,2499.681640625,248.36013793945312,0.10804735869169235,0.052359212189912796,19.17688751220703,9.489322662353516,hiphop,hiphop.00087.wav
-89.86678314208984,79.76334381103516,-25.7373046875,47.72638702392578,-10.019150733947754,31.556943893432617,-22.197519302368164,26.661226272583008,-10.976783752441406,18.82318115234375,-15.56501293182373,14.414715766906738,-10.038894653320312,44.8240852355957,19.01648712158203,20.618301391601562,15.078652381896973,13.820609092712402,13.265565872192383,10.520953178405762,10.374540328979492,9.491952896118164,9.333162307739258,7.424923419952393,8.56598949432373,7.839549541473389,2694.975830078125,524.8135986328125,0.14991216361522675,0.05604474991559982,0.46000930666923523,0.29249313473701477,117.4538345336914,5600.09130859375,833.6126708984375,2389.235107421875,222.65350341796875,0.11859050393104553,0.04193126782774925,20.69528579711914,10.190362930297852,hiphop,hiphop.00088.wav
-103.13826751708984,74.09021759033203,-22.434640884399414,51.60478973388672,-7.079813480377197,32.67097473144531,-14.993523597717285,19.642501831054688,-7.071233749389648,22.27215003967285,-7.324057579040527,17.61178207397461,-0.045685309916734695,41.34506607055664,19.923952102661133,17.707704544067383,11.635200500488281,11.927184104919434,8.473226547241211,8.22132682800293,7.957322120666504,7.774575233459473,6.716801643371582,7.727669715881348,6.731166362762451,8.058330535888672,2670.154541015625,581.6749267578125,0.11762400716543198,0.05875590816140175,0.49831196665763855,0.29515236616134644,123.046875,5527.05810546875,967.5927734375,2396.6484375,266.14715576171875,0.12070812284946442,0.04421878233551979,20.771652221679688,9.801631927490234,hiphop,hiphop.00089.wav
-109.5091781616211,97.38956451416016,-20.61962127685547,37.36667251586914,-3.12599778175354,28.611204147338867,-14.169424057006836,23.862110137939453,-8.736170768737793,19.89246368408203,-11.298630714416504,17.9396915435791,-3.482387065887451,30.750669479370117,15.719460487365723,14.97101879119873,11.362642288208008,11.096057891845703,8.866918563842773,11.387832641601562,8.5574369430542,8.883478164672852,7.751761436462402,7.67173957824707,7.13558292388916,7.060574531555176,2272.83447265625,471.6134033203125,0.1045016348361969,0.04792195186018944,0.4824310541152954,0.29367032647132874,151.99908447265625,4965.044921875,975.9180297851562,2327.23779296875,228.6434783935547,0.10910199582576752,0.04222762584686279,20.255313873291016,9.3868408203125,hiphop,hiphop.00090.wav
-105.56951141357422,76.67491149902344,-24.77430534362793,55.19899368286133,-8.257658004760742,28.89926528930664,-15.747581481933594,26.304574966430664,-8.491438865661621,20.45464324951172,-8.151382446289062,13.922347068786621,-6.56631326675415,45.57163619995117,18.518346786499023,20.011499404907227,14.184109687805176,14.802141189575195,11.29841136932373,11.99138355255127,10.340538024902344,9.736746788024902,9.035248756408691,9.34999942779541,8.919997215270996,8.355463027954102,2628.976806640625,510.7786865234375,0.13855509459972382,0.06432433426380157,0.5337823629379272,0.2713935077190399,103.359375,5411.7255859375,801.8090209960938,2350.956298828125,227.70497131347656,0.11357302963733673,0.043359823524951935,19.98292350769043,9.921381950378418,hiphop,hiphop.00091.wav
-144.99234008789062,84.06177520751953,10.8482027053833,43.60133361816406,6.281899452209473,36.12910842895508,-14.66227912902832,26.80546760559082,-10.336030006408691,24.696184158325195,-8.724149703979492,18.79265022277832,-4.396878719329834,43.784420013427734,16.75592613220215,21.109895706176758,13.643213272094727,18.862417221069336,10.895155906677246,11.467673301696777,10.577125549316406,8.852645874023438,8.757903099060059,8.127778053283691,7.464365482330322,9.774979591369629,2330.839599609375,526.0419311523438,0.07263901829719543,0.039131078869104385,0.477782666683197,0.28632304072380066,112.3471450805664,5837.59814453125,1075.9473876953125,2664.20556640625,264.62249755859375,0.1225644126534462,0.039850909262895584,20.8881893157959,9.48164176940918,hiphop,hiphop.00092.wav
-191.63844299316406,41.31780242919922,4.992498874664307,65.46561431884766,-4.320229530334473,42.641536712646484,-12.25316047668457,23.817209243774414,-4.27325963973999,16.039920806884766,-5.085684299468994,16.431041717529297,-9.372979164123535,57.4901237487793,20.094310760498047,21.15953254699707,14.8678560256958,14.511747360229492,11.645108222961426,10.807992935180664,9.105278968811035,9.860631942749023,9.371858596801758,9.894495964050293,8.639558792114258,7.718070983886719,3185.14208984375,653.3334350585938,0.15219749510288239,0.07451131939888,0.47652143239974976,0.2823701500892639,117.4538345336914,6277.93701171875,551.6453247070312,2603.538818359375,169.917236328125,0.0672345831990242,0.04422604292631149,21.11575698852539,9.288020133972168,hiphop,hiphop.00093.wav
-169.93531799316406,98.0576171875,-11.31148910522461,38.26552200317383,5.069619178771973,25.395584106445312,-11.830673217773438,25.108501434326172,-5.5583882331848145,19.205223083496094,-2.9109885692596436,18.213062286376953,6.105380535125732,53.41835021972656,26.386795043945312,20.152929306030273,16.19499397277832,17.50447654724121,14.910469055175781,13.363025665283203,10.195469856262207,12.106992721557617,9.554750442504883,9.766229629516602,9.115160942077637,9.412605285644531,1929.586181640625,557.4954833984375,0.05419090390205383,0.0310676246881485,0.45894211530685425,0.29882505536079407,151.99908447265625,4411.22314453125,1411.850830078125,2249.24462890625,362.92474365234375,0.11071186512708664,0.03650249168276787,21.001216888427734,8.556540489196777,hiphop,hiphop.00094.wav
-92.59165954589844,77.41268157958984,-32.756370544433594,54.59611892700195,-13.19919490814209,33.656280517578125,-12.085771560668945,28.01538848876953,-11.966781616210938,18.829349517822266,-6.670477390289307,13.036639213562012,-7.021347522735596,37.595008850097656,19.051870346069336,17.202415466308594,11.704946517944336,9.310589790344238,9.095370292663574,8.92038345336914,8.256363868713379,7.742746829986572,7.144256114959717,6.833347320556641,5.459717750549316,5.733805179595947,2735.7958984375,529.2709350585938,0.15760335326194763,0.05378800630569458,0.5623586773872375,0.26078125834465027,112.3471450805664,5419.7421875,813.7638549804688,2295.4560546875,225.6172332763672,0.10348284989595413,0.04232817143201828,19.42011260986328,10.120609283447266,hiphop,hiphop.00095.wav
-128.1535186767578,124.58419799804688,-37.20049285888672,43.89212417602539,-12.789881706237793,18.988998413085938,-9.285406112670898,19.7816104888916,-6.878118515014648,13.477490425109863,-5.979897975921631,12.329025268554688,-4.652768611907959,47.08494186401367,21.48150634765625,20.380918502807617,16.37689208984375,18.150007247924805,13.088834762573242,11.795626640319824,9.452630043029785,9.39274787902832,8.305254936218262,7.955660343170166,7.465389728546143,7.420414924621582,1752.0147705078125,402.59869384765625,0.0831264778971672,0.03025657683610916,0.42474794387817383,0.295850932598114,107.666015625,3488.945556640625,850.9790649414062,1811.3360595703125,262.24658203125,0.1108260229229927,0.03707975894212723,19.688190460205078,8.193277359008789,hiphop,hiphop.00096.wav
-111.1899642944336,80.63883209228516,-0.8759599328041077,50.617801666259766,-13.474104881286621,35.325801849365234,-14.840683937072754,21.19380760192871,-13.577967643737793,19.628597259521484,-11.768654823303223,16.968807220458984,-9.362855911254883,34.67323684692383,20.337034225463867,15.760802268981934,13.725480079650879,14.697982788085938,9.267009735107422,9.719267845153809,9.48096752166748,7.371089935302734,7.98642635345459,8.071839332580566,8.647623062133789,7.541147232055664,2581.7275390625,589.0953979492188,0.11598796397447586,0.0646844357252121,0.4738047122955322,0.29113876819610596,151.99908447265625,5731.6484375,786.4871826171875,2526.217529296875,199.13392639160156,0.11850105226039886,0.04175104945898056,20.944499969482422,9.92171859741211,hiphop,hiphop.00097.wav
-129.95169067382812,72.02136993408203,-23.253374099731445,63.23063659667969,-6.87346887588501,34.40077209472656,-12.189913749694824,30.506071090698242,-7.582158088684082,20.6044979095459,-6.19744873046875,14.683234214782715,-2.9395949840545654,43.88478469848633,20.23504066467285,19.99310302734375,16.715961456298828,13.362683296203613,11.790064811706543,11.19896125793457,8.66392993927002,9.530693054199219,7.500542640686035,8.046960830688477,7.843544960021973,8.317754745483398,2538.243408203125,552.9533081054688,0.10066983848810196,0.06008371338248253,0.5335046052932739,0.275571346282959,107.666015625,5353.2841796875,793.6124267578125,2341.444580078125,221.319091796875,0.11897746473550797,0.04645991325378418,20.385923385620117,9.691861152648926,hiphop,hiphop.00098.wav
-138.7483367919922,100.20922088623047,-31.457195281982422,32.44475555419922,-2.7770369052886963,13.11102294921875,-14.5094575881958,13.948756217956543,-15.169027328491211,8.20479679107666,-4.920586109161377,3.523158311843872,-7.980302333831787,60.825477600097656,39.58819580078125,32.40886688232422,23.60070037841797,17.84099006652832,17.90833854675293,15.133062362670898,14.013211250305176,14.445016860961914,12.359145164489746,11.716835975646973,11.120859146118164,10.486010551452637,1963.1932373046875,822.2186279296875,0.10157081484794617,0.0660666897892952,0.4309518039226532,0.3083098232746124,107.666015625,3798.86865234375,1474.8172607421875,1917.28857421875,360.6660461425781,0.1537395864725113,0.12210287898778915,20.661165237426758,8.7344388961792,hiphop,hiphop.00099.wav
-251.99102783203125,137.88876342773438,-11.156676292419434,8.355846405029297,0.7175981998443604,1.5888837575912476,-3.736992120742798,-4.138826370239258,-5.510426044464111,-2.6428098678588867,-3.5355749130249023,-3.145066499710083,-1.8456103801727295,110.23336791992188,38.29273223876953,27.04418182373047,10.955053329467773,10.834595680236816,7.297317028045654,7.502445220947266,6.186864376068115,6.599472522735596,6.124774932861328,6.563594818115234,7.690278053283691,6.619095802307129,1504.4849853515625,744.7313232421875,0.07846438139677048,0.04944460466504097,0.34449321031570435,0.2915290892124176,123.046875,2800.499755859375,1638.939453125,1754.515625,532.660888671875,0.04676249250769615,0.039286356419324875,17.937135696411133,4.12386417388916,jazz,jazz.00000.wav
-345.7681884765625,146.9813995361328,-0.49109604954719543,22.63897132873535,5.818591594696045,10.342899322509766,-0.1702681928873062,-1.7211475372314453,-6.119700908660889,-0.5134583711624146,1.0318325757980347,1.2220971584320068,-1.9446278810501099,100.60261535644531,35.91069793701172,22.84457015991211,11.60735034942627,9.836402893066406,7.394784927368164,7.331482887268066,7.553924560546875,6.853715896606445,6.948243141174316,7.216238498687744,6.80198860168457,8.026570320129395,1266.34619140625,549.63037109375,0.05927779898047447,0.03278287500143051,0.32815515995025635,0.29419898986816406,135.99917602539062,2410.285400390625,1334.4276123046875,1691.3184814453125,466.3633728027344,0.022791113704442978,0.01546255312860012,18.6960391998291,4.527130603790283,jazz,jazz.00001.wav
-257.0179748535156,175.31582641601562,-44.81547164916992,25.66323471069336,-4.256741523742676,-0.22128815948963165,-11.32312297821045,-9.186279296875,-4.0999321937561035,-8.300054550170898,-22.553421020507812,-7.608668804168701,-7.653321743011475,79.8478775024414,34.87602233886719,32.908546447753906,20.111507415771484,15.329546928405762,10.609451293945312,9.70838451385498,8.588814735412598,9.279309272766113,10.31335735321045,9.955556869506836,8.433736801147461,7.590219497680664,1064.821533203125,401.4757385253906,0.05787266418337822,0.030455296859145164,0.2676277458667755,0.2897498905658722,151.99908447265625,1896.0802001953125,699.1868896484375,1050.3377685546875,249.26470947265625,0.08082735538482666,0.0315098874270916,25.91860580444336,5.502625942230225,jazz,jazz.00002.wav
-297.2326965332031,193.094482421875,10.13585376739502,-1.604259729385376,3.4037551879882812,9.997605323791504,-7.269056797027588,4.690434455871582,-5.398844242095947,-2.8661930561065674,-10.235335350036621,0.3849239647388458,-4.966054916381836,99.31298065185547,29.569679260253906,33.58028793334961,15.96861457824707,12.075494766235352,10.171669006347656,12.015541076660156,8.853388786315918,9.399713516235352,9.483949661254883,7.145852565765381,10.044788360595703,8.527117729187012,813.4386596679688,304.7608337402344,0.044674333184957504,0.014439982362091541,0.31936442852020264,0.2846587598323822,92.28515625,1417.2081298828125,661.7235107421875,1059.179443359375,468.75146484375,0.05947569012641907,0.03603387996554375,22.169607162475586,6.1029486656188965,jazz,jazz.00003.wav
-270.31201171875,137.554931640625,5.6220316886901855,42.50809860229492,-7.959412097930908,9.935898780822754,-6.823992729187012,8.244321823120117,-6.1889543533325195,5.46956205368042,-5.445732116699219,-5.178623199462891,-6.994631767272949,54.027610778808594,23.357013702392578,18.572757720947266,14.84041690826416,13.267717361450195,10.185858726501465,9.040264129638672,7.446126461029053,7.140335559844971,7.26926326751709,7.5371880531311035,9.076937675476074,8.804910659790039,1039.71044921875,349.8797912597656,0.04776879772543907,0.022850390523672104,0.1717699021100998,0.28741732239723206,64.599609375,1838.4971923828125,956.787353515625,1422.1939697265625,277.3671875,0.10872480273246765,0.04666546732187271,26.10804557800293,6.075831413269043,jazz,jazz.00004.wav
-246.32089233398438,120.20308685302734,-0.934164822101593,30.68938636779785,0.191153421998024,23.146516799926758,0.42938441038131714,9.1720552444458,-0.5738321542739868,5.722522258758545,-3.756934881210327,4.23167085647583,-0.27937397360801697,95.82476806640625,27.766132354736328,29.840850830078125,14.219483375549316,17.242389678955078,10.239330291748047,12.996917724609375,9.020244598388672,12.380837440490723,13.630476951599121,11.486308097839355,13.592264175415039,14.411124229431152,1267.9898681640625,535.3148803710938,0.057861328125,0.03011651709675789,0.24827773869037628,0.31050729751586914,107.666015625,2486.18505859375,1365.0361328125,1546.10546875,486.4486389160156,0.1074972003698349,0.047268979251384735,24.374923706054688,7.683451175689697,jazz,jazz.00005.wav
-234.3426055908203,142.72239685058594,-14.277185440063477,51.923065185546875,-8.200179100036621,12.773935317993164,-4.295217990875244,12.082511901855469,-13.723852157592773,-1.5506784915924072,-3.9817662239074707,4.937513828277588,-3.9372153282165527,80.10955047607422,37.268489837646484,24.647953033447266,19.2924747467041,14.051302909851074,11.241920471191406,14.066290855407715,10.91726303100586,10.269954681396484,8.17553424835205,10.17769718170166,8.11202335357666,7.42771053314209,1220.029541015625,515.1181640625,0.04806244373321533,0.02635878510773182,0.2748718559741974,0.30352720618247986,135.99917602539062,2416.876953125,1119.81005859375,1459.498779296875,373.4912109375,0.09855766594409943,0.036857180297374725,24.17213249206543,6.6981987953186035,jazz,jazz.00006.wav
-291.96649169921875,137.6410675048828,2.6701064109802246,35.63743591308594,-12.31061840057373,15.607240676879883,-6.798582553863525,-2.8389623165130615,-3.790433168411255,-3.4771761894226074,-1.725541114807129,10.397662162780762,8.311189651489258,50.42121124267578,30.13917350769043,24.24983787536621,12.143350601196289,10.982638359069824,9.223023414611816,9.683831214904785,8.012535095214844,7.929474353790283,11.39363956451416,13.282232284545898,15.959765434265137,14.054586410522461,1170.15673828125,346.3514099121094,0.06483445316553116,0.026597803458571434,0.19719192385673523,0.30288541316986084,61.5234375,1958.7548828125,834.5950927734375,1355.8759765625,245.6341094970703,0.09373166412115097,0.04730783402919769,25.65731430053711,7.306095123291016,jazz,jazz.00007.wav
-189.9169464111328,134.41616821289062,-25.677438735961914,45.74530029296875,8.189717292785645,21.450271606445312,-4.58437967300415,14.39094066619873,-12.6600923538208,10.28064250946045,-7.9415693283081055,-1.1395624876022339,-5.0479888916015625,55.41836929321289,22.86420249938965,27.603986740112305,11.06277084350586,12.523463249206543,9.983136177062988,11.18154525756836,11.544103622436523,9.334875106811523,8.743412017822266,8.33890151977539,7.561319828033447,7.056784629821777,1304.685302734375,417.5788269042969,0.04627485200762749,0.025773536413908005,0.3573947548866272,0.3044085204601288,107.666015625,2724.43359375,1032.700927734375,1636.550048828125,343.6298828125,0.11859104782342911,0.03747428208589554,23.20490837097168,7.040946960449219,jazz,jazz.00008.wav
-296.6781005859375,172.37864685058594,16.86704444885254,18.952924728393555,1.3671668767929077,14.381316184997559,0.9986541867256165,9.520248413085938,-7.417555332183838,3.521702527999878,-7.6593427658081055,-0.10418455302715302,-7.962854862213135,36.09981155395508,20.057222366333008,15.551106452941895,10.18989086151123,9.895061492919922,9.271551132202148,9.513978004455566,7.931603908538818,8.544739723205566,6.9998674392700195,7.52294397354126,7.657242298126221,9.971729278564453,749.3568725585938,213.9991912841797,0.03169028460979462,0.0116919856518507,0.26689672470092773,0.29961031675338745,107.666015625,1133.7015380859375,480.1092834472656,1211.0045166015625,295.41180419921875,0.08535763621330261,0.027148548513650894,23.52858543395996,5.662484169006348,jazz,jazz.00009.wav
-318.8001708984375,162.651611328125,-16.452930450439453,39.11607360839844,31.457944869995117,15.257576942443848,-0.6891270875930786,5.7950263023376465,-8.640235900878906,-4.003876209259033,1.3734984397888184,0.09258098155260086,-3.0869431495666504,107.95218658447266,23.604888916015625,54.08085632324219,16.39944839477539,14.12490177154541,11.507184982299805,9.255611419677734,8.896050453186035,13.226605415344238,9.94040584564209,7.020484447479248,6.392923831939697,6.85998010635376,829.297607421875,413.6715393066406,0.0330655612051487,0.021363334730267525,0.3297717571258545,0.3023778200149536,112.3471450805664,1553.5655517578125,849.4315795898438,1037.7962646484375,254.47903442382812,0.06413749605417252,0.04064294695854187,23.618324279785156,5.66539192199707,jazz,jazz.00010.wav
-192.51739501953125,113.1836929321289,-6.373058319091797,39.59309387207031,-9.189579010009766,17.204055786132812,-19.114599227905273,12.203581809997559,-15.4758882522583,9.702116966247559,-10.961740493774414,12.922776222229004,-7.292179107666016,41.59761428833008,17.548837661743164,19.113462448120117,8.93784236907959,6.879241466522217,7.061281681060791,7.371097087860107,6.413070201873779,6.277638912200928,5.869060516357422,5.885514736175537,6.86904239654541,6.201135158538818,1825.9752197265625,360.7177429199219,0.07692054659128189,0.02683126926422119,0.30020931363105774,0.29711851477622986,99.38401794433594,4011.492431640625,1089.8721923828125,2107.924072265625,315.1554870605469,0.07116985321044922,0.03199496865272522,22.343183517456055,7.981735706329346,jazz,jazz.00011.wav
-253.2285919189453,122.68326568603516,-5.654043674468994,40.59252166748047,-5.846395492553711,18.4277400970459,-16.653335571289062,14.598944664001465,-15.162858963012695,8.216917991638184,-13.890626907348633,8.282560348510742,-7.312088966369629,48.46269989013672,19.01478385925293,22.825359344482422,9.813608169555664,8.11190414428711,7.994233131408691,7.039445400238037,7.44796895980835,6.37531852722168,6.510787010192871,6.293905735015869,7.181580543518066,5.894481658935547,1651.0,346.1975402832031,0.06369991600513458,0.021667202934622765,0.36379891633987427,0.2874791920185089,112.3471450805664,3659.51123046875,1095.771240234375,2040.769287109375,324.0484619140625,0.03751090168952942,0.01654662936925888,21.289735794067383,6.974947929382324,jazz,jazz.00012.wav
-217.64451599121094,112.63787078857422,12.686544418334961,39.54150390625,-9.824912071228027,17.383014678955078,-12.365174293518066,20.717960357666016,-18.302825927734375,16.355810165405273,-10.025547981262207,9.036938667297363,-6.899486541748047,29.847911834716797,11.771240234375,11.044387817382812,7.816120147705078,7.174605846405029,7.171975612640381,7.284144401550293,8.97169017791748,8.43867015838623,7.17816162109375,7.686995506286621,9.330910682678223,8.699759483337402,1790.006103515625,296.5909118652344,0.06107332557439804,0.01787225902080536,0.31439632177352905,0.29820117354393005,99.38401794433594,4398.04833984375,970.8948974609375,2312.900634765625,221.42562866210938,0.05548190325498581,0.01762709952890873,21.00385284423828,8.045069694519043,jazz,jazz.00013.wav
-358.30572509765625,137.95895385742188,-11.000713348388672,20.8516902923584,1.947358250617981,-3.4139952659606934,-11.520309448242188,-3.2774696350097656,-11.0208158493042,-8.386406898498535,-7.478809833526611,-1.0018491744995117,-6.738014221191406,71.9879150390625,31.658592224121094,23.68903923034668,18.579925537109375,11.774606704711914,11.451895713806152,10.643871307373047,7.995310306549072,8.515541076660156,7.065680503845215,9.018418312072754,8.457784652709961,9.890514373779297,1171.77783203125,408.98828125,0.06494253873825073,0.03403276577591896,0.19868671894073486,0.29087692499160767,129.19921875,2018.937744140625,790.040283203125,1277.7354736328125,260.7567443847656,0.03929365798830986,0.03197367116808891,23.88010025024414,6.439892768859863,jazz,jazz.00014.wav
-200.01402282714844,117.22406768798828,-12.37673282623291,39.10684585571289,-6.360408782958984,16.52885627746582,-17.306795120239258,13.629066467285156,-17.661602020263672,14.030025482177734,-10.206363677978516,12.177011489868164,-6.719635963439941,42.742088317871094,18.093677520751953,21.946842193603516,9.74811840057373,7.630696773529053,7.606000900268555,7.964917182922363,7.123589038848877,6.034303665161133,7.168374538421631,6.183822154998779,6.848249435424805,5.961291313171387,1782.477294921875,318.4803771972656,0.0735706090927124,0.025324927642941475,0.3329556882381439,0.3014887571334839,117.4538345336914,3812.585205078125,973.6895141601562,2061.994384765625,300.8686828613281,0.062368374317884445,0.024967893958091736,21.636619567871094,7.803406715393066,jazz,jazz.00015.wav
-259.82958984375,123.20835876464844,-6.411299705505371,37.57597351074219,-2.9846904277801514,13.062032699584961,-14.093770980834961,5.306913375854492,-11.979528427124023,3.5143046379089355,-9.639544486999512,5.340486526489258,-7.840780258178711,52.810176849365234,25.866270065307617,19.132644653320312,13.564616203308105,9.069416046142578,10.428502082824707,9.281755447387695,8.536202430725098,8.698792457580566,7.249609470367432,7.292675971984863,8.226058006286621,7.766355991363525,1465.51611328125,378.5019836425781,0.06986428052186966,0.03500080853700638,0.2494863122701645,0.2959645092487335,73.828125,2820.98291015625,858.5814819335938,1738.2789306640625,241.85523986816406,0.06058981642127037,0.03571416065096855,23.93813705444336,7.073456764221191,jazz,jazz.00016.wav
-233.09597778320312,105.91776275634766,-2.676614284515381,37.433624267578125,-8.178378105163574,15.727415084838867,-15.066481590270996,8.377423286437988,-16.380409240722656,8.63088321685791,-9.384077072143555,7.093085765838623,-5.999111652374268,57.7197265625,22.852731704711914,19.853483200073242,8.871369361877441,7.7875566482543945,7.083285808563232,8.545632362365723,7.273684978485107,8.718862533569336,7.305486679077148,6.869929313659668,8.0752592086792,8.205280303955078,1934.51708984375,528.0953369140625,0.08418656885623932,0.04044397175312042,0.3453313708305359,0.3035314977169037,215.33203125,4327.5986328125,1286.129638671875,2187.091552734375,339.1437683105469,0.049848224967718124,0.030662378296256065,20.437206268310547,7.9451003074646,jazz,jazz.00017.wav
-192.12538146972656,105.58748626708984,-26.0310115814209,40.159423828125,-6.654979228973389,26.4967041015625,-10.388105392456055,18.469724655151367,-13.995582580566406,14.937352180480957,-12.686880111694336,9.585426330566406,-5.195147514343262,23.701751708984375,11.732410430908203,14.541391372680664,7.881738185882568,6.154463291168213,4.86285924911499,5.646692276000977,5.945068836212158,5.245722770690918,5.138611793518066,5.001977920532227,5.3915910720825195,6.1772356033325195,1992.94091796875,253.9109344482422,0.08770884573459625,0.025921007618308067,0.3534085154533386,0.29627010226249695,103.359375,4247.19091796875,630.6126098632812,2126.9619140625,189.6994171142578,0.052224621176719666,0.017741767689585686,22.081850051879883,7.3974714279174805,jazz,jazz.00018.wav
-267.28662109375,129.05224609375,-14.737059593200684,41.268768310546875,-1.014971137046814,22.953378677368164,-8.132360458374023,11.17974853515625,-9.073575019836426,11.3184232711792,-5.499914169311523,13.5791015625,-1.1755174398422241,38.46763229370117,21.40841293334961,19.158554077148438,11.46516227722168,8.337295532226562,7.073585510253906,5.746166229248047,6.478626728057861,6.345249652862549,6.211798667907715,7.315953731536865,9.036242485046387,7.393698215484619,1352.9901123046875,297.79498291015625,0.055484168231487274,0.019690364599227905,0.24802599847316742,0.29550299048423767,184.5703125,2713.28369140625,808.4860229492188,1714.8797607421875,255.9607391357422,0.05020084232091904,0.01649579592049122,23.295269012451172,6.134815692901611,jazz,jazz.00019.wav
-376.69403076171875,119.16358184814453,-2.9616613388061523,48.508880615234375,13.156192779541016,21.244487762451172,0.012301087379455566,8.008127212524414,-0.41269516944885254,2.3665778636932373,-0.03935624286532402,0.8969520330429077,1.6664363145828247,57.56380081176758,19.806241989135742,20.972692489624023,9.627694129943848,10.315732955932617,9.148233413696289,9.384359359741211,7.2847819328308105,9.78470516204834,7.048622131347656,8.031977653503418,6.087492942810059,7.513460159301758,1171.3009033203125,341.696533203125,0.032971832901239395,0.022543184459209442,0.2893334627151489,0.3222781717777252,107.666015625,2580.059326171875,926.208740234375,1677.7979736328125,285.3905334472656,0.02712356299161911,0.016731685027480125,20.74509048461914,6.1065354347229,jazz,jazz.00020.wav
-174.7040252685547,75.89945220947266,-12.792850494384766,52.60661697387695,-29.416118621826172,22.748615264892578,-22.366758346557617,18.63333511352539,-24.70472526550293,21.16802406311035,-13.802682876586914,13.009406089782715,-7.859887599945068,37.07228088378906,26.102460861206055,16.54205894470215,8.339427947998047,7.666306018829346,6.854839324951172,7.494396209716797,5.577606678009033,6.760249614715576,6.461887836456299,5.224246978759766,5.660113334655762,5.113012313842773,2915.13525390625,682.9600830078125,0.1813991367816925,0.08601082116365433,0.43288731575012207,0.29502540826797485,123.046875,5865.1064453125,1033.47998046875,2420.47412109375,235.43878173828125,0.04796375706791878,0.020291056483983994,20.701309204101562,9.440166473388672,jazz,jazz.00021.wav
-298.8079528808594,112.0782241821289,6.485770225524902,28.386516571044922,-6.764679431915283,16.651893615722656,-11.809683799743652,12.746783256530762,-8.347038269042969,13.898632049560547,-4.235764026641846,2.319571018218994,-4.326793670654297,39.40434646606445,19.76350975036621,17.920204162597656,10.287582397460938,10.054159164428711,7.867063522338867,9.06047534942627,6.992649078369141,6.883856773376465,8.018266677856445,10.581263542175293,11.246447563171387,10.997579574584961,1451.4984130859375,428.9012145996094,0.051222290843725204,0.025086112320423126,0.20151571929454803,0.2950797975063324,129.19921875,3046.08984375,1356.8836669921875,1919.9176025390625,352.3689880371094,0.05049276724457741,0.027137206867337227,24.225543975830078,6.718412399291992,jazz,jazz.00022.wav
-188.1099090576172,98.63330841064453,-11.278644561767578,47.217750549316406,-20.33315086364746,18.78586769104004,-15.79450511932373,13.689794540405273,-15.455809593200684,17.430904388427734,1.0143803358078003,18.283550262451172,4.647218227386475,40.359073638916016,23.243356704711914,13.229331970214844,9.40588092803955,8.030155181884766,5.867223739624023,7.109494686126709,7.059954643249512,7.7427239418029785,7.903151988983154,9.798504829406738,9.909905433654785,10.817212104797363,1987.927001953125,467.23541259765625,0.08007358759641647,0.030433425679802895,0.2207791954278946,0.30337220430374146,86.1328125,4315.765625,1047.4764404296875,2100.0224609375,268.1542053222656,0.08783356100320816,0.029748106375336647,23.039344787597656,8.33994197845459,jazz,jazz.00023.wav
-202.60838317871094,105.84573364257812,-20.537837982177734,43.8979606628418,-14.272346496582031,25.29953956604004,-15.592005729675293,15.311660766601562,-13.294727325439453,12.276098251342773,-8.764145851135254,10.158416748046875,-1.8681050539016724,54.82160949707031,26.037931442260742,22.942150115966797,13.088403701782227,9.330666542053223,7.018611907958984,8.288448333740234,7.86251163482666,7.675352573394775,7.875560283660889,8.022109985351562,7.724696159362793,8.063815116882324,2034.5791015625,560.9487915039062,0.09324735403060913,0.05101078376173973,0.34920045733451843,0.30778756737709045,103.359375,4342.94873046875,1252.8895263671875,2084.706298828125,370.02569580078125,0.05885065719485283,0.0289144366979599,21.383180618286133,7.930710792541504,jazz,jazz.00024.wav
-237.66241455078125,108.30335998535156,2.0399816036224365,41.77372741699219,-10.451949119567871,16.930843353271484,-8.600078582763672,12.785670280456543,-9.114532470703125,15.938528060913086,-6.518535137176514,7.173824310302734,-8.253262519836426,59.1884880065918,19.60094451904297,20.306901931762695,11.93283462524414,10.282127380371094,7.585878849029541,7.054344177246094,6.941318035125732,7.535332202911377,9.757929801940918,9.708759307861328,9.970409393310547,10.259628295898438,1698.069091796875,404.6064147949219,0.06362432986497879,0.027135422453284264,0.2678038775920868,0.31532585620880127,103.359375,3806.26025390625,1117.50146484375,2065.8916015625,321.2797546386719,0.06936076283454895,0.03808153420686722,22.523822784423828,7.688774585723877,jazz,jazz.00025.wav
-414.1497802734375,104.8441390991211,-7.821512699127197,37.875396728515625,0.21377837657928467,23.427854537963867,-7.274100303649902,5.76659631729126,-1.0599749088287354,8.49860668182373,-5.490029335021973,0.8940593004226685,-1.463813066482544,65.87725830078125,33.49357986450195,30.22801399230957,13.197700500488281,14.9534330368042,11.536473274230957,9.729338645935059,9.746100425720215,9.317731857299805,7.193994998931885,7.047461986541748,7.056588649749756,9.448453903198242,1367.4114990234375,650.15771484375,0.05863570049405098,0.0543067641556263,0.20186246931552887,0.30881693959236145,151.99908447265625,2631.82568359375,1604.7021484375,1638.8353271484375,485.8580017089844,0.03192383050918579,0.017736924812197685,25.33407974243164,6.572122573852539,jazz,jazz.00026.wav
-262.1243896484375,108.98235321044922,-6.3325514793396,55.18973922729492,-10.662286758422852,18.535446166992188,-4.250916481018066,18.56122398376465,-19.70691680908203,17.5748291015625,-10.982368469238281,11.932400703430176,-3.4279112815856934,44.280792236328125,15.10141372680664,20.109628677368164,7.515153884887695,7.411599159240723,7.505184650421143,6.425588130950928,5.443467140197754,8.230822563171387,5.741746425628662,5.909887790679932,5.8015360832214355,6.223699569702148,1769.401611328125,326.0519104003906,0.06265343725681305,0.025963637977838516,0.3252892792224884,0.3085501790046692,143.5546875,3966.72607421875,821.6044311523438,2113.483642578125,275.60986328125,0.040597181767225266,0.015845680609345436,21.397159576416016,7.382122039794922,jazz,jazz.00027.wav
-233.75851440429688,108.46988677978516,-10.714609146118164,38.699588775634766,-10.764275550842285,14.162391662597656,-16.25852394104004,10.371634483337402,-20.81631851196289,10.0704984664917,-12.02409839630127,7.765772342681885,-12.021538734436035,45.52638244628906,16.08009910583496,21.395265579223633,12.186407089233398,7.524271488189697,8.842315673828125,6.198850154876709,5.875494956970215,5.8749799728393555,6.23856258392334,7.414477348327637,7.528651714324951,7.862730026245117,1853.56591796875,333.3765563964844,0.07490468770265579,0.02379235252737999,0.27644315361976624,0.29587820172309875,99.38401794433594,4029.634033203125,1010.6553344726562,2095.72216796875,313.89752197265625,0.04876968637108803,0.02467406913638115,22.988033294677734,7.359297275543213,jazz,jazz.00028.wav
-232.9984588623047,93.82678985595703,-16.198394775390625,49.573951721191406,-13.947245597839355,13.494128227233887,-11.828399658203125,13.290519714355469,-25.828712463378906,17.37681007385254,-13.317584991455078,9.277925491333008,-5.493784427642822,36.02605056762695,18.29436683654785,16.522762298583984,10.071747779846191,9.276947021484375,8.346060752868652,6.73823356628418,5.846766948699951,6.755690097808838,5.720078468322754,4.950067043304443,6.047402858734131,6.745213985443115,2235.343994140625,406.0156555175781,0.09940416365861893,0.03194457292556763,0.3043396770954132,0.30210527777671814,112.3471450805664,4683.4384765625,963.6661987304688,2259.025390625,259.4781188964844,0.036303553730249405,0.013136529363691807,22.159358978271484,7.508986473083496,jazz,jazz.00029.wav
-318.9285888671875,115.70397186279297,-23.042325973510742,52.599456787109375,-12.819438934326172,14.633502006530762,-8.213702201843262,0.30774956941604614,-23.876354217529297,10.842195510864258,-9.591383934020996,7.483323574066162,-4.242236614227295,50.20521926879883,29.080198287963867,23.3220157623291,12.78955078125,12.009356498718262,8.279033660888672,8.3517427444458,7.71375846862793,9.11114501953125,8.289386749267578,7.785746097564697,9.3555269241333,9.28952407836914,1687.2984619140625,508.1901550292969,0.08466275036334991,0.053281184285879135,0.2350439429283142,0.2992912530899048,215.33203125,3353.54638671875,949.0645141601562,1762.551513671875,243.30528259277344,0.029602115973830223,0.013239757157862186,24.31269645690918,6.412848472595215,jazz,jazz.00030.wav
-237.49929809570312,115.94337463378906,-15.457233428955078,47.112403869628906,-13.510732650756836,18.199331283569336,-13.971240043640137,15.334492683410645,-17.5358943939209,13.420798301696777,-6.230585098266602,8.634657859802246,-7.248400688171387,39.65366744995117,16.989612579345703,21.454307556152344,9.198481559753418,6.674001693725586,6.4392008781433105,6.248013496398926,5.1719560623168945,5.439216136932373,5.353727340698242,6.418867111206055,7.678959846496582,6.355993270874023,1752.8065185546875,302.6739807128906,0.07241415232419968,0.030012670904397964,0.31103938817977905,0.30604371428489685,112.3471450805664,3733.419189453125,704.53759765625,1990.03759765625,226.79672241210938,0.04358796402812004,0.012984338216483593,21.462610244750977,7.213306427001953,jazz,jazz.00031.wav
-305.4945068359375,121.92649841308594,2.594775915145874,36.921051025390625,-8.559167861938477,17.905397415161133,-9.270870208740234,10.555924415588379,-9.937911987304688,2.3099348545074463,-12.685079574584961,0.3053419888019562,-8.618949890136719,60.41672134399414,27.165424346923828,13.68816089630127,9.22935676574707,8.765295028686523,8.379091262817383,8.526311874389648,7.4509711265563965,7.8351969718933105,7.38921594619751,8.356782913208008,6.546927452087402,9.664402961730957,1522.348388671875,572.0723266601562,0.061409302055835724,0.03409256413578987,0.28077688813209534,0.3153116703033447,129.19921875,3252.338623046875,1539.0283203125,1909.6346435546875,430.08843994140625,0.040503159165382385,0.02386782318353653,20.725849151611328,7.0501251220703125,jazz,jazz.00032.wav
-261.798095703125,139.52618408203125,-17.128894805908203,49.89491653442383,-5.8686442375183105,19.853361129760742,1.8584792613983154,5.718642711639404,-7.831182479858398,-0.4173504710197449,-1.2528473138809204,-2.1903841495513916,4.465002059936523,70.057861328125,20.829120635986328,19.34259796142578,10.79071044921875,15.537203788757324,6.094448089599609,11.247618675231934,6.988188743591309,9.723938941955566,5.895534038543701,6.791393756866455,5.302453994750977,4.937767028808594,1169.6512451171875,364.4798583984375,0.04234970733523369,0.02043924480676651,0.27402082085609436,0.3122997581958771,95.703125,2444.61865234375,901.52880859375,1498.7076416015625,227.39605712890625,0.06975041329860687,0.04318438097834587,21.079591751098633,6.6003007888793945,jazz,jazz.00033.wav
-146.4124755859375,118.20677947998047,-34.6727409362793,58.787296295166016,-14.969061851501465,34.30445098876953,-6.603354454040527,13.900938034057617,-14.645583152770996,9.20051383972168,-11.337798118591309,1.0974868535995483,-5.503308296203613,53.3712043762207,25.1872501373291,19.8731689453125,11.430469512939453,8.340606689453125,7.331095218658447,7.755399703979492,6.730375289916992,8.720208168029785,8.436994552612305,8.648438453674316,9.09103775024414,8.884284973144531,1759.512451171875,516.8282470703125,0.07934495061635971,0.047457970678806305,0.31169331073760986,0.29972347617149353,95.703125,3574.070068359375,761.4547119140625,1779.6060791015625,173.5701446533203,0.1299886554479599,0.0399375781416893,22.687030792236328,8.44593620300293,jazz,jazz.00034.wav
-261.8772888183594,182.5357208251953,-16.90709114074707,49.87154769897461,-1.2144476175308228,6.345548152923584,6.002386093139648,-8.873109817504883,-10.316280364990234,-3.2050650119781494,-5.371814250946045,-3.5495333671569824,-2.891636610031128,51.05945587158203,21.430923461914062,25.531192779541016,15.117731094360352,9.543667793273926,8.223929405212402,8.43539810180664,7.443060398101807,7.546767711639404,7.821948528289795,7.259785175323486,5.764896869659424,6.248779296875,844.13916015625,226.6851348876953,0.03772993013262749,0.011496380902826786,0.26454055309295654,0.2999816834926605,71.77734375,1608.915283203125,654.8333740234375,1104.300048828125,162.15261840820312,0.09149952977895737,0.035104937851428986,22.1829776763916,5.109409809112549,jazz,jazz.00035.wav
-196.8430633544922,152.7996368408203,-36.9100456237793,41.80352020263672,-8.70901870727539,4.415907859802246,-11.570120811462402,1.4324355125427246,-14.735855102539062,0.46832039952278137,-10.170390129089355,-6.922009468078613,-6.252429962158203,53.53774642944336,28.36216163635254,25.26640510559082,16.657777786254883,10.698333740234375,8.307171821594238,8.424427032470703,7.182877540588379,7.30155086517334,7.381353855133057,9.554537773132324,7.102959156036377,7.4598164558410645,1482.2908935546875,531.7949829101562,0.099559485912323,0.05652341991662979,0.32236796617507935,0.29385945200920105,123.046875,2658.9755859375,884.8289184570312,1412.34326171875,235.8357696533203,0.0805579125881195,0.03415815532207489,20.870344161987305,7.0644850730896,jazz,jazz.00036.wav
-198.46253967285156,140.6854248046875,-18.416391372680664,30.510448455810547,-6.705268383026123,15.720155715942383,-0.7331225275993347,7.296829700469971,-6.585082054138184,6.074649810791016,-5.132957935333252,3.448296308517456,-2.8441162109375,46.17217254638672,20.951948165893555,21.17464256286621,15.016438484191895,8.828271865844727,8.942255020141602,7.874172687530518,8.068979263305664,7.848589897155762,7.9025726318359375,6.955666542053223,7.247379779815674,8.230116844177246,1276.6962890625,351.8616638183594,0.05151291564106941,0.020376626402139664,0.2849479615688324,0.30369657278060913,95.703125,2468.626708984375,971.618896484375,1570.5673828125,320.7398986816406,0.10660113394260406,0.04553050920367241,22.422775268554688,6.380658149719238,jazz,jazz.00037.wav
-179.59478759765625,124.32764434814453,-29.741775512695312,45.38368225097656,-10.188966751098633,17.780799865722656,-8.817681312561035,12.764226913452148,-10.756725311279297,8.615612030029297,-12.390896797180176,3.3914453983306885,-12.01815128326416,52.682804107666016,17.351837158203125,23.065645217895508,15.751749038696289,9.215459823608398,8.655017852783203,6.956484317779541,7.819553375244141,6.977773189544678,6.653031349182129,6.458641529083252,6.893647193908691,6.512081146240234,1554.379638671875,280.6923522949219,0.06640058010816574,0.023768583312630653,0.2856101989746094,0.29716745018959045,151.99908447265625,3216.538818359375,699.6165771484375,1774.928466796875,247.86778259277344,0.09778041392564774,0.03379612788558006,23.132719039916992,6.896592140197754,jazz,jazz.00038.wav
-237.23965454101562,146.8258056640625,-24.444063186645508,64.27366638183594,-10.833980560302734,3.25913143157959,-1.3375036716461182,2.725534439086914,5.168942928314209,0.3977409899234772,9.611379623413086,2.5067873001098633,3.1193675994873047,71.56001281738281,15.517969131469727,23.45705795288086,14.067769050598145,18.178184509277344,12.154091835021973,14.550446510314941,13.292401313781738,8.904454231262207,10.643780708312988,11.694234848022461,12.470268249511719,9.70128345489502,1311.60693359375,380.4551086425781,0.07652372121810913,0.03379613906145096,0.2476811558008194,0.3003261387348175,99.38401794433594,2724.966796875,843.2365112304688,1446.3946533203125,192.9336700439453,0.08226295560598373,0.039964139461517334,20.766555786132812,6.707154273986816,jazz,jazz.00039.wav
-179.79029846191406,147.7628936767578,-20.479698181152344,58.62397384643555,-23.809179306030273,2.467825412750244,-3.1952929496765137,-9.30136775970459,-5.759235382080078,-0.4264563322067261,-8.366729736328125,3.1024649143218994,-6.85118293762207,35.4356575012207,24.80145835876465,22.523773193359375,19.69840431213379,13.242435455322266,13.457444190979004,11.395035743713379,9.363839149475098,8.623416900634766,8.906530380249023,8.106329917907715,8.790287971496582,8.431802749633789,1317.10693359375,426.786865234375,0.054860591888427734,0.02453579753637314,0.2366708666086197,0.3088664412498474,99.38401794433594,2779.02490234375,1090.7574462890625,1475.333984375,308.30157470703125,0.1380399614572525,0.03604363650083542,21.907819747924805,6.705583095550537,jazz,jazz.00040.wav
-216.31118774414062,134.9827880859375,-35.480674743652344,61.595497131347656,-14.545804977416992,11.046170234680176,1.2093088626861572,10.962496757507324,-8.294632911682129,-1.4437148571014404,0.12248735129833221,8.2815580368042,-4.578641414642334,87.47061920166016,19.593713760375977,29.459428787231445,12.388307571411133,14.768513679504395,9.74346923828125,8.594144821166992,10.048633575439453,10.32848072052002,10.670537948608398,10.550074577331543,12.299403190612793,10.575057983398438,1617.8955078125,399.7843322753906,0.10063090920448303,0.04635390639305115,0.3082287013530731,0.29916003346443176,95.703125,3104.05615234375,664.6668090820312,1568.7957763671875,133.36837768554688,0.07821866869926453,0.04080982506275177,21.664356231689453,6.979362487792969,jazz,jazz.00041.wav
-206.78492736816406,141.83738708496094,-13.811613082885742,49.34670639038086,-24.811641693115234,11.820208549499512,-12.791095733642578,-16.557239532470703,-8.389538764953613,-1.2063179016113281,-7.65068244934082,-1.371184229850769,-9.34677505493164,68.33606719970703,23.071640014648438,23.038122177124023,12.662138938903809,14.290349006652832,10.820748329162598,9.917405128479004,9.727776527404785,8.027929306030273,6.637208938598633,7.0192341804504395,5.537044525146484,7.1471076011657715,1344.4488525390625,432.45855712890625,0.061212025582790375,0.029314085841178894,0.28527408838272095,0.30121734738349915,73.828125,2772.54150390625,1058.9410400390625,1548.39453125,199.80702209472656,0.09952182322740555,0.06276923418045044,22.038270950317383,6.8274617195129395,jazz,jazz.00042.wav
-173.28468322753906,111.69588470458984,-35.922306060791016,45.85530090332031,-11.438426971435547,19.691587448120117,-8.049165725708008,17.947189331054688,-8.94970989227295,14.695818901062012,-10.342501640319824,4.670975685119629,-11.798713684082031,54.738929748535156,21.571672439575195,22.92665672302246,14.42761516571045,9.082756042480469,10.342453956604004,9.459275245666504,9.510772705078125,14.80527114868164,9.822250366210938,9.016915321350098,10.200469970703125,9.402298927307129,1760.23974609375,346.3941345214844,0.08566917479038239,0.028835637494921684,0.2537831962108612,0.2981386184692383,151.99908447265625,3460.545654296875,825.74462890625,1792.54296875,289.787841796875,0.11171223968267441,0.03793245181441307,23.569435119628906,7.686196327209473,jazz,jazz.00043.wav
-246.97653198242188,167.98892211914062,-19.80153465270996,22.009904861450195,-0.7347983717918396,15.09326171875,-1.2836858034133911,4.728427410125732,-2.061988592147827,6.532095909118652,-1.384499430656433,5.637634754180908,-0.28600573539733887,60.032474517822266,28.174638748168945,24.98009490966797,14.278322219848633,11.718982696533203,10.089929580688477,9.544306755065918,9.732486724853516,8.85775089263916,8.019330024719238,8.086941719055176,9.2020845413208,10.541175842285156,1004.9502563476562,355.13629150390625,0.049664098769426346,0.023452458903193474,0.27662360668182373,0.29971757531166077,103.359375,1811.8056640625,748.9785766601562,1247.03955078125,316.1114196777344,0.08642742037773132,0.03663500398397446,22.87473487854004,5.648924350738525,jazz,jazz.00044.wav
-231.3232421875,174.37615966796875,-19.749839782714844,47.375022888183594,-1.976766586303711,6.66658878326416,-1.1248576641082764,-5.499824523925781,-13.732545852661133,-3.69299578666687,-6.315066814422607,-1.5051618814468384,-2.6337108612060547,53.56684875488281,19.116130828857422,23.194711685180664,11.995713233947754,8.478819847106934,7.144170761108398,8.022753715515137,6.249882698059082,7.668223857879639,6.772090435028076,7.0462565422058105,5.6945085525512695,5.7691545486450195,937.3980102539062,240.67222595214844,0.042625971138477325,0.014531025663018227,0.27865591645240784,0.3053762912750244,73.828125,1763.3143310546875,625.0606079101562,1186.645751953125,150.4192352294922,0.10031687468290329,0.03532165288925171,22.19524383544922,5.3021016120910645,jazz,jazz.00045.wav
-204.2321319580078,147.5966033935547,-25.2186279296875,49.354251861572266,-15.650294303894043,2.700042724609375,-7.84955358505249,-10.642350196838379,-4.798891544342041,-3.6669726371765137,-3.505948543548584,1.568752646446228,1.4722061157226562,63.542179107666016,15.933860778808594,22.724563598632812,10.783199310302734,12.27235221862793,12.947060585021973,9.462453842163086,7.757506370544434,8.932580947875977,8.63541316986084,7.581929683685303,7.397156715393066,10.25769329071045,1295.2562255859375,286.6355285644531,0.05865006148815155,0.020447561517357826,0.25022199749946594,0.3007001578807831,107.666015625,2695.37548828125,701.85400390625,1446.10205078125,179.1107177734375,0.11051244288682938,0.05910395458340645,21.009130477905273,6.68008279800415,jazz,jazz.00046.wav
-201.8074951171875,109.28429412841797,-15.505194664001465,44.28395462036133,-11.047104835510254,18.85179901123047,-11.312691688537598,18.409912109375,-18.91156578063965,11.226408004760742,-11.899514198303223,6.9697394371032715,-11.650191307067871,46.381465911865234,22.756288528442383,13.716815948486328,8.65471076965332,7.671080589294434,7.119292259216309,7.36888313293457,6.256206512451172,6.1098313331604,6.521664142608643,5.8124542236328125,5.260400772094727,5.523810386657715,1982.12841796875,503.3381042480469,0.09357351064682007,0.04409687966108322,0.3585759997367859,0.3024223744869232,69.83741760253906,4262.482421875,1129.61181640625,2144.9921875,299.83197021484375,0.053880661725997925,0.023595426231622696,21.65767478942871,7.791290760040283,jazz,jazz.00047.wav
-204.8289031982422,117.45068359375,-20.93970489501953,42.00593185424805,-10.364102363586426,19.208967208862305,-11.633758544921875,7.984111785888672,-20.26410484313965,8.785672187805176,-11.697369575500488,5.1714863777160645,-11.23897647857666,40.60295486450195,18.124168395996094,11.794761657714844,9.007468223571777,9.460075378417969,8.817795753479004,8.110864639282227,6.501601219177246,6.94594669342041,7.257657527923584,8.430015563964844,8.995208740234375,8.061338424682617,1748.0333251953125,363.6638488769531,0.07929732650518417,0.025587165728211403,0.28263187408447266,0.2952207624912262,129.19921875,3684.56103515625,881.9484252929688,1947.66748046875,261.793212890625,0.058642491698265076,0.019984429702162743,22.574323654174805,7.379642009735107,jazz,jazz.00048.wav
-165.46795654296875,87.24910736083984,24.815532684326172,28.417308807373047,-2.780550479888916,-1.3317887783050537,-14.066439628601074,-4.747462272644043,-19.206073760986328,-0.5928637385368347,-11.947256088256836,-8.335516929626465,-8.235878944396973,57.539485931396484,30.441158294677734,23.95092010498047,16.861963272094727,12.069844245910645,13.953783988952637,12.232793807983398,11.10863208770752,9.844867706298828,15.477581024169922,9.610722541809082,9.15177059173584,7.917153358459473,2050.135986328125,724.4312744140625,0.06479515135288239,0.04402998089790344,0.20990236103534698,0.3077182173728943,184.5703125,4564.072265625,1768.7113037109375,2467.177978515625,373.89276123046875,0.18441703915596008,0.09060252457857132,20.564258575439453,5.25648832321167,jazz,jazz.00049.wav
-55.190040588378906,77.4786376953125,8.272335052490234,31.56097412109375,11.512486457824707,11.753402709960938,7.877706050872803,13.517611503601074,-2.2645761966705322,5.61616849899292,1.4572817087173462,7.372972011566162,-0.9271542429924011,31.715856552124023,18.55601692199707,14.68458366394043,10.832548141479492,9.398469924926758,6.953135013580322,6.800361156463623,6.033929824829102,6.189980506896973,6.798282623291016,6.81579065322876,5.846747398376465,5.377703666687012,2482.06982421875,456.9353942871094,0.08078257739543915,0.02832607366144657,0.41037485003471375,0.28925248980522156,151.99908447265625,5794.83154296875,1179.5302734375,2759.66796875,320.0184020996094,0.19042451679706573,0.028103213757276535,17.44684600830078,3.61462664604187,jazz,jazz.00050.wav
-260.8979797363281,138.52455139160156,-16.35112190246582,49.15070343017578,-5.258574962615967,19.35455322265625,2.2062227725982666,5.555695056915283,-7.8772125244140625,-0.19809219241142273,-1.617018222808838,-1.7220757007598877,3.9436960220336914,70.6115951538086,21.156856536865234,18.560760498046875,10.552860260009766,14.810736656188965,5.91956090927124,10.856157302856445,7.045775413513184,9.537166595458984,5.868608474731445,6.882625579833984,5.269655227661133,4.911159038543701,1193.8785400390625,366.11468505859375,0.042452123016119,0.02034640870988369,0.27403566241264343,0.31227317452430725,95.703125,2480.735107421875,904.8406982421875,1559.783447265625,226.27487182617188,0.06975202262401581,0.043183833360672,19.568605422973633,4.822628974914551,jazz,jazz.00051.wav
-91.21620178222656,82.60240173339844,12.171335220336914,36.69225311279297,-0.8373644351959229,13.415139198303223,5.620052337646484,9.662233352661133,-3.778263568878174,1.8234928846359253,1.5459750890731812,1.28731369972229,0.822791337966919,46.764408111572266,24.31147575378418,16.438520431518555,10.557239532470703,11.58426570892334,8.072134971618652,7.4432854652404785,5.465610027313232,6.382005214691162,6.630343437194824,6.339906215667725,7.459430694580078,6.120813846588135,2291.406005859375,611.3460083007812,0.07741827517747879,0.04451082646846771,0.3661006987094879,0.3029637932777405,107.666015625,5247.384765625,1397.5792236328125,2593.407470703125,384.1393127441406,0.18859367072582245,0.06745076179504395,19.466203689575195,4.262404441833496,jazz,jazz.00052.wav
-141.0889129638672,110.76341247558594,-27.475183486938477,51.97392654418945,-8.664052963256836,28.61534881591797,-1.612918496131897,9.662086486816406,-11.183889389038086,6.517714023590088,-9.409994125366211,-0.12163673341274261,-4.929937362670898,55.91952896118164,29.774250030517578,18.837949752807617,10.08175277709961,7.037484645843506,8.09207820892334,7.148028373718262,6.858780860900879,7.673096179962158,6.65438175201416,8.292708396911621,8.054522514343262,8.580238342285156,1804.715576171875,545.9801635742188,0.07951917499303818,0.04778169095516205,0.3117098808288574,0.2997128665447235,95.703125,3646.536376953125,819.2449340820312,1861.83740234375,196.66075134277344,0.13001179695129395,0.039958320558071136,20.350570678710938,4.810229778289795,jazz,jazz.00053.wav
-260.3519592285156,180.60806274414062,-15.362776756286621,48.560420989990234,-0.0743274986743927,5.43427848815918,6.599910259246826,-9.153326034545898,-10.289850234985352,-2.9884071350097656,-5.823054790496826,-2.9312968254089355,-3.617783546447754,51.375267028808594,22.190631866455078,24.74387550354004,14.31347942352295,9.088180541992188,8.236591339111328,8.402058601379395,7.161018371582031,7.221663951873779,7.618339538574219,7.237982273101807,5.680290699005127,6.188018798828125,871.7686767578125,224.34765625,0.03778284043073654,0.011459652334451675,0.26453977823257446,0.2999771535396576,71.77734375,1632.7901611328125,657.3651733398438,1205.5205078125,165.88070678710938,0.09149874001741409,0.03510427474975586,20.454803466796875,4.863693714141846,jazz,jazz.00055.wav
-38.04252243041992,64.98809051513672,14.29737377166748,21.284706115722656,7.501908302307129,6.37210750579834,1.9336780309677124,6.556060791015625,-2.9327826499938965,5.597701072692871,2.50141978263855,3.029546022415161,0.6087424755096436,35.87572479248047,17.684432983398438,11.233511924743652,9.321382522583008,7.3709516525268555,7.000015735626221,7.6624627113342285,6.9321417808532715,6.819699287414551,6.99574089050293,7.346887588500977,7.9897613525390625,7.880092620849609,2978.340087890625,519.9501342773438,0.11482507735490799,0.043887294828891754,0.372531920671463,0.2975233793258667,123.046875,6863.1669921875,997.9987182617188,3036.406494140625,251.87109375,0.1982394903898239,0.0464426688849926,17.971410751342773,4.019104480743408,jazz,jazz.00056.wav
-248.1094207763672,125.98793029785156,-12.599597930908203,30.244165420532227,-1.0903055667877197,-2.213005781173706,1.9470434188842773,0.25160497426986694,2.6987667083740234,-4.426093578338623,-6.481645584106445,-6.517059803009033,-3.994016647338867,56.893104553222656,20.03173828125,22.26092529296875,11.973858833312988,10.145096778869629,8.95561408996582,7.351546764373779,7.200067520141602,8.658445358276367,7.58155632019043,9.754995346069336,7.328104496002197,8.369781494140625,1377.97705078125,409.6101989746094,0.06180650368332863,0.036356132477521896,0.2340383678674698,0.3043818473815918,95.703125,2583.950927734375,942.7959594726562,1773.537109375,294.79534912109375,0.07812967151403427,0.0477948896586895,21.8929386138916,5.115535736083984,jazz,jazz.00057.wav
-190.51927185058594,143.98570251464844,-28.421674728393555,33.79344177246094,-1.2972341775894165,-2.3015270233154297,-5.64383602142334,-3.6400134563446045,-10.529327392578125,-2.8581395149230957,-7.707229137420654,-8.5834321975708,-5.303898334503174,55.4738655090332,30.800098419189453,23.746524810791016,14.664434432983398,8.735258102416992,7.334411144256592,7.198365211486816,6.255692481994629,7.127782821655273,6.670791149139404,8.909249305725098,6.824297904968262,7.5220465660095215,1546.5084228515625,533.7731323242188,0.09965699166059494,0.056415390223264694,0.32237762212753296,0.2938626706600189,123.046875,2723.58349609375,891.8958740234375,1581.2425537109375,238.27764892578125,0.0805608406662941,0.03415757417678833,18.49652099609375,4.861751079559326,jazz,jazz.00058.wav
-179.3740997314453,114.49272918701172,28.196645736694336,35.97930145263672,11.041097640991211,12.684316635131836,3.817139148712158,8.518316268920898,-0.014726857654750347,5.462332725524902,1.0599639415740967,2.6322290897369385,-3.7399513721466064,64.81234741210938,28.949708938598633,22.791486740112305,10.332345008850098,9.429156303405762,8.993209838867188,8.342751502990723,8.359771728515625,10.650019645690918,8.679656982421875,8.349353790283203,7.243201732635498,8.31943416595459,1397.4044189453125,595.3511962890625,0.03827792406082153,0.027069492265582085,0.3173414170742035,0.3194798231124878,107.666015625,2932.4990234375,1885.1177978515625,2136.074951171875,493.0779724121094,0.1826617419719696,0.07040805369615555,18.940244674682617,4.933074951171875,jazz,jazz.00059.wav
-190.3960723876953,129.50662231445312,-7.837520122528076,20.721296310424805,2.1918201446533203,7.792374610900879,6.1902174949646,1.35129976272583,-1.5920599699020386,2.0195136070251465,-1.992914080619812,1.1642934083938599,-1.3514087200164795,48.44906997680664,23.590087890625,20.971332550048828,14.099209785461426,8.023030281066895,8.079977989196777,6.8013811111450195,7.489328384399414,7.309414386749268,6.967653274536133,6.511780261993408,6.6848297119140625,7.81182861328125,1428.0386962890625,421.6728820800781,0.05242371931672096,0.020810924470424652,0.2849716246128082,0.3036873936653137,95.703125,2730.541748046875,1187.5224609375,1887.534912109375,390.5271301269531,0.10661542415618896,0.04552914947271347,19.67321014404297,4.659500598907471,jazz,jazz.00060.wav
-23.23577880859375,82.91702270507812,2.048941135406494,29.505756378173828,6.599293231964111,6.4949235916137695,-0.696699857711792,6.172839641571045,-3.4220030307769775,5.5945210456848145,-0.3769912123680115,3.266179084777832,-0.2061217874288559,36.96857452392578,16.777875900268555,15.056884765625,9.75975513458252,7.140255451202393,7.3139472007751465,6.884384632110596,6.814527988433838,6.638826370239258,6.514021873474121,6.084681987762451,6.27042818069458,7.042254447937012,2456.269775390625,467.3069763183594,0.09449413418769836,0.03362245112657547,0.37021154165267944,0.290889710187912,172.265625,5466.591796875,1142.491943359375,2654.90234375,290.5560302734375,0.23234327137470245,0.03760708495974541,18.432334899902344,3.911205768585205,jazz,jazz.00061.wav
-168.12322998046875,108.27153015136719,-14.149940490722656,30.457630157470703,3.8945059776306152,4.676563739776611,3.187917709350586,1.927634596824646,-1.1426724195480347,0.2347179651260376,-5.246889591217041,-2.554673433303833,-7.219599723815918,54.142513275146484,18.770965576171875,23.809419631958008,14.775896072387695,8.469770431518555,7.6217193603515625,6.6665263175964355,7.003139972686768,6.774964809417725,5.953601837158203,6.198116302490234,6.143223762512207,6.135871887207031,1725.634521484375,331.7060546875,0.06752226501703262,0.0240401029586792,0.2856545150279999,0.2971581220626831,151.99908447265625,3504.712158203125,862.2738037109375,2091.11376953125,322.35101318359375,0.09780147671699524,0.03379449620842934,20.310054779052734,4.498096942901611,jazz,jazz.00062.wav
-51.3477897644043,85.20030975341797,3.6435585021972656,22.861770629882812,-1.5293606519699097,6.11028528213501,2.410914421081543,3.644934892654419,-1.8632279634475708,4.3669352531433105,1.08710777759552,0.7797648310661316,-0.7364632487297058,31.94632911682129,14.919915199279785,15.606611251831055,7.985439300537109,7.586490154266357,5.782149314880371,5.384639739990234,5.524293899536133,5.679152011871338,6.010610580444336,6.100329399108887,6.856266498565674,5.809680461883545,2475.600830078125,379.7686462402344,0.0981505811214447,0.03078821487724781,0.3805404007434845,0.2965761721134186,123.046875,5544.5830078125,936.3145141601562,2687.069091796875,279.0089111328125,0.16229046881198883,0.039159275591373444,16.986026763916016,3.8240866661071777,jazz,jazz.00063.wav
-69.50921630859375,125.97757720947266,-5.173288822174072,30.769235610961914,8.304396629333496,5.081252574920654,-3.9214041233062744,5.37640905380249,-10.774683952331543,9.0344877243042,-8.263984680175781,4.789585590362549,-5.124162673950195,39.18356704711914,17.57883644104004,18.253582000732422,7.911588191986084,6.603186130523682,5.7754621505737305,5.637828350067139,5.703859329223633,5.403391361236572,5.147345066070557,5.674053192138672,5.738266468048096,6.084375381469727,1575.453857421875,268.7300109863281,0.055879857391119,0.01476353406906128,0.3797096610069275,0.28664103150367737,99.38401794433594,3341.01318359375,828.839111328125,2069.892578125,307.4667053222656,0.21197514235973358,0.04568788409233093,18.567516326904297,3.5993220806121826,jazz,jazz.00064.wav
-235.67884826660156,144.7676544189453,-22.60069465637207,62.56096267700195,-9.326272964477539,2.0168685913085938,-0.34364965558052063,2.016510486602783,5.560453414916992,0.304360032081604,9.439982414245605,2.8927059173583984,2.562641143798828,72.69215393066406,17.09712028503418,22.238767623901367,13.164456367492676,17.1496524810791,12.074395179748535,13.953939437866211,12.86834716796875,8.71129322052002,10.484464645385742,11.712438583374023,12.35086727142334,9.705423355102539,1338.2362060546875,378.46734619140625,0.07652939110994339,0.033824462443590164,0.2476927638053894,0.3003264367580414,99.38401794433594,2755.691650390625,837.1300048828125,1518.9947509765625,181.79473876953125,0.08226341754198074,0.039963867515325546,19.02200698852539,5.439069747924805,jazz,jazz.00065.wav
-117.88760375976562,122.55040740966797,-13.149182319641113,26.755905151367188,4.313921928405762,6.8667311668396,-6.8144402503967285,-0.33922073245048523,-8.199784278869629,-5.0079026222229,-4.4950151443481445,0.12167713046073914,-4.651890277862549,39.375267028808594,26.904935836791992,14.631210327148438,7.849729537963867,8.910799980163574,8.631606101989746,6.604669570922852,7.403871059417725,8.65710163116455,9.546372413635254,10.013683319091797,11.293285369873047,10.43513298034668,1579.0128173828125,345.7579345703125,0.08824662864208221,0.03142804279923439,0.258983314037323,0.290588915348053,129.19921875,2967.20703125,755.3955688476562,1853.5460205078125,235.31349182128906,0.17267225682735443,0.039405521005392075,21.803096771240234,5.0520548820495605,jazz,jazz.00066.wav
-177.27713012695312,144.32156372070312,-17.26592445373535,55.68604278564453,-21.241899490356445,0.3528042137622833,-1.5769507884979248,-10.402746200561523,-5.176472187042236,-0.51418137550354,-8.736716270446777,3.8688642978668213,-7.953765392303467,36.342071533203125,26.671106338500977,22.28620147705078,19.680431365966797,12.26974105834961,12.869890213012695,10.862285614013672,9.124177932739258,8.764294624328613,8.466174125671387,7.831398963928223,8.651918411254883,8.30019474029541,1354.0919189453125,444.2333679199219,0.054945625364780426,0.024877624586224556,0.23668989539146423,0.30887371301651,99.38401794433594,2830.541259765625,1120.12451171875,1566.788818359375,310.52227783203125,0.1380442976951599,0.03603939339518547,19.682022094726562,4.826934814453125,jazz,jazz.00067.wav
-204.39251708984375,138.57968139648438,-10.791186332702637,46.55238342285156,-22.306915283203125,9.6929349899292,-11.094840049743652,-17.79884910583496,-7.586270809173584,-1.6000778675079346,-7.650327205657959,-1.0194095373153687,-9.977278709411621,70.133544921875,26.31689453125,21.066082000732422,11.132000923156738,12.088848114013672,9.483115196228027,8.325810432434082,10.246410369873047,7.779451847076416,6.393646717071533,5.901040554046631,5.548187255859375,6.689276218414307,1382.730712890625,432.4876708984375,0.06123054400086403,0.02929736115038395,0.2852766811847687,0.30121317505836487,73.828125,2832.566162109375,1045.202392578125,1642.906494140625,191.994384765625,0.09952345490455627,0.06277002394199371,20.018354415893555,4.722416400909424,jazz,jazz.00068.wav
-159.27059936523438,92.04842376708984,-16.751850128173828,27.393674850463867,6.104191303253174,3.2399652004241943,7.175963401794434,4.030701637268066,3.5977046489715576,3.5440964698791504,-0.5867413282394409,-3.723672866821289,-4.721015930175781,55.68268585205078,22.92326545715332,23.14315414428711,14.91707706451416,8.910956382751465,9.97109317779541,9.371581077575684,9.821439743041992,14.263104438781738,9.767020225524902,8.59764289855957,9.749162673950195,9.41207504272461,2009.81396484375,424.9911193847656,0.08743219822645187,0.02897856943309307,0.2538834512233734,0.2981462776660919,151.99908447265625,3910.693115234375,1120.5526123046875,2227.0498046875,371.7897644042969,0.11175289005041122,0.03792877122759819,20.614459991455078,5.428230285644531,jazz,jazz.00069.wav
-237.90087890625,155.81622314453125,-9.225844383239746,13.198112487792969,6.609401226043701,8.891291618347168,3.9802098274230957,0.24934209883213043,1.7425676584243774,3.353834867477417,1.189907193183899,3.630347728729248,1.1625511646270752,61.3723030090332,31.238012313842773,24.51251220703125,12.607345581054688,8.88046646118164,7.99884033203125,7.158108234405518,7.840844631195068,7.251054763793945,7.007576942443848,6.783561706542969,8.61268138885498,9.795528411865234,1117.5098876953125,402.3898010253906,0.05003635585308075,0.02346816286444664,0.27664104104042053,0.29971614480018616,103.359375,1957.1131591796875,931.3443603515625,1545.4654541015625,378.93475341796875,0.0864347517490387,0.03664911538362503,20.5629940032959,4.928115367889404,jazz,jazz.00070.wav
-228.39198303222656,170.4026336669922,-16.07386016845703,43.9647102355957,1.1009045839309692,3.9967989921569824,1.0781352519989014,-7.204605579376221,-12.514963150024414,-4.4187331199646,-6.069606304168701,-1.3367635011672974,-3.151841402053833,55.235774993896484,20.93880271911621,21.32497215270996,10.53592586517334,7.4304609298706055,6.900650978088379,7.876183032989502,5.512619972229004,6.8592071533203125,6.337427139282227,6.404616355895996,5.869603157043457,5.770755767822266,971.547607421875,243.28567504882812,0.04257494956254959,0.01450982317328453,0.2772473692893982,0.3043101727962494,151.99908447265625,1795.9224853515625,633.5256958007812,1301.6522216796875,158.01702880859375,0.10031753778457642,0.03532213717699051,20.217565536499023,4.492413520812988,jazz,jazz.00071.wav
-202.82192993164062,145.73983764648438,-23.56831169128418,47.84977722167969,-14.344827651977539,1.6427217721939087,-7.065168380737305,-11.130012512207031,-4.5997395515441895,-3.60737943649292,-3.788098096847534,2.0468263626098633,0.8436291813850403,64.45368957519531,16.829153060913086,21.580724716186523,10.280908584594727,11.139387130737305,12.57315444946289,9.065203666687012,7.6477370262146,8.763165473937988,8.510727882385254,7.505846977233887,7.394917964935303,10.275155067443848,1336.369873046875,283.0942687988281,0.0587347149848938,0.020365647971630096,0.2502208650112152,0.3006899058818817,107.666015625,2751.675048828125,697.8724975585938,1554.504638671875,192.8916778564453,0.11051283031702042,0.05910349264740944,18.907485961914062,4.842950820922852,jazz,jazz.00072.wav
-84.05435180664062,63.061363220214844,5.639188289642334,24.92485237121582,6.211669921875,-2.9040579795837402,-0.3640592396259308,-1.0757004022598267,-4.244647026062012,-2.330305337905884,1.5680952072143555,1.935512900352478,1.5438601970672607,43.96635437011719,17.20663833618164,21.49148178100586,9.906045913696289,8.267868041992188,8.556126594543457,7.537966728210449,7.13879919052124,7.218025207519531,6.030213356018066,5.954954624176025,5.920158863067627,6.543706893920898,2968.6025390625,599.77294921875,0.1297546923160553,0.04344480484724045,0.33237409591674805,0.29893091320991516,112.3471450805664,6416.76123046875,1428.926025390625,2922.520751953125,394.42193603515625,0.13311214745044708,0.057108838111162186,19.282968521118164,4.474559307098389,jazz,jazz.00073.wav
-149.19680786132812,79.08609771728516,2.009148359298706,27.60702896118164,0.31506654620170593,1.7276527881622314,-3.613091468811035,-0.1650068610906601,-5.035670757293701,1.2518123388290405,1.1462150812149048,-0.6187953948974609,1.8201314210891724,63.83736801147461,27.457115173339844,28.630369186401367,11.227660179138184,10.428560256958008,8.535493850708008,9.186723709106445,6.824933052062988,6.537672996520996,6.259373188018799,6.336826324462891,5.965301513671875,6.956258296966553,2414.85693359375,714.807861328125,0.09557311981916428,0.04282611608505249,0.2949535548686981,0.30272287130355835,83.35433197021484,5135.2607421875,1701.9786376953125,2552.54296875,524.9435424804688,0.11269501596689224,0.07020983844995499,20.881744384765625,4.724079608917236,jazz,jazz.00074.wav
-78.22419738769531,63.218509674072266,-1.6562832593917847,21.022592544555664,4.470186233520508,-3.589820384979248,-1.5619467496871948,-3.0696394443511963,-6.078289985656738,-1.9560667276382446,1.7820154428482056,-1.215653657913208,0.9424572587013245,40.551021575927734,16.91793441772461,20.258235931396484,8.464369773864746,8.750405311584473,7.235434532165527,6.650162220001221,7.535442352294922,6.123249053955078,5.909121036529541,5.906777858734131,6.585040092468262,5.50087308883667,2902.828125,579.2141723632812,0.1265491247177124,0.044413451105356216,0.29375892877578735,0.29349952936172485,103.359375,6198.3125,1440.236572265625,2855.118896484375,391.1318359375,0.14682163298130035,0.06430697441101074,20.03477668762207,4.718873023986816,jazz,jazz.00075.wav
-154.29287719726562,110.68495178222656,-22.29971694946289,21.146955490112305,4.267234802246094,4.7490644454956055,-4.092324733734131,-1.0206661224365234,-6.412800312042236,-9.245781898498535,-3.631049871444702,-5.503034591674805,0.5368919968605042,57.90203857421875,22.559677124023438,27.375137329101562,13.229787826538086,10.495524406433105,9.16530704498291,8.469403266906738,7.180427551269531,9.479079246520996,6.723208427429199,5.995332717895508,5.859662055969238,6.510565280914307,1733.583251953125,383.73651123046875,0.06871462613344193,0.027702871710062027,0.30312129855155945,0.2949647009372711,117.4538345336914,3379.546142578125,1117.0888671875,2068.0439453125,417.26995849609375,0.11916613578796387,0.05486708879470825,21.792530059814453,5.1656012535095215,jazz,jazz.00076.wav
-77.08967590332031,64.5277099609375,-2.848515033721924,28.531280517578125,4.6849045753479,-2.814512014389038,-5.947362899780273,1.8981449604034424,-5.205105304718018,-2.3232338428497314,-2.9395368099212646,-6.148102283477783,-0.7635444402694702,39.87126159667969,21.823551177978516,17.539276123046875,9.42648696899414,8.661527633666992,6.679570198059082,7.78436803817749,5.636427879333496,6.576913833618164,6.0075907707214355,8.378180503845215,7.273801326751709,5.842874050140381,2777.9765625,515.8906860351562,0.1309024542570114,0.03793853521347046,0.3074990212917328,0.2964366376399994,184.5703125,5813.64794921875,1228.8604736328125,2691.240478515625,360.6451110839844,0.14569664001464844,0.0553312711417675,20.14405632019043,5.086905002593994,jazz,jazz.00077.wav
-141.49684143066406,70.9045181274414,-0.5232314467430115,33.57304763793945,1.4106365442276,-9.186745643615723,0.7554331421852112,0.5403755903244019,-9.192056655883789,-2.571037769317627,4.080312252044678,-2.2184271812438965,-0.69174724817276,59.87348937988281,24.353771209716797,25.15552520751953,12.609294891357422,11.210480690002441,11.679871559143066,7.911316394805908,9.160140991210938,10.018082618713379,8.14961051940918,6.357452392578125,7.899327754974365,6.370471000671387,2503.139892578125,577.3385620117188,0.09583048522472382,0.03754695877432823,0.26615044474601746,0.29836538434028625,80.74951171875,5155.09375,1517.7301025390625,2598.480224609375,438.8194274902344,0.11916367709636688,0.06588008999824524,21.22470474243164,5.012613296508789,jazz,jazz.00078.wav
-163.5394744873047,65.97193908691406,5.3612895011901855,41.89719772338867,7.025766372680664,5.501438617706299,8.930416107177734,2.678452253341675,-0.18257850408554077,5.155423164367676,10.491717338562012,3.329864501953125,3.8408946990966797,30.906681060791016,22.418319702148438,13.438851356506348,10.866329193115234,8.456270217895508,7.656915664672852,8.049271583557129,7.0267839431762695,8.000463485717773,6.558649063110352,8.580425262451172,9.310589790344238,9.762760162353516,2634.3193359375,600.90234375,0.10787614434957504,0.03714332357048988,0.3382834494113922,0.29084402322769165,107.666015625,5562.6328125,1287.34423828125,2728.50244140625,344.490234375,0.06984885782003403,0.01965014822781086,20.45958137512207,4.65422248840332,jazz,jazz.00079.wav
-117.24632263183594,56.99422073364258,-2.1099278926849365,35.61606216430664,4.713421821594238,3.890101909637451,11.592063903808594,6.078703880310059,0.5825714468955994,2.2747371196746826,2.699638605117798,-1.8503127098083496,1.6808269023895264,40.276615142822266,16.72587013244629,10.258208274841309,8.852742195129395,8.908154487609863,6.019461631774902,6.711930751800537,6.012382984161377,5.946678161621094,6.163303375244141,6.607949733734131,6.405052185058594,7.5105977058410645,3029.034912109375,464.63238525390625,0.14035780727863312,0.03568398952484131,0.37039029598236084,0.28358009457588196,135.99917602539062,6201.41259765625,1023.4395751953125,2828.868408203125,254.38278198242188,0.07573380321264267,0.019160624593496323,19.639392852783203,4.930561542510986,jazz,jazz.00080.wav
-228.3715362548828,67.53677368164062,37.07984161376953,21.325258255004883,17.05842399597168,10.142422676086426,10.77646255493164,8.010918617248535,2.042186737060547,0.29713860154151917,2.4991300106048584,3.847144603729248,1.5821794271469116,53.67491912841797,24.082284927368164,17.795278549194336,10.913752555847168,7.7235541343688965,6.591094493865967,6.703858852386475,6.614719867706299,6.454371452331543,7.086857318878174,7.426002502441406,6.327366828918457,7.32172155380249,3027.140380859375,1016.5886840820312,0.10014829784631729,0.06212766841053963,0.4418608844280243,0.2964315116405487,117.4538345336914,7278.83935546875,1693.134033203125,3302.67626953125,423.0698547363281,0.04321588575839996,0.015516094863414764,17.916858673095703,4.091415882110596,jazz,jazz.00081.wav
-158.2061004638672,49.6024169921875,21.594701766967773,16.51655387878418,11.422574996948242,6.259136199951172,5.633523941040039,-0.19963432848453522,-0.2426658421754837,-1.996820092201233,2.0229389667510986,2.6891398429870605,-1.456520438194275,66.02716827392578,25.725492477416992,18.376617431640625,9.766797065734863,8.534671783447266,7.069934368133545,7.0609822273254395,5.746610641479492,5.14793586730957,5.509971618652344,5.8792195320129395,5.66880989074707,5.3742289543151855,3906.297119140625,1103.513427734375,0.20684871077537537,0.10547509789466858,0.40154165029525757,0.28697264194488525,99.38401794433594,8037.60986328125,1595.3170166015625,3328.95458984375,369.08233642578125,0.047840312123298645,0.01911301724612713,17.02869987487793,3.6505589485168457,jazz,jazz.00082.wav
-126.01213073730469,56.60823059082031,23.495506286621094,23.70012855529785,-0.30365490913391113,7.15137243270874,0.16874302923679352,-0.8434280753135681,-4.156272888183594,-1.8949323892593384,2.5230917930603027,0.5281127095222473,0.9266526699066162,44.37692642211914,22.01576042175293,21.32130241394043,9.711053848266602,8.044331550598145,7.815664768218994,7.9221577644348145,6.8630218505859375,6.799992084503174,6.568542957305908,7.196537017822266,5.944986820220947,6.181285858154297,3393.857421875,754.3106079101562,0.1497020423412323,0.06094072014093399,0.42909395694732666,0.2851564586162567,107.666015625,7235.03955078125,1243.6265869140625,3147.78076171875,324.9441223144531,0.07428820431232452,0.02350248210132122,18.153179168701172,4.549693584442139,jazz,jazz.00083.wav
-178.09237670898438,61.942623138427734,1.4681732654571533,36.045936584472656,7.5810136795043945,5.153891563415527,-0.9176270961761475,2.941288471221924,1.4490773677825928,2.1342267990112305,5.170273303985596,2.0257973670959473,0.5106884837150574,50.03867721557617,19.260643005371094,17.899202346801758,10.396454811096191,9.565381050109863,7.597251892089844,7.072591304779053,7.26445198059082,6.065174579620361,6.983154773712158,5.1221466064453125,5.750250339508057,5.971208572387695,2874.779296875,579.6298828125,0.11833828687667847,0.05503498762845993,0.39294958114624023,0.29437485337257385,123.046875,6138.462890625,1157.780029296875,2802.597900390625,346.9776611328125,0.05163733661174774,0.021526919677853584,18.622066497802734,4.429202079772949,jazz,jazz.00084.wav
-131.9313507080078,61.59086990356445,-12.65458869934082,35.085182189941406,-2.1272990703582764,-0.9491928815841675,-4.83791446685791,-4.1055216789245605,-3.2856128215789795,2.496220827102661,6.411373138427734,3.4233508110046387,-2.8839263916015625,45.45437240600586,22.685813903808594,15.324629783630371,11.89594841003418,9.112963676452637,9.267580032348633,8.947120666503906,8.74937629699707,7.4573540687561035,7.587125301361084,6.988268852233887,7.669583320617676,7.623167037963867,2861.06689453125,564.79345703125,0.1475769579410553,0.047770801931619644,0.32550373673439026,0.29594770073890686,80.74951171875,5606.24951171875,1137.8939208984375,2566.562744140625,317.73077392578125,0.07136116921901703,0.02819461189210415,19.300823211669922,4.615453720092773,jazz,jazz.00085.wav
-156.6122589111328,22.763254165649414,10.495277404785156,24.156204223632812,10.143046379089355,2.96964693069458,2.4915146827697754,0.4837198257446289,2.691014051437378,1.2310426235198975,3.3316617012023926,-7.819789409637451,1.1087778806686401,45.701988220214844,27.98772621154785,15.422920227050781,10.774041175842285,10.090188980102539,8.652362823486328,8.802054405212402,7.979376316070557,8.321744918823242,9.256948471069336,9.820636749267578,8.267257690429688,9.354812622070312,4136.0537109375,735.7347412109375,0.2617017328739166,0.08808942884206772,0.3374258875846863,0.2828536629676819,135.99917602539062,8258.125,1094.459228515625,3220.9345703125,259.69158935546875,0.05240892618894577,0.020316937938332558,19.991870880126953,4.906795501708984,jazz,jazz.00086.wav
-341.01800537109375,89.85990905761719,44.51197814941406,28.827592849731445,16.31782341003418,10.59086799621582,7.000736236572266,0.8200664520263672,6.097487926483154,7.125773906707764,5.411661148071289,2.7358579635620117,9.361677169799805,85.1703109741211,34.32085418701172,19.993743896484375,16.357511520385742,13.847762107849121,13.179901123046875,9.733059883117676,11.255188941955566,9.971969604492188,9.469771385192871,8.684675216674805,8.814288139343262,7.164630889892578,1845.8760986328125,855.155517578125,0.04282929375767708,0.029168127104640007,0.3419145941734314,0.320811927318573,135.99917602539062,4330.423828125,2647.96630859375,2730.869873046875,584.8707885742188,0.04579199105501175,0.03449992090463638,16.76896858215332,4.35856819152832,jazz,jazz.00087.wav
-192.5078125,80.95126342773438,25.70166778564453,18.53409767150879,14.171379089355469,1.265468955039978,4.092947483062744,-1.4168410301208496,2.6607606410980225,5.235184669494629,3.7162201404571533,0.2937416136264801,7.339452266693115,55.114158630371094,21.205656051635742,21.466262817382812,10.679464340209961,8.921850204467773,9.03209114074707,6.624980926513672,8.344036102294922,9.140302658081055,8.510944366455078,9.09033489227295,11.767322540283203,12.022224426269531,2428.641357421875,664.9508056640625,0.0690479576587677,0.032363779842853546,0.2910604178905487,0.3095663785934448,129.19921875,5927.73095703125,1939.611328125,3007.409912109375,480.1662902832031,0.0915384590625763,0.038770031183958054,20.073427200317383,4.8696160316467285,jazz,jazz.00088.wav
-322.4992370605469,90.6509780883789,27.027183532714844,37.85674285888672,19.709014892578125,4.60931921005249,3.070612668991089,7.970810413360596,1.9372373819351196,2.087836503982544,0.44746553897857666,4.8929595947265625,13.060921669006348,50.016746520996094,24.783588409423828,16.641050338745117,12.682042121887207,7.908316612243652,8.66531753540039,8.202751159667969,7.9712233543396,8.713225364685059,7.683719635009766,8.984248161315918,7.168862342834473,9.365222930908203,1787.9365234375,681.9112548828125,0.06275774538516998,0.05818168818950653,0.28040653467178345,0.31191104650497437,117.4538345336914,3905.66796875,1730.884765625,2485.681884765625,387.4278869628906,0.0450291782617569,0.028519805520772934,20.787168502807617,6.002294540405273,jazz,jazz.00089.wav
-217.62901306152344,105.62872314453125,19.31536102294922,28.35325050354004,8.654834747314453,0.14365196228027344,6.365767478942871,-2.539705276489258,-12.996928215026855,-11.14958381652832,-6.15288782119751,-7.734214782714844,0.4227965772151947,41.2833251953125,21.70001792907715,11.553389549255371,8.394641876220703,6.933859348297119,6.82860803604126,5.520971298217773,6.046505451202393,8.379093170166016,6.24532413482666,5.547874450683594,5.83674430847168,4.908478736877441,1875.22900390625,535.3561401367188,0.05415424704551697,0.015304888598620892,0.26999950408935547,0.29438716173171997,135.99917602539062,4292.84912109375,1573.73095703125,2569.510986328125,426.3324890136719,0.06136312708258629,0.020406639203429222,18.785295486450195,4.7311224937438965,jazz,jazz.00090.wav
-299.40533447265625,60.77720642089844,32.098514556884766,25.695833206176758,7.463468074798584,-1.2953768968582153,1.862271785736084,5.261619567871094,-5.529666900634766,-3.103562831878662,3.6464571952819824,-2.2974071502685547,0.8934428095817566,59.78697204589844,49.90212631225586,13.166557312011719,12.219015121459961,9.767376899719238,8.831731796264648,8.244641304016113,10.659055709838867,11.486308097839355,13.05982780456543,9.373228073120117,9.533224105834961,10.521888732910156,2958.852783203125,1380.8016357421875,0.15142273902893066,0.13048194348812103,0.2309633046388626,0.2941127419471741,83.35433197021484,6065.3466796875,2128.16455078125,2832.903076171875,352.60333251953125,0.04091750085353851,0.025247367098927498,21.381372451782227,6.637880802154541,jazz,jazz.00091.wav
-294.19384765625,84.6645736694336,39.07788848876953,28.63520622253418,14.131192207336426,1.034422516822815,7.353453636169434,5.217075824737549,-3.739166021347046,-5.041574001312256,2.2247612476348877,-0.5665928721427917,4.21807336807251,50.342071533203125,38.996490478515625,11.503558158874512,11.12995433807373,10.910515785217285,11.7338285446167,7.555632591247559,8.72955322265625,10.40390396118164,7.649587631225586,6.740848064422607,9.99953842163086,9.25255298614502,2213.669921875,1075.560302734375,0.07536575943231583,0.07906939834356308,0.27042797207832336,0.3082048296928406,117.4538345336914,5023.31982421875,2327.05126953125,2794.540771484375,429.2130432128906,0.05349314957857132,0.036340683698654175,20.04938316345215,6.0656232833862305,jazz,jazz.00092.wav
-215.39735412597656,100.96080780029297,17.098628997802734,12.978259086608887,16.062911987304688,4.764205455780029,4.565047264099121,-3.133694648742676,-4.154082298278809,-2.2966673374176025,-4.9289655685424805,-3.3494503498077393,-1.4255523681640625,38.948028564453125,17.1929988861084,16.676010131835938,10.891960144042969,9.74109172821045,9.329581260681152,7.160694122314453,6.536812782287598,6.265652656555176,6.442328929901123,7.270765781402588,7.109007835388184,6.136730194091797,2151.985107421875,488.1211853027344,0.08170320838689804,0.02654021792113781,0.26958322525024414,0.28339821100234985,83.35433197021484,5013.611328125,1633.0965576171875,2775.028076171875,370.5728454589844,0.04529404267668724,0.012280790135264397,21.120391845703125,4.790065765380859,jazz,jazz.00093.wav
-366.4404602050781,131.69850158691406,16.512924194335938,36.320045471191406,5.060640811920166,14.675127983093262,-6.163727760314941,4.714259624481201,-9.586799621582031,-1.29036545753479,-2.69413423538208,1.5798401832580566,-2.2748076915740967,60.44511032104492,27.051700592041016,21.952110290527344,11.09831428527832,11.848462104797363,11.113463401794434,10.423306465148926,9.709561347961426,9.343794822692871,8.477177619934082,8.998711585998535,9.785738945007324,9.083117485046387,1077.1722412109375,481.3660583496094,0.041511841118335724,0.01960512064397335,0.2374034821987152,0.30468249320983887,123.046875,2111.47900390625,1406.789794921875,1539.203369140625,462.913818359375,0.03977746143937111,0.020233869552612305,23.872840881347656,6.150748252868652,jazz,jazz.00094.wav
-219.76429748535156,100.79802703857422,-1.4563252925872803,41.285438537597656,-0.9485454559326172,23.379390716552734,-11.51408576965332,20.027902603149414,-15.970274925231934,13.943596839904785,-7.989847183227539,5.7383599281311035,-6.868226051330566,40.35731887817383,20.44443702697754,21.21880340576172,10.06048583984375,8.808475494384766,8.845900535583496,7.752660751342773,7.328269004821777,6.042179107666016,7.769036769866943,6.647358417510986,6.88773250579834,5.8803606033325195,1855.28564453125,462.466796875,0.06339606642723083,0.02906842716038227,0.31128114461898804,0.30060452222824097,117.4538345336914,4284.54052734375,1325.4971923828125,2215.888427734375,355.3486633300781,0.06815897673368454,0.026396922767162323,23.905988693237305,7.717415809631348,jazz,jazz.00095.wav
-277.235595703125,95.75202941894531,-2.979494094848633,43.91986846923828,1.9414101839065552,22.249988555908203,-6.140646457672119,22.460952758789062,-12.840874671936035,10.780396461486816,-7.533227920532227,3.5953238010406494,-5.075059413909912,65.82120513916016,30.108524322509766,22.68338966369629,14.89743709564209,12.661700248718262,8.932732582092285,10.810622215270996,8.116338729858398,9.756312370300293,8.202869415283203,9.884593963623047,8.214275360107422,6.719135284423828,1874.6280517578125,716.9603271484375,0.07777050137519836,0.04596203565597534,0.2986591160297394,0.3051914572715759,135.99917602539062,4011.05078125,1630.806640625,2084.02099609375,422.2030334472656,0.04436849430203438,0.021491097286343575,24.056224822998047,7.388122081756592,jazz,jazz.00096.wav
-413.5791015625,118.27574920654297,31.103309631347656,40.16521453857422,13.103846549987793,13.944952964782715,-3.719221591949463,4.7483720779418945,-9.891252517700195,-3.0627758502960205,-6.2822113037109375,-3.6105387210845947,-5.26369047164917,46.017059326171875,23.123550415039062,28.42003631591797,12.990633964538574,12.181217193603516,10.446080207824707,8.430717468261719,8.096085548400879,6.7396769523620605,8.165993690490723,8.003982543945312,8.24266242980957,9.278444290161133,1176.00439453125,496.1170959472656,0.039910946041345596,0.02179049700498581,0.2240448147058487,0.3017235994338989,86.1328125,2343.76904296875,1527.671142578125,1752.9371337890625,432.21673583984375,0.02118764817714691,0.013560481369495392,22.4903507232666,6.232370376586914,jazz,jazz.00097.wav
-223.0305938720703,102.89911651611328,-1.6697351932525635,45.1994743347168,-6.745974540710449,25.354921340942383,-14.36687183380127,24.24671745300293,-10.414377212524414,11.14624309539795,-9.151456832885742,6.625129222869873,-7.828697204589844,46.655399322509766,21.45669174194336,18.77750587463379,10.189970016479492,9.099447250366211,7.420868873596191,7.171492099761963,6.119152069091797,6.674221992492676,7.434025287628174,6.26538610458374,6.3773322105407715,6.096382141113281,1884.94384765625,547.5562744140625,0.05812511965632439,0.03524600341916084,0.32790279388427734,0.30186066031455994,80.74951171875,4355.8154296875,1301.7598876953125,2230.243896484375,325.8343811035156,0.06013178080320358,0.021344996988773346,22.82968521118164,7.776430130004883,jazz,jazz.00098.wav
-315.01422119140625,112.7276611328125,9.74074935913086,38.98918151855469,3.9426109790802,20.019872665405273,-7.2231926918029785,15.273512840270996,-13.677780151367188,10.151814460754395,-4.884433269500732,4.7019944190979,-2.6995625495910645,44.14427947998047,23.022701263427734,16.776521682739258,9.652341842651367,9.185263633728027,8.939396858215332,7.9453349113464355,7.63739538192749,6.810028553009033,7.545722007751465,7.691694259643555,9.181127548217773,8.150638580322266,1492.5645751953125,518.882568359375,0.046200402081012726,0.023186005651950836,0.29589706659317017,0.31040942668914795,135.99917602539062,3376.796142578125,1512.464111328125,2014.164306640625,407.37652587890625,0.03925933688879013,0.020571617409586906,22.880887985229492,6.711457252502441,jazz,jazz.00099.wav
-52.93138122558594,50.08728790283203,-11.485749244689941,46.35173797607422,6.5509257316589355,10.124287605285645,5.479244232177734,8.854687690734863,5.942207336425781,6.622522354125977,-4.047175884246826,9.770575523376465,-3.1184916496276855,18.68155288696289,14.038604736328125,16.135923385620117,14.87790298461914,10.786785125732422,9.046414375305176,8.16925048828125,8.070180892944336,7.579009056091309,7.172257900238037,7.516378879547119,7.367002487182617,7.304722309112549,3274.344482421875,518.0399780273438,0.1830797642469406,0.0467241071164608,0.4877787232398987,0.25969892740249634,95.703125,6407.26953125,1299.276611328125,2722.3037109375,389.03125,0.11609075963497162,0.017463047057390213,18.54564094543457,7.37033748626709,metal,metal.00000.wav
-80.14727783203125,64.84362030029297,-15.46560001373291,46.83931350708008,7.911020278930664,21.762014389038086,-2.1760787963867188,21.9866886138916,-7.712628364562988,11.144745826721191,-4.287084579467773,11.44251823425293,-10.365104675292969,21.304964065551758,12.638504981994629,11.480018615722656,9.036246299743652,9.613523483276367,6.899860858917236,9.7712984085083,7.464778900146484,7.583148002624512,7.733453750610352,6.7729973793029785,6.401723384857178,6.638036251068115,2922.908447265625,428.9961853027344,0.1529015749692917,0.04146074131131172,0.4769335687160492,0.26828160881996155,78.30255889892578,6036.98828125,823.2103881835938,2620.852783203125,223.4285888671875,0.09726957231760025,0.014733923599123955,20.077550888061523,9.6602201461792,metal,metal.00001.wav
-62.21818923950195,115.20072174072266,-42.81502914428711,54.31106185913086,-24.883960723876953,20.13311004638672,-21.639135360717773,20.847036361694336,-8.398699760437012,20.328601837158203,-10.73180103302002,9.669686317443848,-14.547391891479492,31.555742263793945,17.779430389404297,17.275676727294922,14.690658569335938,8.690903663635254,10.320322036743164,8.279692649841309,6.882500648498535,7.712563514709473,6.705451488494873,7.183771133422852,6.210005283355713,7.271174430847168,2198.5048828125,382.6494140625,0.1283930242061615,0.031248118728399277,0.43250420689582825,0.2738070487976074,112.3471450805664,4446.3564453125,817.7476806640625,2005.8773193359375,284.6013488769531,0.13275112211704254,0.025318022817373276,20.46788215637207,9.303647994995117,metal,metal.00002.wav
-43.06468200683594,75.3976058959961,-47.840972900390625,53.02373504638672,-12.33786678314209,36.87316131591797,-8.2877197265625,28.404539108276367,-14.53133773803711,22.106435775756836,-7.355746746063232,15.975350379943848,-13.140836715698242,20.254196166992188,15.329737663269043,13.844038963317871,9.096456527709961,8.61695671081543,8.851871490478516,8.165128707885742,8.544341087341309,6.962119102478027,6.221611976623535,7.119125843048096,5.599854469299316,6.012057781219482,2751.926513671875,394.3531494140625,0.1667102575302124,0.04730162024497986,0.4876697063446045,0.280936598777771,99.38401794433594,5234.40185546875,648.4465942382812,2205.63818359375,171.3837432861328,0.15017862617969513,0.029228942468762398,20.27791976928711,10.159080505371094,metal,metal.00003.wav
-107.12958526611328,47.660186767578125,-8.620708465576172,38.39892578125,8.458257675170898,9.544549942016602,1.0175122022628784,20.7490291595459,0.7148489356040955,11.783106803894043,1.1646875143051147,11.063399314880371,-2.5293989181518555,33.57435607910156,17.953351974487305,13.508362770080566,13.522255897521973,10.14047908782959,9.8108549118042,10.558854103088379,8.967377662658691,7.924307823181152,7.9900665283203125,7.0491623878479,6.538832187652588,6.600130081176758,3403.075439453125,517.697509765625,0.19242362678050995,0.04854561761021614,0.6346607208251953,0.2190316766500473,135.99917602539062,6902.81640625,888.8307495117188,2825.093017578125,231.03851318359375,0.06345061212778091,0.01037653535604477,18.49886703491211,8.57989501953125,metal,metal.00004.wav
-79.627685546875,93.47288513183594,-27.749143600463867,64.06912994384766,-18.807098388671875,23.320396423339844,-10.540275573730469,13.356393814086914,-17.537811279296875,16.388519287109375,-10.054388046264648,8.941801071166992,-16.081073760986328,32.782989501953125,17.30894660949707,16.14858627319336,13.358154296875,9.760543823242188,7.6117377281188965,9.9751558303833,8.33458423614502,8.314909934997559,8.48087215423584,7.458938121795654,7.275215148925781,5.80517578125,2464.5966796875,442.21624755859375,0.13437825441360474,0.036374300718307495,0.42260268330574036,0.27885034680366516,151.99908447265625,4951.6533203125,865.4678955078125,2204.478515625,273.7916564941406,0.12169550359249115,0.03543683886528015,20.22179412841797,9.152201652526855,metal,metal.00005.wav
-140.77830505371094,55.92315673828125,-12.291191101074219,44.319007873535156,-10.60477066040039,10.867444038391113,-0.9533347487449646,22.24396514892578,-9.37897777557373,15.246444702148438,-3.0641422271728516,9.07236099243164,-8.798300743103027,28.0188045501709,20.769235610961914,17.2120418548584,12.34555721282959,12.356756210327148,8.405782699584961,11.91240119934082,10.143272399902344,10.129549026489258,7.596175193786621,8.685239791870117,7.9041666984558105,7.786531925201416,3237.576416015625,588.54052734375,0.19812540709972382,0.05769820883870125,0.43396317958831787,0.2830986976623535,123.046875,6229.3955078125,978.609619140625,2573.21435546875,271.5647888183594,0.050441399216651917,0.010146347805857658,21.3249454498291,8.945829391479492,metal,metal.00006.wav
-108.09747314453125,65.77732849121094,-20.84100341796875,47.559593200683594,0.8536283373832703,8.99120807647705,-3.2142603397369385,20.978046417236328,-10.349270820617676,7.8764495849609375,-8.126469612121582,12.045557022094727,-9.15512752532959,16.418027877807617,16.880746841430664,15.642474174499512,10.499988555908203,9.72344970703125,6.4330735206604,7.888457298278809,6.782412528991699,6.4836039543151855,5.6395111083984375,5.681099891662598,5.939620018005371,6.016224384307861,2939.52978515625,493.9926452636719,0.16837313771247864,0.04329773411154747,0.5813671350479126,0.2482919692993164,151.99908447265625,5806.84814453125,1018.02587890625,2522.72705078125,299.7249755859375,0.06947104632854462,0.012545501813292503,19.758108139038086,9.268990516662598,metal,metal.00007.wav
-149.9843292236328,67.90699768066406,-6.688848495483398,32.08448791503906,6.079798698425293,12.23563003540039,9.134744644165039,10.182916641235352,3.7711071968078613,10.59640121459961,0.7727521657943726,7.71568489074707,-1.1583729982376099,42.129051208496094,27.185766220092773,22.232952117919922,13.339567184448242,13.054424285888672,10.898584365844727,9.896949768066406,10.59710693359375,8.090314865112305,9.017017364501953,7.416219711303711,7.988691806793213,7.223016738891602,2964.569580078125,922.1593627929688,0.14055924117565155,0.07110296189785004,0.46657755970954895,0.28679224848747253,117.4538345336914,6187.33740234375,1799.4422607421875,2758.39697265625,531.9060668945312,0.05838334932923317,0.014258379116654396,19.72909164428711,6.6873459815979,metal,metal.00008.wav
3.642235040664673,104.75209045410156,-0.8226447105407715,55.941104888916016,-29.22248649597168,31.255441665649414,-14.195286750793457,20.20258903503418,-8.280900955200195,15.18163776397705,-14.58730697631836,15.663605690002441,-12.99042797088623,23.308496475219727,13.835009574890137,10.715767860412598,14.907713890075684,8.920616149902344,8.025619506835938,7.856138706207275,7.086095809936523,7.03652811050415,6.322536468505859,4.788466930389404,5.308602809906006,4.782435417175293,2250.890625,311.0357666015625,0.0946793183684349,0.023542089387774467,0.5270196199417114,0.24643874168395996,112.3471450805664,5112.44384765625,501.31982421875,2390.116455078125,160.80140686035156,0.3127274513244629,0.03230007737874985,19.828176498413086,10.541255950927734,metal,metal.00009.wav
-58.720359802246094,70.55818176269531,-19.42135238647461,73.59315490722656,-27.765424728393555,23.759441375732422,-17.9041690826416,21.222898483276367,-16.949420928955078,16.136871337890625,-15.223487854003906,14.87415599822998,-18.705825805664062,22.196277618408203,16.11741065979004,10.555645942687988,15.027219772338867,12.701308250427246,8.358503341674805,7.567387104034424,9.719740867614746,7.764536380767822,6.827780246734619,5.553884983062744,4.891027927398682,5.384954929351807,3048.505126953125,335.9658203125,0.19654038548469543,0.04309514909982681,0.5418776869773865,0.24563823640346527,184.5703125,5662.49072265625,575.2672119140625,2358.88232421875,171.3519287109375,0.11810389906167984,0.012321673333644867,19.93411636352539,10.392704963684082,metal,metal.00010.wav
8.792969703674316,82.82320404052734,-30.564281463623047,66.71607971191406,-16.359281539916992,16.568218231201172,-10.763800621032715,29.540407180786133,-25.08977699279785,16.821931838989258,-11.392602920532227,12.785900115966797,-13.347066879272461,13.21218490600586,10.789865493774414,9.742156028747559,8.005718231201172,8.632423400878906,6.079788684844971,5.8670830726623535,6.282442092895508,5.086444854736328,4.756680011749268,5.061338424682617,4.665399551391602,4.59928560256958,2699.97998046875,209.2071533203125,0.17150160670280457,0.02845562808215618,0.5108508467674255,0.258710652589798,161.4990234375,5157.935546875,401.98004150390625,2240.179931640625,122.35530090332031,0.2306375354528427,0.015965284779667854,20.463516235351562,10.878185272216797,metal,metal.00011.wav
-64.10792541503906,74.52598571777344,-45.96800231933594,65.85509490966797,-14.676302909851074,23.84915542602539,-13.777111053466797,37.762298583984375,-10.587833404541016,21.390439987182617,-9.345857620239258,17.91301918029785,-10.791604042053223,21.18491554260254,15.089424133300781,11.730058670043945,13.954378128051758,8.680143356323242,9.424210548400879,9.033196449279785,7.205808639526367,7.579108238220215,6.70853853225708,6.102087020874023,6.038636684417725,5.458763122558594,2803.30322265625,282.5428161621094,0.17691276967525482,0.027223141863942146,0.6049745678901672,0.22542665898799896,172.265625,5262.7431640625,575.8919677734375,2183.246337890625,162.613525390625,0.11428379267454147,0.009896035306155682,20.06484031677246,9.96833610534668,metal,metal.00012.wav
-84.90263366699219,64.63973999023438,-36.32612991333008,65.39541625976562,-13.867815971374512,22.872533798217773,-15.565662384033203,36.293033599853516,-13.677165985107422,21.25946617126465,-9.251360893249512,19.171607971191406,-10.60749340057373,30.941091537475586,15.283122062683105,10.966403007507324,12.192987442016602,8.212597846984863,7.630862712860107,8.7965669631958,7.7951178550720215,6.574160575866699,6.369690895080566,5.595067501068115,5.184874057769775,5.277399063110352,3047.85302734375,340.96087646484375,0.20360420644283295,0.03700428456068039,0.6362047791481018,0.21113398671150208,135.99917602539062,5735.96533203125,544.1358032226562,2303.56103515625,135.32827758789062,0.08629317581653595,0.012431555427610874,19.51472282409668,10.134440422058105,metal,metal.00013.wav
-117.9197006225586,65.44175720214844,-51.43996047973633,74.10701751708984,-13.760527610778809,25.75345802307129,-13.13806438446045,32.225914001464844,-10.345248222351074,21.71337127685547,-7.802454471588135,12.349828720092773,-14.45273494720459,44.024288177490234,15.55981731414795,12.64599895477295,12.948501586914062,8.453333854675293,7.321431636810303,7.878305435180664,8.23255729675293,6.063092231750488,7.096167087554932,5.455108165740967,7.167304992675781,5.342391014099121,2877.39892578125,306.71246337890625,0.18530765175819397,0.036671169102191925,0.5525924563407898,0.2513764500617981,151.99908447265625,5198.36865234375,591.634033203125,2101.176513671875,185.21615600585938,0.07755839079618454,0.015288490802049637,20.794265747070312,9.060481071472168,metal,metal.00014.wav
-76.78498840332031,68.00348663330078,-11.247029304504395,76.36323547363281,-17.476348876953125,25.33697509765625,-17.900314331054688,20.368680953979492,-21.420490264892578,14.217724800109863,-15.76894474029541,12.524236679077148,-18.50743293762207,22.990758895874023,15.060163497924805,10.702022552490234,14.466472625732422,11.882606506347656,7.775543689727783,8.197874069213867,7.950451850891113,6.515502452850342,6.215507507324219,5.32905387878418,4.641157150268555,5.389291763305664,2986.823486328125,359.6905517578125,0.16926541924476624,0.035961829125881195,0.4849301874637604,0.2589492201805115,172.265625,5818.2900390625,616.5220947265625,2458.99853515625,166.13075256347656,0.11093488335609436,0.013557113707065582,19.913314819335938,10.181299209594727,metal,metal.00015.wav
26.69307518005371,79.79640197753906,-52.05575180053711,51.320682525634766,-16.361846923828125,22.011913299560547,-17.46108055114746,30.92519187927246,-15.979047775268555,16.12738609313965,-12.196157455444336,11.303884506225586,-12.446610450744629,19.778783798217773,18.233083724975586,15.292896270751953,14.233771324157715,12.700674057006836,10.900425910949707,11.219295501708984,10.70040512084961,8.498456954956055,8.375285148620605,6.795019626617432,7.174968719482422,7.09130859375,2743.397216796875,380.6946105957031,0.17962174117565155,0.03974417597055435,0.5020533800125122,0.2607017755508423,92.28515625,5129.28564453125,765.5916748046875,2140.5576171875,225.4476318359375,0.2696990966796875,0.04269394278526306,20.15668296813965,10.848003387451172,metal,metal.00016.wav
-75.51750946044922,81.91142272949219,-22.081079483032227,69.87699890136719,-11.740438461303711,25.740245819091797,-18.518964767456055,27.0277099609375,-14.085997581481934,22.134109497070312,-12.107687950134277,14.95165729522705,-13.525077819824219,22.188234329223633,15.332322120666504,12.401528358459473,10.849905014038086,8.292120933532715,8.052088737487793,8.058300971984863,6.328291416168213,7.013849258422852,6.520415782928467,5.6337175369262695,5.522495269775391,5.476863861083984,2656.165771484375,444.67645263671875,0.1587756872177124,0.04686163365840912,0.5809239149093628,0.24212558567523956,107.666015625,5325.86767578125,733.2549438476562,2337.2275390625,172.8501739501953,0.11375342309474945,0.02000262774527073,18.3360538482666,10.410343170166016,metal,metal.00017.wav
-76.3720703125,123.29144287109375,-89.89614868164062,76.445556640625,-21.269107818603516,22.295799255371094,-13.65000057220459,14.647890090942383,-6.320443153381348,9.922285079956055,-3.9226880073547363,5.398592472076416,-2.488511562347412,25.727041244506836,27.13129997253418,14.263437271118164,11.5743408203125,11.35830020904541,8.433594703674316,10.705178260803223,8.819382667541504,10.045937538146973,7.400716781616211,8.829389572143555,7.433005332946777,6.9410481452941895,2291.27880859375,360.94512939453125,0.18031787872314453,0.03982330113649368,0.555522084236145,0.2440546303987503,99.38401794433594,3884.909912109375,557.6327514648438,1583.4317626953125,185.45599365234375,0.11838973313570023,0.011677323840558529,19.457670211791992,8.933477401733398,metal,metal.00018.wav
-89.329833984375,82.3569107055664,-23.258312225341797,68.10751342773438,-13.086759567260742,22.45479965209961,-18.52653694152832,26.232650756835938,-14.358574867248535,21.504411697387695,-13.878503799438477,12.481538772583008,-14.122218132019043,56.134605407714844,19.396617889404297,14.500792503356934,11.813355445861816,9.142416954040527,9.60869312286377,7.887920379638672,7.133573055267334,7.462619781494141,6.601118564605713,6.062570571899414,5.958681106567383,5.282249927520752,2699.597412109375,463.4634094238281,0.16150657832622528,0.04745600000023842,0.555185079574585,0.2495252937078476,112.3471450805664,5385.40087890625,874.5829467773438,2324.236572265625,238.3237762451172,0.1008545383810997,0.031078428030014038,18.688377380371094,10.193257331848145,metal,metal.00019.wav
-75.018310546875,81.17256927490234,-20.199926376342773,68.30472564697266,-11.342597961425781,23.670305252075195,-19.834022521972656,24.183433532714844,-13.177371978759766,22.286407470703125,-11.556872367858887,13.553210258483887,-15.058012962341309,35.70624542236328,17.255130767822266,10.452935218811035,9.812482833862305,7.888163089752197,8.368640899658203,7.594498157501221,5.86152458190918,6.5293498039245605,6.7590718269348145,6.687114238739014,5.740177154541016,5.355597496032715,2658.21875,434.9537353515625,0.1524091362953186,0.04549509286880493,0.49589502811431885,0.2699648141860962,99.38401794433594,5358.74267578125,769.3744506835938,2345.827880859375,180.87330627441406,0.11727560311555862,0.029440805315971375,18.888107299804688,10.311576843261719,metal,metal.00020.wav
-76.2828598022461,61.76295852661133,-37.11274719238281,62.44001388549805,-14.831242561340332,34.567806243896484,-11.487005233764648,30.963096618652344,-12.278124809265137,22.313232421875,-7.511116981506348,17.84716033935547,-11.126255989074707,24.935319900512695,14.267586708068848,12.12353801727295,10.553248405456543,8.56524658203125,8.037909507751465,9.275557518005371,5.883358955383301,7.508058071136475,6.421679973602295,6.8704729080200195,5.379337787628174,5.883255481719971,3046.72998046875,400.5644836425781,0.1916133612394333,0.0507856123149395,0.5254717469215393,0.2591269314289093,107.666015625,5735.3486328125,615.1604614257812,2324.390380859375,159.20289611816406,0.10844625532627106,0.0284880381077528,20.338977813720703,10.124897956848145,metal,metal.00021.wav
-45.84393310546875,108.01372528076172,-11.740544319152832,66.3277587890625,-30.207605361938477,9.236700057983398,-25.772972106933594,21.877349853515625,-17.929054260253906,10.275842666625977,-14.119917869567871,18.74677085876465,-14.238831520080566,30.293548583984375,12.58243465423584,11.868265151977539,8.905425071716309,8.058915138244629,10.523043632507324,7.00667667388916,6.922647476196289,5.687923908233643,6.6311163902282715,6.175985813140869,5.561850070953369,5.402289867401123,2218.499267578125,301.9060974121094,0.10698310285806656,0.03212733566761017,0.3698008060455322,0.28202584385871887,135.99917602539062,4779.587890625,493.7335205078125,2226.123046875,135.43609619140625,0.19878226518630981,0.05117468535900116,21.670696258544922,10.48271369934082,metal,metal.00022.wav
-43.71674346923828,82.74609375,-29.634931564331055,70.41970825195312,-21.6125545501709,31.165260314941406,2.078944683074951,28.88348960876465,-2.6835520267486572,19.901939392089844,-6.940589904785156,19.136198043823242,-7.372360706329346,29.489444732666016,15.483382225036621,16.014205932617188,11.337767601013184,7.321871280670166,8.105731010437012,8.486419677734375,6.472445487976074,8.184228897094727,6.079192638397217,6.122864723205566,5.961288928985596,5.462692737579346,2576.107421875,378.4690246582031,0.13178756833076477,0.041563019156455994,0.5272756814956665,0.26217466592788696,143.5546875,5058.11962890625,650.0237426757812,2237.10693359375,236.45448303222656,0.19530221819877625,0.03560613468289375,20.803897857666016,9.613725662231445,metal,metal.00023.wav
-16.70627784729004,94.11414337158203,-32.78630065917969,61.49044418334961,-10.101551055908203,34.223567962646484,-11.971186637878418,28.20022201538086,-15.321425437927246,19.32545280456543,-8.278708457946777,17.934833526611328,-7.455648899078369,17.05927085876465,16.91885757446289,14.352057456970215,13.801633834838867,7.333652973175049,8.24347972869873,8.559679985046387,7.105627059936523,7.388182163238525,7.554617404937744,7.003075122833252,6.355317115783691,6.93031644821167,2410.986328125,459.55194091796875,0.1283336877822876,0.04231652244925499,0.47880807518959045,0.27234408259391785,112.3471450805664,4950.419921875,876.7639770507812,2227.7060546875,257.0953369140625,0.23138710856437683,0.02864362671971321,20.63465118408203,10.303800582885742,metal,metal.00024.wav
-120.1278076171875,91.28766632080078,-38.794960021972656,75.0037841796875,-3.8060123920440674,22.66649055480957,-8.123723030090332,23.654571533203125,-14.638493537902832,13.365053176879883,-9.4056396484375,13.70650863647461,-9.314507484436035,44.30460739135742,22.17109489440918,23.44136619567871,14.575408935546875,10.198781967163086,10.357733726501465,9.217723846435547,8.205267906188965,6.618124485015869,8.081526756286621,6.724583148956299,5.655920028686523,6.339266300201416,2384.8125,517.8685913085938,0.12610316276550293,0.04494467005133629,0.4655107855796814,0.2752862274646759,135.99917602539062,4585.0390625,1070.2149658203125,2073.302490234375,343.2793884277344,0.10044173151254654,0.022281507030129433,19.72173500061035,8.918160438537598,metal,metal.00025.wav
-61.475521087646484,71.7444839477539,-46.28823471069336,75.44221496582031,-18.52456283569336,35.95708465576172,-12.682559967041016,28.374231338500977,-9.363221168518066,14.51096248626709,-4.269454479217529,11.87000846862793,-16.039182662963867,23.040508270263672,11.976789474487305,10.026917457580566,9.210912704467773,6.962356090545654,6.735084056854248,5.836315631866455,5.2592549324035645,6.755856990814209,6.344666004180908,7.075795650482178,5.909117698669434,6.980938911437988,2871.30615234375,249.86087036132812,0.1982293426990509,0.043130431324243546,0.48454973101615906,0.2698787748813629,129.19921875,5187.1435546875,318.29986572265625,2127.02001953125,150.13389587402344,0.1382410228252411,0.022387616336345673,20.497344970703125,9.600218772888184,metal,metal.00026.wav
-36.46259307861328,94.79669189453125,-36.610260009765625,55.00199508666992,-8.238859176635742,29.687299728393555,-13.684500694274902,28.724905014038086,-11.995235443115234,19.36692237854004,-15.665719032287598,13.938667297363281,-11.981067657470703,27.400808334350586,12.386514663696289,9.76419734954834,10.931459426879883,10.306793212890625,7.700829029083252,7.8252434730529785,7.098794937133789,6.789844036102295,6.110177516937256,5.719749450683594,5.2794599533081055,5.39516019821167,2398.412353515625,280.9555358886719,0.12830913066864014,0.0284158643335104,0.47494441270828247,0.2738558053970337,129.19921875,4866.83740234375,609.60302734375,2218.77685546875,155.06243896484375,0.165077805519104,0.030382726341485977,19.096769332885742,10.199650764465332,metal,metal.00027.wav
-28.08998680114746,84.03387451171875,-43.716156005859375,47.990970611572266,-22.455089569091797,19.91740608215332,-25.181150436401367,24.802288055419922,-13.120749473571777,24.66950225830078,-16.41937255859375,17.56419563293457,-15.417398452758789,13.526386260986328,14.1333646774292,13.265485763549805,8.329646110534668,7.226096153259277,6.444472789764404,7.820462703704834,5.836373329162598,5.755003929138184,6.6585307121276855,5.607236862182617,5.26344633102417,5.56572961807251,2789.30078125,376.6427917480469,0.17996187508106232,0.03624211251735687,0.4812479019165039,0.26135921478271484,135.99917602539062,5345.8427734375,797.9174194335938,2247.552734375,206.11724853515625,0.1440742015838623,0.01595623418688774,20.523738861083984,10.334299087524414,metal,metal.00028.wav
-103.65834045410156,73.83582305908203,-16.12746810913086,53.154727935791016,-25.099674224853516,33.991573333740234,-13.641717910766602,25.99047088623047,-18.906932830810547,18.668743133544922,-12.777742385864258,9.54562759399414,-16.148778915405273,36.788124084472656,17.633705139160156,13.681866645812988,12.718270301818848,12.900880813598633,12.033551216125488,10.087215423583984,9.540755271911621,8.011432647705078,7.376069068908691,6.887093544006348,5.654983043670654,6.880290508270264,2955.264404296875,507.1591796875,0.16334179043769836,0.057844020426273346,0.4409226179122925,0.28202083706855774,123.046875,5928.7392578125,667.994873046875,2478.43310546875,174.49803161621094,0.08899232745170593,0.020741324871778488,21.047405242919922,9.947650909423828,metal,metal.00029.wav
-77.45471954345703,130.8889617919922,-23.28746795654297,61.996238708496094,0.9075685739517212,30.53289222717285,-8.758489608764648,19.443262100219727,-2.227692127227783,13.108555793762207,-3.2997827529907227,8.93582534790039,-8.964678764343262,34.486351013183594,22.58909034729004,14.686525344848633,7.5910844802856445,8.9552583694458,6.89215087890625,6.945130348205566,7.05036735534668,6.41291618347168,6.8349199295043945,7.126253604888916,5.603116989135742,6.445474624633789,1525.6954345703125,451.1727294921875,0.05120301619172096,0.017525482922792435,0.46229287981987,0.2671597898006439,129.19921875,3501.087158203125,1154.42138671875,1868.4091796875,369.8905029296875,0.23020584881305695,0.042998164892196655,21.487144470214844,8.508414268493652,metal,metal.00030.wav
-12.502531051635742,91.33016967773438,-23.0791015625,50.981163024902344,-12.106396675109863,30.916202545166016,-15.001935005187988,23.061729431152344,-14.281174659729004,23.065378189086914,-17.684673309326172,13.161979675292969,-15.200902938842773,28.295730590820312,14.801878929138184,12.771710395812988,12.805758476257324,9.812996864318848,7.313459873199463,10.501241683959961,7.275915622711182,8.079024314880371,8.502811431884766,7.241062641143799,6.398595333099365,7.37998104095459,2566.91064453125,408.6975402832031,0.12520937621593475,0.042488791048526764,0.4462239444255829,0.27372223138809204,135.99917602539062,5444.55029296875,760.46630859375,2408.617431640625,199.53268432617188,0.2203839123249054,0.039531368762254715,20.643144607543945,10.470166206359863,metal,metal.00031.wav
-61.90703582763672,93.03636169433594,-39.967708587646484,56.14796447753906,-19.685197830200195,23.381887435913086,-7.644094467163086,17.719402313232422,-19.306636810302734,17.783296585083008,-13.095866203308105,14.30197811126709,-13.079708099365234,46.22834014892578,17.9285888671875,16.981340408325195,9.599991798400879,7.335229873657227,8.866850852966309,10.176409721374512,6.950900554656982,8.30022144317627,5.897947788238525,6.92611026763916,6.334210395812988,6.59081506729126,2502.5341796875,440.83660888671875,0.14816085994243622,0.03936756029725075,0.43656766414642334,0.2749592661857605,117.4538345336914,4761.48779296875,934.78955078125,2133.931640625,276.0238037109375,0.13647572696208954,0.031799010932445526,21.002273559570312,9.293222427368164,metal,metal.00032.wav
-35.73134994506836,115.4668960571289,-40.63166427612305,75.38111114501953,-12.545452117919922,21.83925437927246,1.8210290670394897,15.60556411743164,-0.17317204177379608,10.234973907470703,-11.762731552124023,15.405223846435547,-12.47100830078125,44.04539108276367,28.106361389160156,14.45504093170166,10.134708404541016,10.05260181427002,8.67587947845459,11.659214973449707,8.778512954711914,8.475215911865234,6.060737609863281,5.07572603225708,5.477684497833252,4.768768310546875,2029.8387451171875,568.539306640625,0.10000733286142349,0.04787158593535423,0.4802137613296509,0.27905458211898804,123.046875,4223.3662109375,829.8952026367188,1929.57373046875,296.15234375,0.2567307949066162,0.03543040528893471,20.666627883911133,9.613716125488281,metal,metal.00033.wav
-104.68675994873047,87.7356948852539,-33.24212646484375,48.45683288574219,-28.924985885620117,22.513729095458984,-24.994108200073242,20.53480339050293,-12.077210426330566,18.256620407104492,-15.190194129943848,10.294037818908691,-13.897688865661621,53.59919357299805,28.226337432861328,19.09928321838379,20.41241455078125,12.766663551330566,11.384146690368652,10.899120330810547,9.643584251403809,9.010953903198242,9.87909984588623,7.904412269592285,8.027454376220703,9.507820129394531,2707.54248046875,664.7377319335938,0.16091248393058777,0.05765645578503609,0.4068881869316101,0.28833630681037903,161.4990234375,5292.01806640625,991.19189453125,2235.047607421875,267.90106201171875,0.09048659354448318,0.024815361946821213,20.565099716186523,9.383254051208496,metal,metal.00034.wav
13.47215461730957,78.02857971191406,-32.999122619628906,55.55011749267578,-9.963229179382324,35.41740798950195,-17.641218185424805,29.05707550048828,-11.254932403564453,14.004887580871582,-10.102362632751465,16.5273494720459,-8.494954109191895,43.56783676147461,18.596158981323242,20.114412307739258,10.790054321289062,7.624929428100586,8.871706008911133,9.199483871459961,8.497776985168457,8.460771560668945,9.288372993469238,7.064908504486084,8.664864540100098,5.807275295257568,2836.947998046875,491.17333984375,0.16280514001846313,0.056537751108407974,0.5016604065895081,0.2704353928565979,117.4538345336914,5615.12451171875,850.5089721679688,2339.345703125,290.6787414550781,0.27074897289276123,0.06246258690953255,20.144201278686523,11.408416748046875,metal,metal.00035.wav
-71.27533721923828,82.33836364746094,-30.173229217529297,56.46429443359375,-10.87507152557373,26.822750091552734,-15.808303833007812,25.34827423095703,-15.630502700805664,17.76871109008789,-13.0557279586792,14.628009796142578,-14.275041580200195,26.958478927612305,16.426836013793945,13.30683708190918,10.633172035217285,9.354619026184082,7.816246032714844,7.993106842041016,6.449718475341797,6.815668106079102,7.516141414642334,7.118594169616699,6.1850690841674805,6.900365352630615,2685.8291015625,421.69354248046875,0.16050319373607635,0.048871397972106934,0.5190667510032654,0.2663479149341583,143.5546875,5331.4677734375,737.9107666015625,2317.526611328125,185.967041015625,0.11219081282615662,0.028802314773201942,19.88180923461914,10.289555549621582,metal,metal.00036.wav
-79.07527160644531,106.81675720214844,-38.75978088378906,39.85444641113281,-26.75737762451172,32.46525573730469,-15.021737098693848,29.701921463012695,-11.371070861816406,13.770957946777344,-14.502705574035645,16.169477462768555,-3.0626535415649414,18.185014724731445,14.807049751281738,11.618863105773926,7.975449085235596,6.6897687911987305,6.094310283660889,7.846125602722168,6.5859904289245605,6.760883808135986,6.775907039642334,7.024449825286865,6.738810062408447,7.905483722686768,2292.51025390625,419.3791809082031,0.12365873903036118,0.041315119713544846,0.3958386480808258,0.28659966588020325,135.99917602539062,4819.91259765625,749.1880493164062,2149.265869140625,210.6820831298828,0.11197950690984726,0.018171509727835655,20.681682586669922,9.347611427307129,metal,metal.00037.wav
-122.2348861694336,62.28791427612305,-34.47575378417969,75.65299987792969,6.277377605438232,22.031089782714844,-10.95864486694336,23.2354793548584,-12.284939765930176,5.612534523010254,-6.983781814575195,5.616976737976074,-14.398442268371582,105.76211547851562,26.53183364868164,24.035009384155273,15.52773380279541,13.013641357421875,18.919021606445312,9.99794864654541,17.39484977722168,9.242688179016113,15.699345588684082,7.602367877960205,11.977295875549316,6.958995819091797,2690.6513671875,691.2398071289062,0.14832790195941925,0.05904184654355049,0.4705982506275177,0.29772520065307617,95.703125,5088.0361328125,1297.64697265625,2118.468017578125,435.8601379394531,0.14581423997879028,0.08357977867126465,21.712120056152344,9.692371368408203,metal,metal.00038.wav
-99.77964782714844,102.1220703125,-23.655641555786133,63.082618713378906,-8.785433769226074,30.73992919921875,-9.646097183227539,14.164795875549316,0.37265703082084656,13.223106384277344,-10.096966743469238,9.193242073059082,-4.932151794433594,61.87267303466797,25.94263458251953,11.610029220581055,15.859579086303711,17.624208450317383,11.097853660583496,9.021488189697266,7.385899066925049,7.57513427734375,6.13625431060791,8.915011405944824,7.0238471031188965,6.15478515625,2099.35009765625,576.903076171875,0.0882972776889801,0.04019642993807793,0.37923386693000793,0.2908158600330353,117.4538345336914,4450.38134765625,1079.9583740234375,2062.53125,368.239013671875,0.15433324873447418,0.05809088051319122,21.430156707763672,8.509103775024414,metal,metal.00039.wav
-74.11552429199219,80.12188720703125,-46.98442077636719,51.019859313964844,-9.1384916305542,31.765640258789062,-6.376152038574219,24.855520248413086,-19.142610549926758,20.790122985839844,-11.66921329498291,13.848666191101074,-16.4748592376709,28.268850326538086,16.8298282623291,15.43647289276123,9.289507865905762,8.111949920654297,9.429327964782715,9.961882591247559,6.81125020980835,7.96579122543335,6.792368412017822,6.8007659912109375,5.682188510894775,5.93461275100708,2709.5400390625,457.854248046875,0.16644079983234406,0.04630403220653534,0.5092077255249023,0.27433520555496216,107.666015625,5081.52783203125,915.5491943359375,2194.487060546875,241.84194946289062,0.10460098087787628,0.02387412078678608,19.986190795898438,9.591460227966309,metal,metal.00040.wav
-100.42864990234375,104.687255859375,-57.25813293457031,56.59077453613281,-5.536773681640625,22.83633041381836,-6.167543411254883,23.09093475341797,-19.06918716430664,17.792306900024414,-13.767806053161621,9.958694458007812,-14.84881591796875,36.42410659790039,19.860898971557617,18.153837203979492,10.6220121383667,9.65655517578125,10.067052841186523,10.509502410888672,8.879830360412598,7.083708763122559,7.22135066986084,6.917022705078125,7.078603267669678,6.987612724304199,2269.19580078125,368.612548828125,0.13738125562667847,0.03291274979710579,0.4568983018398285,0.27568984031677246,117.4538345336914,4186.5498046875,852.6695556640625,1928.825927734375,297.5013732910156,0.09756061434745789,0.019056368619203568,20.772981643676758,8.552559852600098,metal,metal.00041.wav
-93.5913314819336,89.8940200805664,-55.90269470214844,51.637325286865234,-5.558395862579346,28.777814865112305,-13.89287281036377,27.350772857666016,-15.316164016723633,22.82941246032715,-12.410712242126465,9.704985618591309,-19.730852127075195,26.505285263061523,15.28083324432373,12.462172508239746,7.456674575805664,8.191659927368164,8.468880653381348,7.558359622955322,7.429610252380371,7.810677528381348,6.729485511779785,6.3078532218933105,5.837323188781738,6.033308506011963,2463.449462890625,350.99652099609375,0.15180860459804535,0.031389109790325165,0.43660563230514526,0.285287082195282,129.19921875,4547.5810546875,846.82421875,2037.3001708984375,229.8535919189453,0.09364970773458481,0.019671931862831116,20.94959831237793,9.017428398132324,metal,metal.00042.wav
-110.87448120117188,83.18675994873047,-45.257423400878906,56.5964241027832,-7.492354393005371,19.979755401611328,-13.402860641479492,21.21897315979004,-15.71973991394043,18.087411880493164,-18.127010345458984,12.930389404296875,-17.241710662841797,66.38388061523438,24.67971420288086,29.907115936279297,13.119437217712402,13.614669799804688,11.36033821105957,12.85754680633545,9.24393367767334,9.53701114654541,7.451817989349365,6.643802165985107,6.2211785316467285,7.879047870635986,2683.329833984375,588.4692993164062,0.17731298506259918,0.06290043890476227,0.43851199746131897,0.2859433591365814,95.703125,4972.69482421875,1244.841552734375,2126.747802734375,409.79681396484375,0.0904478132724762,0.03340301290154457,20.456750869750977,9.079669952392578,metal,metal.00043.wav
-86.27023315429688,76.75910949707031,-42.35627365112305,53.99910354614258,-8.3302583694458,29.407861709594727,-7.908730506896973,26.66146469116211,-14.234940528869629,18.466794967651367,-17.955867767333984,9.869915962219238,-19.038646697998047,29.709558486938477,19.646343231201172,16.928380966186523,9.83890438079834,8.776469230651855,9.119325637817383,10.09377670288086,7.4840898513793945,8.915536880493164,6.742629051208496,6.412894248962402,5.724736213684082,6.1525115966796875,2760.34228515625,462.7112121582031,0.17124877870082855,0.04077768325805664,0.46960169076919556,0.2707193195819855,117.4538345336914,5260.18505859375,986.0968017578125,2242.738037109375,277.4986572265625,0.095346599817276,0.024279465898871422,20.98494529724121,9.279224395751953,metal,metal.00044.wav
-135.5176239013672,93.37061309814453,-43.314273834228516,59.227752685546875,-8.516593933105469,20.944652557373047,-6.532815933227539,21.88986587524414,-18.970129013061523,17.050317764282227,-15.88487720489502,11.082777976989746,-18.488880157470703,75.96585083007812,26.91256332397461,26.675430297851562,14.958769798278809,11.596003532409668,11.740579605102539,12.60183048248291,9.657580375671387,9.029568672180176,8.626667022705078,8.647958755493164,6.834671974182129,7.719743251800537,2389.43505859375,604.9042358398438,0.14428181946277618,0.06215697154402733,0.4301720857620239,0.28472164273262024,61.5234375,4448.28125,1111.4385986328125,2027.283203125,345.1353759765625,0.08803665637969971,0.03160172328352928,21.275602340698242,8.555318832397461,metal,metal.00045.wav
0.3734971880912781,79.70632934570312,-30.638967514038086,61.075767517089844,-17.464641571044922,26.69574546813965,-21.25828742980957,22.35318946838379,-13.023765563964844,17.867393493652344,-13.381072998046875,19.257633209228516,-10.976208686828613,18.342941284179688,13.60464859008789,10.3467378616333,9.796274185180664,7.157072067260742,7.794187545776367,6.9568586349487305,5.511573791503906,6.179686546325684,5.684045314788818,5.341577529907227,5.390104293823242,5.282019138336182,2795.674560546875,309.11065673828125,0.16373218595981598,0.030614782124757767,0.48254916071891785,0.27416470646858215,117.4538345336914,5455.5751953125,546.7081909179688,2321.7587890625,168.50286865234375,0.21233072876930237,0.023806210607290268,20.589885711669922,10.791500091552734,metal,metal.00046.wav
-1.9254101514816284,72.695556640625,-32.789642333984375,63.59203338623047,-18.557952880859375,25.872955322265625,-13.854104995727539,18.06438636779785,-11.945405960083008,19.657590866088867,-13.961471557617188,18.73766326904297,-11.190176010131836,21.864131927490234,17.48116111755371,15.588288307189941,10.552214622497559,8.350726127624512,8.003210067749023,8.908933639526367,7.444478511810303,7.376907825469971,6.859674453735352,6.7190842628479,7.209657669067383,6.249599933624268,2908.26025390625,392.34136962890625,0.1781194806098938,0.0419342927634716,0.4310415983200073,0.2856505215167999,103.359375,5405.64208984375,789.7573852539062,2286.246826171875,246.4267120361328,0.21744711697101593,0.03508007153868675,20.043230056762695,10.131522178649902,metal,metal.00047.wav
9.61259937286377,76.3458251953125,-31.27543830871582,56.88774490356445,-20.739660263061523,27.254444122314453,-16.64427947998047,19.372135162353516,-13.9225492477417,19.669509887695312,-16.064048767089844,17.490234375,-12.9599609375,20.74139404296875,12.514660835266113,11.986064910888672,10.65991497039795,9.100349426269531,7.834311485290527,7.987968444824219,7.391723155975342,6.906096935272217,6.458469867706299,6.4002532958984375,6.703824996948242,5.794852256774902,2889.274658203125,289.3289489746094,0.17660929262638092,0.027827149257063866,0.4770042598247528,0.2556743621826172,107.666015625,5485.2666015625,630.4359741210938,2337.500732421875,199.5109405517578,0.2244560718536377,0.031985536217689514,20.597612380981445,10.5519380569458,metal,metal.00048.wav
10.011058807373047,74.12017822265625,-32.231590270996094,62.77233123779297,-23.324920654296875,30.028404235839844,-14.876240730285645,20.15312957763672,-12.14114761352539,19.180307388305664,-14.977438926696777,18.800048828125,-12.27863597869873,16.042882919311523,12.82811450958252,13.106926918029785,10.079813003540039,7.792864799499512,7.860208034515381,7.800622463226318,6.372035026550293,6.346169948577881,6.343737602233887,6.0587873458862305,6.6278557777404785,5.5470147132873535,2980.16015625,294.9724426269531,0.19402490556240082,0.027590839192271233,0.5244218111038208,0.2528640925884247,99.38401794433594,5461.80859375,591.6350708007812,2297.4091796875,191.47024536132812,0.2175055891275406,0.02561522275209427,20.292573928833008,10.767074584960938,metal,metal.00049.wav
16.498144149780273,71.17402648925781,-22.343835830688477,60.27359390258789,-18.556434631347656,27.622684478759766,-12.4092435836792,16.955913543701172,-8.733989715576172,17.861543655395508,-13.475232124328613,18.930727005004883,-11.02466106414795,20.430871963500977,13.278939247131348,13.791038513183594,11.196410179138184,9.730470657348633,8.227986335754395,8.9174222946167,7.348609924316406,7.821766376495361,7.182276248931885,7.385401248931885,7.079338550567627,6.814739227294922,2987.201904296875,324.6546936035156,0.17751365900039673,0.029330667108297348,0.5024440288543701,0.2677322328090668,112.3471450805664,5629.0576171875,720.0182495117188,2408.755615234375,238.24920654296875,0.24893580377101898,0.03591782599687576,19.63758659362793,10.167913436889648,metal,metal.00050.wav
9.626441955566406,54.66244888305664,-21.025985717773438,60.16081619262695,-21.065937042236328,32.140621185302734,-15.826891899108887,21.457956314086914,-8.718100547790527,19.355714797973633,-12.387802124023438,19.743501663208008,-10.803767204284668,21.41148567199707,16.08148765563965,14.865793228149414,12.21329402923584,9.327725410461426,9.02991771697998,8.463777542114258,8.602928161621094,6.964868068695068,8.658456802368164,6.603665828704834,8.26126480102539,6.998815059661865,3401.33935546875,425.9879150390625,0.22847028076648712,0.04872128367424011,0.5169346928596497,0.2684388756752014,107.666015625,6163.9375,690.363525390625,2458.69873046875,221.9093475341797,0.22617772221565247,0.03545700013637543,19.927221298217773,10.505559921264648,metal,metal.00051.wav
4.0075812339782715,83.27434539794922,-37.258846282958984,62.33454513549805,-14.855902671813965,23.40530014038086,-10.465683937072754,16.79058265686035,-7.9484052658081055,16.296947479248047,-11.256233215332031,13.319225311279297,-7.81800651550293,45.70741653442383,22.852447509765625,20.772804260253906,16.5728816986084,11.993284225463867,10.066869735717773,9.816434860229492,9.159383773803711,8.929083824157715,8.293628692626953,7.348145484924316,7.408377647399902,6.757544994354248,2716.833251953125,508.9515380859375,0.16221897304058075,0.04552426561713219,0.5338851809501648,0.26357096433639526,161.4990234375,5122.77734375,1015.4916381835938,2208.673828125,355.7956848144531,0.23981979489326477,0.05257246643304825,18.951725006103516,9.31868839263916,metal,metal.00052.wav
4.940333843231201,75.07083892822266,-24.73708152770996,57.0108528137207,-21.782840728759766,26.048837661743164,-12.566024780273438,17.441984176635742,-10.243249893188477,18.605541229248047,-13.024873733520508,18.95309829711914,-9.702420234680176,18.475332260131836,13.088020324707031,12.925963401794434,10.718158721923828,8.854995727539062,8.290543556213379,8.439330101013184,6.764162063598633,7.425802230834961,6.494113445281982,7.139200687408447,6.398954391479492,6.598585605621338,2906.853759765625,345.0483093261719,0.17261573672294617,0.03428760543465614,0.4926023781299591,0.2795223295688629,123.046875,5519.3251953125,667.7813720703125,2374.626220703125,216.23109436035156,0.22735066711902618,0.0445164330303669,19.88624382019043,10.276517868041992,metal,metal.00053.wav
1.1746387481689453,66.648681640625,-23.702898025512695,60.94436264038086,-18.885223388671875,29.74541664123535,-17.549291610717773,21.030996322631836,-11.191259384155273,18.808361053466797,-13.06593132019043,19.950944900512695,-10.563494682312012,18.551454544067383,13.86069107055664,12.915202140808105,9.73598861694336,7.9553141593933105,8.30026912689209,8.052255630493164,6.762246608734131,6.896210670471191,6.853198051452637,6.163171768188477,6.40588903427124,5.579185485839844,3114.329833984375,396.8193054199219,0.19579170644283295,0.04071171209216118,0.510177731513977,0.26971879601478577,123.046875,5830.06494140625,680.2069091796875,2411.595703125,192.53915405273438,0.206991046667099,0.02738855965435505,20.05191421508789,10.758705139160156,metal,metal.00054.wav
10.467679977416992,63.715049743652344,-28.434465408325195,62.60122299194336,-19.601041793823242,28.823450088500977,-15.230561256408691,19.29732894897461,-10.699569702148438,18.856489181518555,-12.712320327758789,18.030092239379883,-10.830204010009766,21.98960304260254,13.359086990356445,14.227252006530762,12.586431503295898,9.564705848693848,8.562785148620605,8.091056823730469,7.917299270629883,7.244386196136475,7.704575538635254,6.5967631340026855,7.471556186676025,6.661919593811035,3108.6767578125,328.0522766113281,0.19692586362361908,0.03353261202573776,0.49903520941734314,0.27143412828445435,172.265625,5699.0654296875,635.7550659179688,2361.285888671875,215.73013305664062,0.23245997726917267,0.03358181565999985,20.293155670166016,10.34539794921875,metal,metal.00055.wav
11.974040031433105,69.42491912841797,-23.26604461669922,60.7076301574707,-20.82064437866211,25.098285675048828,-16.19551658630371,15.557082176208496,-10.503490447998047,18.778438568115234,-13.38760757446289,17.373083114624023,-11.05994701385498,19.991147994995117,14.221780776977539,14.240273475646973,11.084953308105469,9.098779678344727,7.885867595672607,7.8431620597839355,8.189291954040527,7.458544731140137,8.026811599731445,6.565584659576416,7.133420944213867,6.017638206481934,3010.8125,352.4220275878906,0.17932884395122528,0.03495863825082779,0.4634760618209839,0.2918226420879364,107.666015625,5633.40771484375,692.5297241210938,2386.832275390625,221.0755157470703,0.24290090799331665,0.03682166337966919,20.071229934692383,10.037850379943848,metal,metal.00056.wav
-24.911848068237305,77.54363250732422,-30.41730308532715,68.36966705322266,-6.5246429443359375,24.694499969482422,-9.80585765838623,19.51862335205078,-11.461867332458496,18.59208106994629,-14.161356925964355,14.44835376739502,-5.9202141761779785,38.854248046875,20.697690963745117,17.906856536865234,12.974329948425293,9.383935928344727,8.52197551727295,10.428828239440918,8.659936904907227,8.293508529663086,7.575753211975098,6.79641580581665,7.254415512084961,7.278092384338379,2718.48095703125,494.91033935546875,0.1437738835811615,0.04153456538915634,0.48765814304351807,0.2761065363883972,129.19921875,5227.2099609375,995.5580444335938,2270.6455078125,311.8052978515625,0.2071896493434906,0.038255684077739716,20.52764129638672,9.60730266571045,metal,metal.00057.wav
-15.687385559082031,100.0982666015625,-37.590457916259766,45.97100067138672,-20.77373695373535,25.637006759643555,-18.643869400024414,26.51662254333496,-20.163169860839844,21.129619598388672,-13.649134635925293,10.978789329528809,-15.535990715026855,18.379215240478516,13.59868049621582,13.127217292785645,11.228865623474121,9.332348823547363,7.326930046081543,7.078005313873291,5.885647773742676,7.124575614929199,6.660345077514648,5.964277744293213,6.713752746582031,6.1818318367004395,2459.380859375,359.69512939453125,0.14284229278564453,0.034063372761011124,0.46137362718582153,0.2813207507133484,143.5546875,5024.203125,801.6322631835938,2221.3828125,208.81314086914062,0.18442486226558685,0.03200657293200493,20.20332908630371,10.55351734161377,metal,metal.00058.wav
-15.622626304626465,99.1316909790039,-45.62268829345703,55.0214729309082,-18.016517639160156,23.890499114990234,-19.60334014892578,27.334909439086914,-15.099960327148438,18.792261123657227,-16.151487350463867,9.2156400680542,-16.21818733215332,18.99273109436035,12.81077766418457,11.64542007446289,8.398442268371582,5.475198745727539,6.724118709564209,6.003735542297363,6.3057684898376465,5.544669151306152,5.638742923736572,4.798644542694092,6.818447589874268,4.997323989868164,2442.669921875,295.8773193359375,0.14985397458076477,0.032892968505620956,0.4676862061023712,0.2721954882144928,99.38401794433594,4728.97119140625,608.7208862304688,2102.97900390625,173.82382202148438,0.18227964639663696,0.03008432127535343,20.405628204345703,10.339760780334473,metal,metal.00059.wav
-58.221923828125,105.82452392578125,-43.90766906738281,58.44156265258789,-18.440866470336914,27.96586036682129,-17.969337463378906,21.048120498657227,-15.550262451171875,13.395051002502441,-15.685903549194336,9.36444091796875,-15.32344913482666,23.826644897460938,14.424567222595215,14.058177947998047,6.965549468994141,7.500897407531738,7.186079978942871,6.131637096405029,6.161526203155518,5.8738579750061035,5.572424411773682,4.973313331604004,5.153568267822266,5.6754560470581055,2315.869873046875,338.9483642578125,0.13954412937164307,0.04014624282717705,0.540554940700531,0.24400535225868225,89.10291290283203,4616.63037109375,648.3728637695312,2066.663330078125,192.71844482421875,0.12572911381721497,0.025272460654377937,19.466449737548828,9.704438209533691,metal,metal.00060.wav
-74.11552429199219,80.12188720703125,-46.98442077636719,51.019859313964844,-9.1384916305542,31.765640258789062,-6.376152038574219,24.855520248413086,-19.142610549926758,20.790122985839844,-11.66921329498291,13.848666191101074,-16.4748592376709,28.268850326538086,16.8298282623291,15.43647289276123,9.289507865905762,8.111949920654297,9.429327964782715,9.961882591247559,6.81125020980835,7.96579122543335,6.792368412017822,6.8007659912109375,5.682188510894775,5.93461275100708,2709.5400390625,457.854248046875,0.16644079983234406,0.04630403220653534,0.5092077255249023,0.27433520555496216,107.666015625,5081.52783203125,915.5491943359375,2194.487060546875,241.84194946289062,0.10460098087787628,0.02387412078678608,19.986190795898438,9.591460227966309,metal,metal.00061.wav
-100.42864990234375,104.687255859375,-57.25813293457031,56.59077453613281,-5.536773681640625,22.83633041381836,-6.167543411254883,23.09093475341797,-19.06918716430664,17.792306900024414,-13.767806053161621,9.958694458007812,-14.84881591796875,36.42410659790039,19.860898971557617,18.153837203979492,10.6220121383667,9.65655517578125,10.067052841186523,10.509502410888672,8.879830360412598,7.083708763122559,7.22135066986084,6.917022705078125,7.078603267669678,6.987612724304199,2269.19580078125,368.612548828125,0.13738125562667847,0.03291274979710579,0.4568983018398285,0.27568984031677246,117.4538345336914,4186.5498046875,852.6695556640625,1928.825927734375,297.5013732910156,0.09756061434745789,0.019056368619203568,20.772981643676758,8.552559852600098,metal,metal.00062.wav
-93.5913314819336,89.8940200805664,-55.90269470214844,51.637325286865234,-5.558395862579346,28.777814865112305,-13.89287281036377,27.350772857666016,-15.316164016723633,22.82941246032715,-12.410712242126465,9.704985618591309,-19.730852127075195,26.505285263061523,15.28083324432373,12.462172508239746,7.456674575805664,8.191659927368164,8.468880653381348,7.558359622955322,7.429610252380371,7.810677528381348,6.729485511779785,6.3078532218933105,5.837323188781738,6.033308506011963,2463.449462890625,350.99652099609375,0.15180860459804535,0.031389109790325165,0.43660563230514526,0.285287082195282,129.19921875,4547.5810546875,846.82421875,2037.3001708984375,229.8535919189453,0.09364970773458481,0.019671931862831116,20.94959831237793,9.017428398132324,metal,metal.00063.wav
-110.87448120117188,83.18675994873047,-45.257423400878906,56.5964241027832,-7.492354393005371,19.979755401611328,-13.402860641479492,21.21897315979004,-15.71973991394043,18.087411880493164,-18.127010345458984,12.930389404296875,-17.241710662841797,66.38388061523438,24.67971420288086,29.907115936279297,13.119437217712402,13.614669799804688,11.36033821105957,12.85754680633545,9.24393367767334,9.53701114654541,7.451817989349365,6.643802165985107,6.2211785316467285,7.879047870635986,2683.329833984375,588.4692993164062,0.17731298506259918,0.06290043890476227,0.43851199746131897,0.2859433591365814,95.703125,4972.69482421875,1244.841552734375,2126.747802734375,409.79681396484375,0.0904478132724762,0.03340301290154457,20.456750869750977,9.079669952392578,metal,metal.00064.wav
-86.27023315429688,76.75910949707031,-42.35627365112305,53.99910354614258,-8.3302583694458,29.407861709594727,-7.908730506896973,26.66146469116211,-14.234940528869629,18.466794967651367,-17.955867767333984,9.869915962219238,-19.038646697998047,29.709558486938477,19.646343231201172,16.928380966186523,9.83890438079834,8.776469230651855,9.119325637817383,10.09377670288086,7.4840898513793945,8.915536880493164,6.742629051208496,6.412894248962402,5.724736213684082,6.1525115966796875,2760.34228515625,462.7112121582031,0.17124877870082855,0.04077768325805664,0.46960169076919556,0.2707193195819855,117.4538345336914,5260.18505859375,986.0968017578125,2242.738037109375,277.4986572265625,0.095346599817276,0.024279465898871422,20.98494529724121,9.279224395751953,metal,metal.00065.wav
-135.5176239013672,93.37061309814453,-43.314273834228516,59.227752685546875,-8.516593933105469,20.944652557373047,-6.532815933227539,21.88986587524414,-18.970129013061523,17.050317764282227,-15.88487720489502,11.082777976989746,-18.488880157470703,75.96585083007812,26.91256332397461,26.675430297851562,14.958769798278809,11.596003532409668,11.740579605102539,12.60183048248291,9.657580375671387,9.029568672180176,8.626667022705078,8.647958755493164,6.834671974182129,7.719743251800537,2389.43505859375,604.9042358398438,0.14428181946277618,0.06215697154402733,0.4301720857620239,0.28472164273262024,61.5234375,4448.28125,1111.4385986328125,2027.283203125,345.1353759765625,0.08803665637969971,0.03160172328352928,21.275602340698242,8.555318832397461,metal,metal.00066.wav
-82.50125885009766,97.3441162109375,-34.37358474731445,71.40592193603516,-3.2831826210021973,17.367372512817383,-9.023832321166992,16.011180877685547,-19.003856658935547,12.078761100769043,-9.568191528320312,13.949616432189941,-14.460562705993652,38.68496322631836,17.984577178955078,17.42698860168457,13.737236976623535,9.27588939666748,9.197813987731934,9.217803955078125,7.645685195922852,7.793827533721924,6.778283596038818,7.381631851196289,7.547255516052246,7.068292140960693,2254.45166015625,426.1423645019531,0.12015876173973083,0.038414761424064636,0.4691471755504608,0.2721331715583801,135.99917602539062,4381.17333984375,825.5999755859375,2070.90869140625,256.09185791015625,0.13624882698059082,0.03776021674275398,20.38241195678711,8.819676399230957,metal,metal.00067.wav
-99.92597198486328,106.37654876708984,-40.69356918334961,52.71699142456055,-20.75264549255371,25.278520584106445,-11.834835052490234,22.090797424316406,-12.473095893859863,13.774300575256348,-14.384913444519043,15.974963188171387,-11.7249755859375,61.73345184326172,22.20639991760254,16.769615173339844,11.760927200317383,14.951729774475098,10.342812538146973,10.15097713470459,8.14892864227295,8.665711402893066,7.539506912231445,7.2608208656311035,6.909253120422363,6.405240535736084,2302.715087890625,455.391357421875,0.1307501494884491,0.04184949770569801,0.4630775451660156,0.2766374349594116,161.4990234375,4598.97216796875,861.640380859375,2069.41064453125,264.12060546875,0.09832204878330231,0.03207350894808769,19.610382080078125,9.094025611877441,metal,metal.00068.wav
-111.63196563720703,111.15151977539062,-10.673633575439453,69.675048828125,-4.912428379058838,29.834531784057617,-10.388691902160645,21.257766723632812,-6.639108657836914,20.084321975708008,-7.234053134918213,16.228864669799805,-10.118009567260742,39.68113327026367,18.79007339477539,15.004061698913574,10.398025512695312,9.922600746154785,7.781175136566162,8.834816932678223,6.569272994995117,7.671962261199951,5.9004693031311035,6.169133186340332,6.9646220207214355,6.70305061340332,1741.23046875,426.412353515625,0.05379181355237961,0.02598137967288494,0.4540756642818451,0.2827243506908417,161.4990234375,4110.216796875,879.5386352539062,2098.637939453125,274.7336120605469,0.17355334758758545,0.024823106825351715,20.42508888244629,9.00021743774414,metal,metal.00069.wav
-197.24264526367188,74.13582611083984,-10.73293399810791,54.719276428222656,-7.598918437957764,18.415987014770508,-18.87796974182129,11.60135269165039,-14.567999839782715,18.417076110839844,-16.479150772094727,12.56982707977295,-10.47082233428955,62.46429443359375,29.539188385009766,27.103801727294922,15.705574989318848,10.88322639465332,13.10947322845459,8.978507041931152,11.529297828674316,8.344440460205078,8.211419105529785,8.39573860168457,7.966204643249512,8.04552936553955,2742.969970703125,698.109130859375,0.14287668466567993,0.06221136450767517,0.4146484136581421,0.29942092299461365,117.4538345336914,5626.01611328125,1151.4901123046875,2450.8154296875,318.2049255371094,0.04885876551270485,0.027449600398540497,20.07647705078125,8.742372512817383,metal,metal.00070.wav
-78.64667510986328,80.88037872314453,-24.58921241760254,47.0252799987793,-23.75067901611328,27.423234939575195,-17.42961883544922,22.27152442932129,-13.534701347351074,21.574050903320312,-11.100493431091309,15.586865425109863,-9.705411911010742,64.06353759765625,19.08905029296875,14.80460262298584,11.63354206085205,10.051324844360352,8.445226669311523,9.360708236694336,8.591270446777344,7.159951210021973,8.881876945495605,7.314116954803467,6.167123317718506,7.360692024230957,2808.004638671875,508.46783447265625,0.1538051962852478,0.054642096161842346,0.4798263907432556,0.28244996070861816,86.1328125,5674.13232421875,795.5374145507812,2407.491943359375,209.59237670898438,0.11531482636928558,0.043909355998039246,19.19825553894043,10.256519317626953,metal,metal.00071.wav
-35.211856842041016,93.95565795898438,-35.18496322631836,62.78997039794922,-11.732125282287598,26.993427276611328,-10.765925407409668,24.075376510620117,-13.050642013549805,13.600350379943848,-12.423314094543457,13.567938804626465,-12.2533597946167,19.337007522583008,15.385416030883789,11.364409446716309,9.991433143615723,7.067110061645508,5.9200119972229,6.987227439880371,5.5477681159973145,6.241124629974365,6.394541263580322,5.985916614532471,5.6546478271484375,5.829442501068115,2340.031005859375,351.77447509765625,0.1168273389339447,0.039249781519174576,0.4452381730079651,0.2836255431175232,123.046875,4708.26318359375,581.1243896484375,2151.9912109375,164.6055908203125,0.19427227973937988,0.02774079144001007,20.331552505493164,9.725761413574219,metal,metal.00072.wav
2.765820026397705,77.06904602050781,-17.56217384338379,57.96926498413086,0.7340002655982971,28.834630966186523,-7.862348556518555,27.621089935302734,-13.553444862365723,17.290193557739258,-7.578150749206543,13.043516159057617,-8.747499465942383,32.013675689697266,20.526947021484375,16.434717178344727,14.394777297973633,12.072335243225098,11.041067123413086,9.592121124267578,9.01855754852295,7.823247909545898,7.901834487915039,7.386563777923584,7.267323970794678,6.896183013916016,2642.032958984375,539.079345703125,0.12134280055761337,0.04278340935707092,0.42996472120285034,0.28129807114601135,143.5546875,5566.8662109375,1108.1085205078125,2461.119140625,326.2097473144531,0.29335370659828186,0.04715128615498543,20.45672607421875,9.902608871459961,metal,metal.00073.wav
-201.17037963867188,76.82514953613281,-14.830625534057617,68.75314331054688,-12.952949523925781,36.95549011230469,-10.982540130615234,23.68573760986328,-12.256572723388672,16.67241859436035,-11.068587303161621,15.556434631347656,-11.184572219848633,39.06687545776367,22.553808212280273,15.965006828308105,16.809146881103516,10.250956535339355,9.543322563171387,9.483077049255371,9.202091217041016,8.11419677734375,6.333637237548828,8.222723960876465,6.453765392303467,5.355320453643799,2723.644287109375,610.9513549804688,0.1349727362394333,0.057911381125450134,0.483519583940506,0.275712788105011,123.046875,5495.0,915.3875122070312,2399.62939453125,273.0133056640625,0.04084273427724838,0.00887700542807579,19.36430549621582,8.57436752319336,metal,metal.00074.wav
-40.462825775146484,105.28376770019531,-14.121418952941895,54.854095458984375,-1.1847330331802368,20.078170776367188,-11.686579704284668,22.17769432067871,-10.237689018249512,14.195451736450195,-6.912577152252197,13.34514045715332,-9.254658699035645,57.314613342285156,24.488649368286133,21.810396194458008,12.494402885437012,10.979187965393066,10.983853340148926,8.446405410766602,10.571004867553711,6.794979095458984,7.943604469299316,7.149290561676025,6.363487243652344,6.417046546936035,2068.684326171875,624.2083129882812,0.08889326453208923,0.03932209312915802,0.44833269715309143,0.2765843868255615,112.3471450805664,4439.3564453125,1356.211669921875,2199.36962890625,394.7875061035156,0.24473604559898376,0.08121710270643234,20.740224838256836,9.091992378234863,metal,metal.00075.wav
-100.87203979492188,76.13174438476562,-29.54094886779785,69.70768737792969,-17.33968734741211,21.392005920410156,-12.921216011047363,22.00493812561035,-9.841376304626465,18.42426109313965,-12.037166595458984,8.981180191040039,-20.8742618560791,39.57701873779297,16.170385360717773,22.232561111450195,7.481205940246582,10.033609390258789,10.351524353027344,7.320001125335693,10.04733943939209,7.262570858001709,9.075451850891113,6.187145233154297,8.880472183227539,5.17845344543457,2792.690185546875,435.0699157714844,0.16254058480262756,0.05356389656662941,0.49588969349861145,0.27288389205932617,143.5546875,5321.7177734375,854.2037353515625,2250.775390625,311.38360595703125,0.09692568331956863,0.0381307452917099,20.642656326293945,9.66850757598877,metal,metal.00076.wav
-42.029930114746094,86.99800109863281,-27.519882202148438,62.607791900634766,-27.020549774169922,32.348594665527344,-18.955394744873047,22.13898277282715,-14.33113956451416,19.516881942749023,-10.9707670211792,16.759538650512695,-12.395560264587402,23.059823989868164,14.107368469238281,15.242867469787598,11.908623695373535,10.47287368774414,8.5153169631958,9.09521198272705,5.675023078918457,7.050562858581543,6.98184871673584,6.717621326446533,7.604395389556885,7.76138162612915,2741.0869140625,350.9588928222656,0.15998467803001404,0.03473060578107834,0.44094371795654297,0.2795248329639435,151.99908447265625,5409.3671875,639.0543212890625,2302.147216796875,206.60598754882812,0.14909757673740387,0.025035711005330086,19.727182388305664,10.369214057922363,metal,metal.00077.wav
-1.6504898071289062,73.40672302246094,-15.897675514221191,55.80284881591797,-1.921775221824646,34.024566650390625,-8.336319923400879,32.76787567138672,-9.721336364746094,20.836997985839844,-9.04139518737793,13.956027030944824,-9.598966598510742,35.5355339050293,20.552223205566406,17.171262741088867,14.649489402770996,10.042706489562988,10.99954605102539,10.167778968811035,9.860453605651855,8.89890193939209,7.458768367767334,7.41888427734375,7.525738716125488,6.841570854187012,2815.48046875,603.3314208984375,0.13186541199684143,0.04635446518659592,0.5335913896560669,0.26341450214385986,99.38401794433594,5898.380859375,1113.0513916015625,2548.12939453125,321.6697082519531,0.2694525420665741,0.041785333305597305,19.314729690551758,10.042645454406738,metal,metal.00078.wav
-74.93043518066406,79.14186096191406,-40.91248321533203,54.720619201660156,-9.683361053466797,37.261474609375,-14.976004600524902,20.9373722076416,-17.43129539489746,16.582231521606445,-11.095816612243652,15.470193862915039,-11.143388748168945,39.49907684326172,20.35201072692871,16.340795516967773,9.370262145996094,10.36622428894043,8.934744834899902,8.777806282043457,8.34245777130127,7.421493053436279,7.298416614532471,7.157719612121582,7.229488849639893,6.674779415130615,2710.046630859375,497.42852783203125,0.14390616118907928,0.04460432380437851,0.4725174605846405,0.26909971237182617,123.046875,5322.609375,887.0610961914062,2264.040283203125,260.3963928222656,0.12730838358402252,0.04205551743507385,21.2175350189209,9.982186317443848,metal,metal.00079.wav
-73.53079223632812,74.63623809814453,-16.441614151000977,55.65842056274414,-7.735835075378418,36.544734954833984,-18.30474853515625,27.83493995666504,-11.930488586425781,20.06295394897461,-11.35605239868164,14.714357376098633,-7.291873455047607,46.7122917175293,18.717206954956055,15.37318229675293,11.256451606750488,9.446285247802734,8.751660346984863,7.884079456329346,6.848496913909912,6.9070329666137695,7.072696685791016,7.354267120361328,5.969088554382324,7.325321674346924,2848.18212890625,557.1465454101562,0.1441211998462677,0.05347271263599396,0.4970938563346863,0.27870842814445496,161.4990234375,5930.58935546875,796.6199951171875,2497.656005859375,220.39892578125,0.13986295461654663,0.05509968847036362,20.668909072875977,10.754301071166992,metal,metal.00080.wav
-19.13578224182129,118.84263610839844,-52.17037582397461,42.71204376220703,-21.577301025390625,27.6951847076416,-14.619277000427246,27.02391242980957,-17.13873863220215,18.976408004760742,-10.77082633972168,9.391385078430176,-4.6610589027404785,29.838279724121094,15.492213249206543,11.591302871704102,6.857572555541992,7.748234272003174,6.5218505859375,6.83671236038208,5.8038177490234375,5.952451705932617,6.3543877601623535,5.326749324798584,6.666236877441406,6.4663543701171875,2138.240234375,311.2884216308594,0.12199056893587112,0.027809109538793564,0.5176470279693604,0.249580979347229,151.99908447265625,4201.1494140625,729.8703002929688,1970.6705322265625,203.56881713867188,0.1903994381427765,0.03333015367388725,20.98729705810547,10.581747055053711,metal,metal.00081.wav
-57.683387756347656,101.43231964111328,-41.48524475097656,55.13059997558594,-23.349279403686523,28.151098251342773,-12.139104843139648,18.150203704833984,-15.429839134216309,11.888646125793457,-10.803694725036621,9.394469261169434,-12.284427642822266,27.860124588012695,14.473036766052246,13.40025520324707,10.44353199005127,8.01297378540039,7.6187872886657715,8.609479904174805,7.28623104095459,8.934351921081543,7.035791397094727,7.662575721740723,6.18770694732666,6.645998001098633,2378.39208984375,306.5776062011719,0.14131736755371094,0.031380049884319305,0.5132023096084595,0.25899121165275574,123.046875,4748.56298828125,535.3150024414062,2092.439453125,182.47581481933594,0.1315898895263672,0.038606587797403336,19.5316104888916,9.551292419433594,metal,metal.00082.wav
-29.364521026611328,101.90518951416016,-29.13861083984375,69.73786163330078,-16.19940948486328,19.44755744934082,-18.34846305847168,19.07645606994629,-18.298919677734375,15.284217834472656,-8.2564697265625,2.497313976287842,-14.802310943603516,31.548242568969727,25.684911727905273,14.779772758483887,11.119852066040039,7.831397533416748,7.145244598388672,7.3512067794799805,7.0218377113342285,7.055080413818359,7.370375156402588,7.11032772064209,7.029693603515625,5.534217834472656,2340.756103515625,543.998779296875,0.12291346490383148,0.04477491229772568,0.4572301506996155,0.2706514894962311,117.4538345336914,4715.92138671875,1046.23291015625,2140.30126953125,301.3663024902344,0.20863252878189087,0.03267828747630119,21.087188720703125,9.989093780517578,metal,metal.00083.wav
0.2972937524318695,94.16095733642578,-32.389198303222656,45.457828521728516,-15.2064208984375,25.88822364807129,-12.407600402832031,19.62569236755371,-6.809361934661865,17.237934112548828,-12.9938325881958,13.681172370910645,-8.694562911987305,43.894676208496094,20.21335220336914,16.43268394470215,13.07018756866455,11.786978721618652,9.855779647827148,11.426939964294434,8.768980979919434,8.374451637268066,8.155951499938965,8.65004825592041,6.795361518859863,7.754730701446533,2522.673583984375,486.456298828125,0.1385849565267563,0.04595732316374779,0.4804001450538635,0.2798910439014435,151.99908447265625,5089.8359375,1012.817138671875,2276.00927734375,340.3106994628906,0.2297840416431427,0.06490369141101837,19.465160369873047,9.885629653930664,metal,metal.00084.wav
-46.61735153198242,86.81586456298828,-34.77482986450195,49.901302337646484,-18.186410903930664,28.72397804260254,-23.486286163330078,15.659388542175293,-8.936177253723145,10.59855842590332,-18.183574676513672,12.444950103759766,-13.554953575134277,39.040931701660156,20.037561416625977,15.282176971435547,11.694448471069336,9.032031059265137,7.761654376983643,9.602272033691406,8.516632080078125,11.329256057739258,8.880241394042969,7.935392379760742,7.257486820220947,6.572031497955322,2647.052001953125,429.7718200683594,0.15778136253356934,0.039394281804561615,0.44104909896850586,0.2770191431045532,103.359375,5304.9345703125,735.79150390625,2256.56298828125,243.3243865966797,0.1519096940755844,0.04644906893372536,21.482952117919922,10.220109939575195,metal,metal.00085.wav
-96.30450439453125,90.98214721679688,-32.244606018066406,54.340145111083984,-23.049861907958984,27.70753288269043,-16.949060440063477,21.061527252197266,-18.193655014038086,22.60833740234375,-9.001288414001465,14.27405834197998,-11.000205993652344,35.29363250732422,17.19564437866211,17.885568618774414,11.212100982666016,11.264564514160156,10.013903617858887,9.472061157226562,7.578806400299072,7.043691158294678,8.28962516784668,6.937247276306152,6.97221565246582,6.899392604827881,2629.0107421875,463.8870544433594,0.15904401242733002,0.04622086137533188,0.4342162609100342,0.28351765871047974,123.046875,5189.31005859375,844.6121215820312,2248.236083984375,245.22117614746094,0.0882878378033638,0.01846960000693798,19.98871421813965,9.35220718383789,metal,metal.00086.wav
22.81381607055664,60.819091796875,-6.410772800445557,53.192283630371094,-13.250526428222656,27.924463272094727,-14.31942367553711,29.694120407104492,-17.342933654785156,20.313676834106445,-9.746160507202148,17.13395881652832,-8.265369415283203,27.287805557250977,16.182209014892578,16.276596069335938,15.321341514587402,12.684638023376465,9.930459976196289,10.347332954406738,11.076403617858887,8.498693466186523,9.295365333557129,8.56519889831543,7.870638847351074,6.795932769775391,3338.66943359375,414.8034362792969,0.18681330978870392,0.043127939105033875,0.5167891383171082,0.2688407897949219,95.703125,6670.759765625,596.6103515625,2697.044921875,214.0103302001953,0.26716455817222595,0.03398894518613815,19.103351593017578,10.660928726196289,metal,metal.00087.wav
-129.7239227294922,104.04530334472656,-26.97124481201172,68.26852416992188,2.4256184101104736,22.604602813720703,-12.102456092834473,17.05898666381836,-5.6731367111206055,13.670591354370117,-2.8124678134918213,5.3755269050598145,-3.0072360038757324,69.71202850341797,27.40814971923828,26.213003158569336,12.27289867401123,16.834293365478516,13.788033485412598,13.70757007598877,9.320587158203125,10.472977638244629,9.20590591430664,9.388442039489746,8.449158668518066,9.548783302307129,1988.1097412109375,581.1640625,0.0924200788140297,0.04607854411005974,0.4216420650482178,0.29642799496650696,117.4538345336914,4148.16650390625,1153.4752197265625,1986.987060546875,369.5697021484375,0.13326412439346313,0.05790108069777489,20.587963104248047,8.614582061767578,metal,metal.00088.wav
-90.70469665527344,128.0314483642578,-34.76201629638672,73.75540924072266,4.335819244384766,28.097118377685547,-0.5283840894699097,17.35628890991211,4.389689922332764,12.314993858337402,2.270378828048706,5.679950714111328,-6.7684245109558105,45.989524841308594,14.449624061584473,12.720187187194824,9.76616096496582,10.36514663696289,5.916976451873779,7.529099941253662,6.634899139404297,9.952163696289062,6.603883743286133,7.331851005554199,7.317492961883545,5.967521667480469,1443.943603515625,384.5067443847656,0.04657001420855522,0.026461036875844002,0.45595163106918335,0.30129900574684143,151.99908447265625,3286.646728515625,702.9854736328125,1726.935546875,233.2754669189453,0.26598837971687317,0.0646500512957573,20.2747802734375,8.717714309692383,metal,metal.00089.wav
-93.48880004882812,100.64778137207031,-23.369590759277344,52.49628829956055,-7.74951171875,39.587459564208984,-7.775391578674316,26.730106353759766,-12.477862358093262,11.733406066894531,-10.556070327758789,23.026805877685547,-9.961859703063965,30.071651458740234,19.380346298217773,15.042407989501953,10.607277870178223,6.876237392425537,7.140822887420654,7.405914783477783,5.915637969970703,6.992237091064453,6.708985328674316,6.248296737670898,7.847937107086182,7.737921714782715,2141.760986328125,475.19805908203125,0.08467824757099152,0.042233895510435104,0.4268674850463867,0.2899979054927826,89.10291290283203,4682.91357421875,898.2631225585938,2217.39208984375,252.28895568847656,0.14660067856311798,0.01931757666170597,21.50619888305664,9.618502616882324,metal,metal.00090.wav
-96.65605926513672,101.724853515625,-16.843751907348633,47.31169509887695,-27.082910537719727,28.275732040405273,-17.2005558013916,21.652477264404297,-17.890527725219727,7.018766403198242,-14.618828773498535,15.222269058227539,-16.00571632385254,41.8042106628418,19.227624893188477,16.539077758789062,10.731048583984375,10.097620010375977,9.530476570129395,7.903937816619873,6.446741104125977,7.1661787033081055,7.252163887023926,8.574202537536621,6.736588478088379,6.78281831741333,2323.7802734375,465.2632141113281,0.12008733302354813,0.046212442219257355,0.3801835775375366,0.2875228226184845,92.28515625,5018.99462890625,758.6484985351562,2263.92138671875,204.9333953857422,0.11596696078777313,0.032396137714385986,21.91600799560547,9.146157264709473,metal,metal.00091.wav
-67.8962631225586,108.9341049194336,-33.84925842285156,50.50246047973633,-21.373014450073242,21.50031852722168,-14.890105247497559,11.634114265441895,-19.267108917236328,10.540526390075684,-13.92236042022705,5.562826156616211,-14.43623161315918,27.934627532958984,18.26516342163086,16.223440170288086,13.837008476257324,10.169046401977539,9.84349536895752,10.532866477966309,8.507379531860352,7.6374287605285645,7.3585920333862305,6.969440937042236,6.724137783050537,6.2075114250183105,2090.45947265625,413.7480163574219,0.09332937002182007,0.03304677829146385,0.34193184971809387,0.2987702190876007,117.4538345336914,4393.2900390625,840.7005615234375,2065.26025390625,269.6029357910156,0.1662825644016266,0.03775079920887947,21.808944702148438,9.2903413772583,metal,metal.00092.wav
-104.97825622558594,80.70867156982422,-28.53383445739746,66.80076599121094,-20.70402717590332,29.119020462036133,-9.355721473693848,22.35357666015625,-12.043807983398438,13.592498779296875,-14.734193801879883,11.049198150634766,-15.269818305969238,21.56201934814453,12.061659812927246,9.875604629516602,8.282832145690918,8.885112762451172,6.569832801818848,8.315064430236816,6.782926559448242,6.460245132446289,4.903767108917236,4.923523426055908,5.4211578369140625,4.448352813720703,2644.879638671875,293.7315368652344,0.14164653420448303,0.039843250066041946,0.4443258047103882,0.28529542684555054,172.265625,5176.9521484375,357.0174865722656,2268.080078125,118.97279357910156,0.09202425181865692,0.020598113536834717,19.675703048706055,9.130444526672363,metal,metal.00093.wav
-104.68675994873047,87.7356948852539,-33.24212646484375,48.45683288574219,-28.924985885620117,22.513729095458984,-24.994108200073242,20.53480339050293,-12.077210426330566,18.256620407104492,-15.190194129943848,10.294037818908691,-13.897688865661621,53.59919357299805,28.226337432861328,19.09928321838379,20.41241455078125,12.766663551330566,11.384146690368652,10.899120330810547,9.643584251403809,9.010953903198242,9.87909984588623,7.904412269592285,8.027454376220703,9.507820129394531,2707.54248046875,664.7377319335938,0.16091248393058777,0.05765645578503609,0.4068881869316101,0.28833630681037903,161.4990234375,5292.01806640625,991.19189453125,2235.047607421875,267.90106201171875,0.09048659354448318,0.024815361946821213,20.565099716186523,9.383254051208496,metal,metal.00094.wav
-35.348392486572266,94.13723754882812,-24.249738693237305,43.30569839477539,-16.374916076660156,29.515817642211914,-5.852855205535889,28.46188735961914,-13.956537246704102,13.7386474609375,-9.201020240783691,15.596586227416992,-8.491606712341309,35.472496032714844,17.881425857543945,14.02135181427002,10.976984977722168,10.011100769042969,8.648987770080566,7.96311092376709,6.972908020019531,7.055236339569092,6.829270839691162,6.504958152770996,5.728048324584961,5.803880214691162,2445.20361328125,505.9200134277344,0.12103592604398727,0.04877974092960358,0.5292279720306396,0.262508362531662,151.99908447265625,5191.3935546875,913.5452880859375,2330.73681640625,236.1439971923828,0.18551446497440338,0.06139589473605156,21.257709503173828,10.341415405273438,metal,metal.00095.wav
-51.58415222167969,86.15931701660156,-20.28268051147461,59.051578521728516,-10.889932632446289,27.533498764038086,-11.254170417785645,23.941713333129883,-11.557459831237793,13.293803215026855,-9.016419410705566,13.90733528137207,-10.740367889404297,54.73273468017578,27.0927734375,25.760019302368164,21.157058715820312,13.5830717086792,13.141523361206055,9.611672401428223,7.853727340698242,7.204378604888916,7.900566577911377,6.760066509246826,6.478633880615234,6.046745300292969,2493.9384765625,664.5283203125,0.1282399594783783,0.05962516739964485,0.5185317397117615,0.27481764554977417,161.4990234375,5105.48583984375,1117.3038330078125,2286.392578125,333.7906188964844,0.1881980299949646,0.056186459958553314,20.653095245361328,10.130577087402344,metal,metal.00096.wav
-82.15792083740234,98.2918472290039,-16.522001266479492,68.44801330566406,1.445263385772705,29.869274139404297,-5.275089263916016,24.399490356445312,-10.475003242492676,14.404364585876465,-7.892159938812256,10.02022933959961,-8.503235816955566,71.68411254882812,17.338287353515625,27.554222106933594,11.829541206359863,9.411877632141113,7.080157279968262,8.431147575378418,8.010889053344727,7.414507865905762,5.8821702003479,7.514475345611572,6.293381690979004,6.7330322265625,1983.297119140625,578.6431274414062,0.08620620518922806,0.04458004981279373,0.49188628792762756,0.2716277539730072,112.3471450805664,4241.32421875,1107.299072265625,2112.119873046875,256.8286437988281,0.1860797107219696,0.05198460817337036,21.230113983154297,9.546046257019043,metal,metal.00097.wav
-95.33910369873047,92.06636047363281,-28.061176300048828,52.79628372192383,-3.018975019454956,25.395771026611328,-6.13599157333374,20.098093032836914,-10.22387409210205,12.411142349243164,-8.27039623260498,11.69328784942627,-9.268383979797363,80.39798736572266,20.799217224121094,31.509775161743164,9.694730758666992,11.703380584716797,11.146255493164062,11.199109077453613,9.274662971496582,8.228487968444824,8.38158893585205,6.870101451873779,6.515477657318115,7.3594770431518555,2241.454833984375,626.4224853515625,0.11576498299837112,0.06058347970247269,0.5105758905410767,0.2777372896671295,151.99908447265625,4490.68115234375,1256.69775390625,2115.7255859375,358.5591735839844,0.13900022208690643,0.06697174161672592,20.6734561920166,9.522770881652832,metal,metal.00098.wav
-66.66678619384766,88.3671646118164,-27.544343948364258,53.177696228027344,-9.20226001739502,27.95931625366211,-8.114094734191895,26.286819458007812,-8.2391357421875,12.685690879821777,-7.130959987640381,13.688372611999512,-8.364937782287598,45.99176025390625,20.551071166992188,20.252775192260742,13.882438659667969,12.840461730957031,11.036678314208984,10.495586395263672,8.176743507385254,8.28890609741211,8.285694122314453,7.414457321166992,7.2735915184021,6.0291852951049805,2375.553466796875,563.1633911132812,0.10800652951002121,0.056558169424533844,0.5163208842277527,0.27408990263938904,143.5546875,4898.31201171875,979.0735473632812,2231.75048828125,260.8789978027344,0.17009800672531128,0.06133837252855301,20.750751495361328,9.924766540527344,metal,metal.00099.wav
-94.53428649902344,55.664608001708984,29.260526657104492,27.047908782958984,20.063941955566406,1.1709085702896118,12.9537992477417,-0.7993096113204956,8.872952461242676,-0.6761953830718994,-5.338356971740723,2.220707416534424,-4.614716053009033,64.58919525146484,24.89487648010254,18.0419864654541,17.127925872802734,11.851547241210938,14.991183280944824,11.671795845031738,12.727351188659668,10.935026168823242,11.213363647460938,9.844407081604004,8.603485107421875,8.450550079345703,3422.0947265625,1039.6893310546875,0.12676680088043213,0.097234345972538,0.38971447944641113,0.3015419542789459,89.10291290283203,7953.29345703125,1643.937744140625,3409.81103515625,404.7595520019531,0.18582646548748016,0.08670984208583832,18.880159378051758,4.386682987213135,pop,pop.00000.wav
-59.20097351074219,45.28543472290039,36.858238220214844,15.686738014221191,15.643389701843262,1.6743940114974976,7.2945380210876465,8.814742088317871,5.8260087966918945,7.992021083831787,-2.2828497886657715,1.8962289094924927,-0.9197742938995361,73.69121551513672,37.95975875854492,29.93229866027832,22.24529266357422,18.28618812561035,18.143081665039062,14.82310676574707,13.684898376464844,13.744674682617188,12.162303924560547,10.647727012634277,10.407205581665039,10.783090591430664,3702.927978515625,1184.989990234375,0.14947642385959625,0.09909047931432724,0.41275858879089355,0.3124542534351349,107.666015625,8073.0927734375,1635.801513671875,3431.80224609375,423.6905822753906,0.2621861398220062,0.12185182422399521,18.17059898376465,4.963818073272705,pop,pop.00001.wav
-59.60712432861328,62.98234176635742,31.122060775756836,16.928890228271484,8.904488563537598,10.815333366394043,10.561758995056152,5.165958881378174,5.408297061920166,6.159944534301758,2.2780191898345947,4.254538059234619,4.125680446624756,53.949737548828125,24.429201126098633,13.46163558959961,12.489437103271484,10.174481391906738,10.595751762390137,9.109978675842285,7.474096775054932,7.421083450317383,8.08724308013916,7.969396114349365,7.955168724060059,8.325390815734863,3213.516845703125,1003.4363403320312,0.11886851489543915,0.07595188915729523,0.41789016127586365,0.305923193693161,83.35433197021484,7423.94677734375,1566.673828125,3269.595947265625,327.2138671875,0.21516600251197815,0.08118836581707001,17.444761276245117,4.605174541473389,pop,pop.00002.wav
-125.90678405761719,126.61827850341797,-23.186908721923828,36.22425079345703,20.962921142578125,-1.173523187637329,16.486766815185547,-3.6612226963043213,6.520490646362305,9.33726978302002,-6.409656047821045,3.8801941871643066,-7.941657066345215,52.409385681152344,35.06127166748047,22.519086837768555,19.202363967895508,11.929417610168457,13.496407508850098,10.220704078674316,9.47461223602295,9.602685928344727,8.904088020324707,8.387746810913086,7.745118618011475,7.616782188415527,1837.1915283203125,887.674560546875,0.08535171300172806,0.045783061534166336,0.41005274653434753,0.2848184108734131,92.28515625,3671.069580078125,1775.5592041015625,2067.012451171875,639.600830078125,0.12935476005077362,0.04256635159254074,21.12101173400879,5.6828227043151855,pop,pop.00003.wav
-20.901945114135742,83.24166870117188,5.04695987701416,16.37078857421875,9.402538299560547,-0.5629183650016785,4.051513195037842,6.209602355957031,9.122196197509766,5.865447044372559,-3.5055267810821533,-0.6387332677841187,-3.172269582748413,35.73585510253906,22.314619064331055,19.500038146972656,13.12812614440918,10.190034866333008,11.506551742553711,8.798370361328125,6.975225925445557,7.145418167114258,7.065821170806885,6.0064311027526855,6.209941864013672,5.875481605529785,2753.2216796875,847.5640258789062,0.12376304715871811,0.07141076028347015,0.3843885064125061,0.2891075909137726,107.666015625,5986.18896484375,1644.1494140625,2861.41064453125,386.5816955566406,0.2111654430627823,0.05067155882716179,18.31549644470215,4.696691989898682,pop,pop.00004.wav
-113.61810302734375,90.01456451416016,-5.541343688964844,25.595474243164062,2.601149797439575,3.1922523975372314,1.131181001663208,6.143718719482422,2.789379596710205,-1.8761606216430664,-7.119990825653076,-3.4417924880981445,-5.911004543304443,141.11212158203125,21.335235595703125,28.846839904785156,14.019283294677734,10.068848609924316,12.175943374633789,9.770110130310059,11.334134101867676,10.237753868103027,11.184412002563477,9.457594871520996,9.077445983886719,7.838726043701172,2290.0859375,741.8064575195312,0.1067805364727974,0.049538277089595795,0.32325655221939087,0.294535368680954,172.265625,4748.00439453125,1622.6129150390625,2435.91845703125,445.0227355957031,0.13953836262226105,0.07726442068815231,19.81473159790039,5.0091423988342285,pop,pop.00005.wav
-169.15084838867188,94.64078521728516,24.504722595214844,27.413869857788086,11.641731262207031,14.895840644836426,4.234471797943115,12.369024276733398,10.702795028686523,5.126412868499756,-0.3423665165901184,1.2547649145126343,-4.157588958740234,70.08313751220703,24.04303741455078,18.80087661743164,13.444351196289062,7.86894416809082,10.245577812194824,7.955986022949219,6.538520812988281,6.076168537139893,6.700258731842041,7.5193023681640625,6.713002681732178,6.893470287322998,2125.407958984375,851.668701171875,0.06769535690546036,0.05206768587231636,0.37462320923805237,0.29292476177215576,92.28515625,4979.0283203125,1901.4783935546875,2673.924560546875,461.8606872558594,0.09395813196897507,0.038234956562519073,17.84001350402832,4.401362895965576,pop,pop.00006.wav
-224.45635986328125,107.30908966064453,-1.5683280229568481,13.870830535888672,8.12395191192627,-9.378747940063477,8.120474815368652,9.29403305053711,9.099869728088379,6.025224208831787,-6.6545023918151855,2.0728163719177246,6.202076435089111,60.656532287597656,44.83396530151367,26.29122543334961,25.90540313720703,13.48531436920166,14.625292778015137,11.97937297821045,11.525248527526855,10.709238052368164,13.35814094543457,13.34619140625,14.158051490783691,15.475923538208008,1968.406494140625,941.8878784179688,0.08234492689371109,0.04881908744573593,0.2515885829925537,0.3024541139602661,129.19921875,4127.16650390625,2289.40576171875,2326.801025390625,702.75244140625,0.08428382128477097,0.04881534352898598,21.64010238647461,5.838280200958252,pop,pop.00007.wav
-52.448246002197266,74.02206420898438,12.697417259216309,24.50034523010254,21.107900619506836,1.9049279689788818,6.7965569496154785,4.719959735870361,8.40647029876709,8.24699592590332,-2.2676541805267334,-1.2025364637374878,-2.677809715270996,47.099369049072266,24.540912628173828,25.259944915771484,12.67566204071045,10.911174774169922,12.077205657958984,9.226964950561523,7.734011650085449,8.271236419677734,7.492031574249268,7.757853984832764,6.920858860015869,6.332577228546143,2885.330322265625,987.422607421875,0.12130387872457504,0.08898516744375229,0.4038112163543701,0.2935052216053009,172.265625,6430.29443359375,1707.497314453125,3009.780029296875,376.9317321777344,0.19541193544864655,0.04352610185742378,18.512060165405273,4.236072540283203,pop,pop.00008.wav
-35.29734802246094,61.24724197387695,14.059666633605957,28.661287307739258,4.329987049102783,-1.3499213457107544,-0.7904130220413208,5.122540473937988,5.352399826049805,1.2215205430984497,-7.257073402404785,-0.5168179273605347,0.21715888381004333,53.14826583862305,18.74015235900879,20.820878982543945,16.019121170043945,12.560507774353027,11.950361251831055,8.502556800842285,7.777920246124268,7.681041717529297,7.977799415588379,8.47948169708252,6.508701801300049,6.882351398468018,3279.96728515625,724.40087890625,0.17281943559646606,0.0655340775847435,0.4548354744911194,0.27894675731658936,107.666015625,6953.21630859375,1199.950927734375,3026.39306640625,316.397705078125,0.15964585542678833,0.05740085616707802,17.074527740478516,4.2117109298706055,pop,pop.00009.wav
-111.13056182861328,103.09619140625,10.9099702835083,34.34892654418945,22.343650817871094,17.86838150024414,6.8071393966674805,6.333683013916016,5.488653182983398,0.618813693523407,0.3394002616405487,3.825078248977661,2.044203758239746,68.31272888183594,33.39732360839844,16.218915939331055,16.019643783569336,11.143806457519531,11.311408042907715,10.465018272399902,8.05587387084961,7.348584175109863,8.256988525390625,7.915541172027588,7.487181663513184,7.152750015258789,1901.41162109375,872.2784423828125,0.06621728837490082,0.047251999378204346,0.37797877192497253,0.2964840233325958,107.666015625,4192.2744140625,2008.3583984375,2421.110595703125,571.057861328125,0.1839800775051117,0.05640238896012306,20.09900665283203,4.851020812988281,pop,pop.00010.wav
-240.68592834472656,97.10966491699219,0.4066188633441925,-0.2689549922943115,-10.478994369506836,-15.741311073303223,1.3906447887420654,-17.873804092407227,-9.08908748626709,-8.767288208007812,-14.260693550109863,-5.50178337097168,-8.36895751953125,52.61603927612305,31.373310089111328,20.78118324279785,18.74549674987793,14.143851280212402,11.626193046569824,12.253580093383789,12.91751766204834,10.640185356140137,9.475496292114258,8.994140625,9.740020751953125,11.501980781555176,2200.799560546875,748.9059448242188,0.08712532371282578,0.053412701934576035,0.22562956809997559,0.29392188787460327,184.5703125,4627.66357421875,1775.7391357421875,2579.825439453125,457.4854736328125,0.0557723268866539,0.03518342226743698,21.745756149291992,4.829376697540283,pop,pop.00011.wav
-50.853858947753906,80.22756958007812,-9.293903350830078,20.294153213500977,12.10611343383789,6.784271240234375,6.279613018035889,3.4291553497314453,-3.9568376541137695,2.5745725631713867,-5.706396102905273,0.48411130905151367,-0.5719530582427979,47.23695755004883,25.70577621459961,20.39484977722168,12.46953296661377,12.50391674041748,10.404472351074219,8.867076873779297,8.702564239501953,8.546565055847168,10.353316307067871,7.585808277130127,8.036126136779785,8.06944465637207,2679.283935546875,761.4805908203125,0.12593422830104828,0.0579993762075901,0.3858869969844818,0.29199981689453125,99.38401794433594,5533.69970703125,1657.500244140625,2661.810302734375,438.58740234375,0.16416127979755402,0.051409635692834854,18.513107299804688,4.057839870452881,pop,pop.00012.wav
-161.6541290283203,85.56669616699219,53.27549362182617,32.21720886230469,27.1954402923584,11.300174713134766,7.896171569824219,8.764694213867188,1.2665907144546509,13.211441040039062,0.0675891637802124,4.826746463775635,3.1036131381988525,71.40296173095703,29.37738800048828,21.711931228637695,16.9910831451416,9.052095413208008,13.14598560333252,9.876148223876953,10.523153305053711,9.5103120803833,11.915366172790527,10.536409378051758,7.879328727722168,9.238662719726562,2150.085205078125,996.2708740234375,0.051659174263477325,0.03982220217585564,0.35619187355041504,0.30772900581359863,143.5546875,5224.35986328125,2593.47216796875,2917.60595703125,489.4923095703125,0.173065185546875,0.05223403126001358,20.518545150756836,5.088726997375488,pop,pop.00013.wav
-135.3231201171875,107.81954193115234,-13.443976402282715,19.020700454711914,8.79883098602295,12.496943473815918,1.0323982238769531,11.318428039550781,2.543212413787842,1.2272974252700806,-6.39171028137207,5.854485988616943,2.88142991065979,38.98388671875,19.78873634338379,21.5800838470459,16.763460159301758,12.858824729919434,9.618504524230957,12.067171096801758,9.295812606811523,7.274319648742676,7.333885669708252,7.502233505249023,6.936276912689209,6.526021957397461,1997.9771728515625,527.9996337890625,0.08806107193231583,0.03587670996785164,0.4260218143463135,0.2881825268268585,117.4538345336914,4139.38330078125,1325.68603515625,2291.376708984375,356.02484130859375,0.07802101969718933,0.016500288620591164,16.75339698791504,3.481191396713257,pop,pop.00014.wav
-45.75362014770508,65.2761459350586,12.941987037658691,14.516027450561523,7.018110275268555,4.408518314361572,6.614441394805908,3.29875111579895,7.736769676208496,4.059378147125244,3.6551008224487305,2.6030385494232178,4.055315017700195,65.9845962524414,24.050003051757812,21.2894229888916,16.181419372558594,10.648197174072266,13.641645431518555,12.281797409057617,9.311925888061523,8.78024959564209,8.791245460510254,7.101800441741943,7.7046356201171875,7.6147003173828125,3207.22021484375,917.9528198242188,0.14158380031585693,0.08348704874515533,0.3867236375808716,0.29843926429748535,103.359375,7019.8076171875,1561.23388671875,3125.891845703125,358.10906982421875,0.1961825042963028,0.07892444729804993,17.6047420501709,4.688982009887695,pop,pop.00015.wav
-97.0082015991211,51.78600311279297,18.738693237304688,20.48166275024414,5.610452651977539,3.5735023021698,5.572288990020752,0.7373946309089661,7.336127281188965,1.6588528156280518,-2.7012627124786377,-0.44397425651550293,-1.0818588733673096,80.70665740966797,24.823740005493164,20.684865951538086,17.18958282470703,12.520248413085938,13.89914321899414,12.055169105529785,11.920443534851074,10.801095962524414,8.648101806640625,10.210402488708496,9.502669334411621,7.639265060424805,3490.329833984375,955.8417358398438,0.15341593325138092,0.08587397634983063,0.38877132534980774,0.30616825819015503,107.666015625,7499.38818359375,1545.636474609375,3205.819091796875,345.5554504394531,0.14658914506435394,0.10215593874454498,17.722442626953125,4.511225700378418,pop,pop.00016.wav
-53.12335968017578,78.31343841552734,2.2469546794891357,18.838302612304688,3.864591121673584,2.51427960395813,-3.7991864681243896,6.814704895019531,-0.8102047443389893,8.754905700683594,-4.800525188446045,-2.1519949436187744,1.2861206531524658,30.279773712158203,20.37066650390625,28.826520919799805,14.7305269241333,12.805834770202637,11.493013381958008,8.815631866455078,10.47785758972168,7.972328186035156,7.942081451416016,7.742353439331055,6.846826076507568,6.176399230957031,2789.124267578125,611.1182250976562,0.12622977793216705,0.05007069557905197,0.4352954924106598,0.2874276638031006,107.666015625,6112.0546875,1356.2584228515625,2795.40185546875,416.2201232910156,0.14308856427669525,0.032691240310668945,16.6466064453125,3.4123799800872803,pop,pop.00017.wav
-48.95814514160156,62.637794494628906,34.225830078125,12.313788414001465,16.560747146606445,8.622407913208008,8.767117500305176,5.245012283325195,6.7942399978637695,9.059274673461914,-4.085325241088867,-0.7463064193725586,-0.3756467401981354,46.87895965576172,21.44174575805664,21.343170166015625,16.62044906616211,10.311507225036621,12.417170524597168,10.185497283935547,9.190916061401367,8.716750144958496,9.288530349731445,7.6429901123046875,7.640413761138916,6.520731449127197,3433.922119140625,916.181884765625,0.12773467600345612,0.07461155951023102,0.410010427236557,0.29432570934295654,123.046875,7932.58544921875,1245.7198486328125,3405.627685546875,303.23724365234375,0.20742075145244598,0.06118442118167877,18.008052825927734,4.56417179107666,pop,pop.00018.wav
-25.156341552734375,70.81892395019531,2.9392478466033936,7.554466247558594,1.459619164466858,2.8461227416992188,1.9075497388839722,-6.825979709625244,0.29145100712776184,-1.9537078142166138,-6.651635646820068,-0.2439810037612915,-0.7550279498100281,62.293941497802734,28.746152877807617,21.555387496948242,17.271482467651367,14.102163314819336,15.778701782226562,11.391876220703125,10.191722869873047,11.093761444091797,9.892241477966309,8.997407913208008,7.615762710571289,8.240081787109375,3130.981201171875,1095.4366455078125,0.15605348348617554,0.10766473412513733,0.37669721245765686,0.29671815037727356,92.28515625,6552.40185546875,1844.7001953125,2944.782470703125,438.44232177734375,0.21087110042572021,0.07619816809892654,17.71395492553711,4.464496612548828,pop,pop.00019.wav
13.536641120910645,58.196353912353516,-2.2051022052764893,5.008135795593262,8.070771217346191,-0.479264497756958,4.105179309844971,2.258924722671509,4.293473720550537,3.586092472076416,-0.5052727460861206,2.421469211578369,1.8804908990859985,57.27313232421875,19.893898010253906,17.67882537841797,13.80813980102539,11.241044998168945,11.944673538208008,9.24446964263916,10.309025764465332,9.216506958007812,9.205240249633789,7.8682169914245605,7.533008575439453,7.861659049987793,3487.49951171875,817.2308349609375,0.17974986135959625,0.08198335766792297,0.4123198688030243,0.28568142652511597,107.666015625,7444.24658203125,1303.7236328125,3132.228515625,287.2564392089844,0.24811077117919922,0.08623802661895752,16.863140106201172,4.258083820343018,pop,pop.00020.wav
-23.23011016845703,53.81916809082031,-0.6900113224983215,14.726737976074219,4.871845722198486,6.730589866638184,4.845880031585693,4.945091247558594,4.26452112197876,3.1102583408355713,2.549565076828003,2.987947702407837,4.636329650878906,83.14923858642578,28.88776206970215,18.764759063720703,12.19254207611084,11.940741539001465,11.653141021728516,9.04188346862793,8.551549911499023,8.812542915344238,8.871914863586426,6.349839687347412,8.018820762634277,6.4025044441223145,3502.138916015625,904.0858154296875,0.1870177686214447,0.08869752287864685,0.50439453125,0.27134621143341064,99.38401794433594,7199.58154296875,1567.53466796875,3026.9375,392.15771484375,0.19348683953285217,0.10217398405075073,15.870752334594727,4.030584812164307,pop,pop.00021.wav
-45.717811584472656,65.28741455078125,12.934513092041016,14.516592025756836,7.038323879241943,4.395020961761475,6.6337785720825195,3.3018980026245117,7.729785442352295,4.070034980773926,3.668118476867676,2.6062710285186768,4.049001216888428,65.84353637695312,24.014333724975586,21.27996063232422,16.19000244140625,10.64028263092041,13.630264282226562,12.244917869567871,9.32578182220459,8.79740047454834,8.800302505493164,7.126476287841797,7.683261871337891,7.600321292877197,3206.199951171875,915.3078002929688,0.14153920114040375,0.08343343436717987,0.3869217038154602,0.2984555661678314,103.359375,7019.44091796875,1567.5606689453125,3126.21630859375,358.1615905761719,0.19612179696559906,0.07903552055358887,17.610315322875977,4.723628520965576,pop,pop.00022.wav
-44.28742599487305,51.32791519165039,24.99048614501953,12.160305976867676,10.87307357788086,7.612086772918701,8.211469650268555,-0.7733294367790222,5.946744441986084,4.761636257171631,-2.508432626724243,1.3215402364730835,-1.946599006652832,68.36111450195312,31.34282875061035,27.001953125,19.640254974365234,13.328296661376953,14.08155345916748,11.536487579345703,10.156928062438965,11.06466293334961,9.503277778625488,8.408411979675293,8.445813179016113,8.326799392700195,3759.80908203125,1208.2547607421875,0.1776742786169052,0.10024289041757584,0.39342570304870605,0.30856257677078247,103.359375,7855.1357421875,1795.861328125,3293.728271484375,424.24249267578125,0.21067363023757935,0.08518179506063461,17.891857147216797,4.801361083984375,pop,pop.00023.wav
-40.83016586303711,61.52112579345703,9.867293357849121,10.096549034118652,8.454962730407715,5.366854190826416,8.3766508102417,3.5050008296966553,8.251043319702148,5.880058765411377,-0.1042388379573822,-0.5703608393669128,0.5514452457427979,62.34457778930664,23.896560668945312,20.21487045288086,18.788497924804688,13.106619834899902,14.18265151977539,10.858031272888184,10.690986633300781,9.632530212402344,9.744565963745117,8.600013732910156,8.632115364074707,7.3998332023620605,3301.86474609375,893.34716796875,0.14452672004699707,0.0825326144695282,0.41098088026046753,0.31166648864746094,117.4538345336914,7302.6474609375,1530.5484619140625,3175.6669921875,354.7515869140625,0.20751021802425385,0.09429661184549332,18.029197692871094,4.7841620445251465,pop,pop.00024.wav
-106.8328628540039,81.01405334472656,47.822872161865234,13.640558242797852,13.000601768493652,6.895191192626953,7.581347942352295,-2.6333248615264893,-2.49831223487854,1.8714977502822876,-5.139432907104492,-2.7431228160858154,-3.6675772666931152,71.48497772216797,35.26947021484375,23.430381774902344,15.559965133666992,11.218592643737793,13.999045372009277,11.014925003051758,10.033035278320312,12.15631103515625,10.098959922790527,9.013422966003418,7.489660739898682,7.8704729080200195,2928.650390625,1257.9664306640625,0.10574086010456085,0.08759545534849167,0.33036473393440247,0.30631697177886963,151.99908447265625,6817.46728515625,2372.348388671875,3201.01953125,541.6163940429688,0.1896257996559143,0.08071181178092957,19.30028533935547,4.8419084548950195,pop,pop.00025.wav
-73.36741638183594,97.46427917480469,16.87055015563965,-0.5790377855300903,7.180088996887207,4.872416973114014,0.7465053796768188,-5.5500168800354,0.9903746843338013,4.916617393493652,-5.83544397354126,-4.92141580581665,-0.03095639869570732,64.5269775390625,28.374961853027344,23.200817108154297,16.156267166137695,16.342844009399414,13.286739349365234,11.831114768981934,12.63792610168457,10.788674354553223,9.964783668518066,8.862027168273926,9.272420883178711,8.476359367370605,2526.13037109375,1004.7266235351562,0.10354208201169968,0.06235762685537338,0.33502960205078125,0.3009412884712219,75.99954223632812,5554.6748046875,2227.474365234375,2848.670654296875,525.6455078125,0.19566839933395386,0.08865434676408768,19.143795013427734,4.575867176055908,pop,pop.00026.wav
-75.36612701416016,83.33487701416016,10.703895568847656,14.45510196685791,14.244521141052246,7.410257339477539,5.279713153839111,-0.40012580156326294,5.717756271362305,3.3618035316467285,-2.5211021900177,-4.227081298828125,-1.8455222845077515,68.25373077392578,28.665206909179688,18.708219528198242,14.754899978637695,12.042403221130371,11.473532676696777,10.525826454162598,9.927787780761719,10.001590728759766,8.405488967895508,7.8711957931518555,8.066229820251465,7.7514543533325195,2682.713134765625,897.5989990234375,0.10191472619771957,0.0531604029238224,0.37741294503211975,0.29269152879714966,83.35433197021484,5957.2890625,1974.211181640625,2924.23046875,436.7951354980469,0.15791942179203033,0.052353084087371826,17.915027618408203,4.585619926452637,pop,pop.00027.wav
-45.638736724853516,74.70450592041016,15.980230331420898,14.800469398498535,8.992414474487305,8.204231262207031,5.686349391937256,5.254493236541748,5.396808624267578,2.4352223873138428,0.7794389724731445,1.174706220626831,-2.3591649532318115,58.072200775146484,22.12896156311035,16.865333557128906,16.194110870361328,10.484823226928711,10.732841491699219,8.088249206542969,7.332888126373291,8.929600715637207,7.193604946136475,7.299777984619141,6.984567642211914,7.105540752410889,2946.577392578125,847.4143676757812,0.12126986682415009,0.058130595833063126,0.34934645891189575,0.292934387922287,99.38401794433594,6656.1513671875,1697.849853515625,3051.636474609375,403.2497863769531,0.1945643424987793,0.06957141309976578,17.587223052978516,4.500355243682861,pop,pop.00028.wav
-40.52484130859375,73.47651672363281,22.62272071838379,12.3551025390625,14.860798835754395,8.94628620147705,5.305812835693359,9.025769233703613,2.0851216316223145,4.303849697113037,-3.1314620971679688,1.8446422815322876,2.0324933528900146,55.59235382080078,26.060890197753906,19.67798614501953,15.392561912536621,11.098209381103516,11.199151039123535,7.9127516746521,8.65495491027832,8.035134315490723,9.328736305236816,8.125429153442383,7.5685038566589355,6.865235805511475,2988.85791015625,819.5208740234375,0.11157037317752838,0.05516761913895607,0.354754239320755,0.3093774914741516,161.4990234375,6919.39990234375,1609.9437255859375,3143.03271484375,382.7889404296875,0.23414307832717896,0.0793541818857193,18.3966121673584,4.4358978271484375,pop,pop.00029.wav
-18.171194076538086,72.29644012451172,-4.8672308921813965,-0.3595811128616333,1.6975715160369873,-0.9182093143463135,-1.3221728801727295,-0.3419729769229889,0.6473228931427002,-0.18098020553588867,-1.2175111770629883,-1.0574640035629272,2.519505262374878,57.778263092041016,22.349441528320312,17.08220672607422,15.126051902770996,10.442977905273438,11.597796440124512,8.989044189453125,9.422674179077148,10.43005657196045,8.47562313079834,8.875635147094727,7.953417778015137,6.356029510498047,3070.645263671875,780.68896484375,0.14873984456062317,0.0678577646613121,0.3576986491680145,0.2910194993019104,95.703125,6652.96826171875,1510.7491455078125,2975.859130859375,353.7024841308594,0.2031058669090271,0.07963953167200089,17.16764259338379,3.8878684043884277,pop,pop.00030.wav
-18.854591369628906,71.32852172851562,-3.743232011795044,-1.3965917825698853,0.7103475332260132,-1.049136757850647,-1.052406668663025,-0.24947142601013184,0.6239636540412903,0.42929908633232117,-1.4892839193344116,-1.0790832042694092,2.4154279232025146,58.11324691772461,22.26810073852539,16.854276657104492,15.726243019104004,11.133482933044434,11.935020446777344,9.300848007202148,9.798742294311523,10.93466854095459,8.958645820617676,9.20896053314209,8.447274208068848,6.865727424621582,3111.06103515625,779.698974609375,0.1529102623462677,0.06874453276395798,0.3660338521003723,0.29191744327545166,95.703125,6745.27587890625,1478.148193359375,2992.192138671875,346.9097900390625,0.19834771752357483,0.07783123105764389,17.2395076751709,4.071172714233398,pop,pop.00031.wav
-113.16950225830078,41.588138580322266,21.516307830810547,11.092116355895996,17.44065284729004,0.6074315905570984,3.0293283462524414,0.08450865745544434,3.4569807052612305,0.29064035415649414,0.6160154342651367,1.2555638551712036,2.8942456245422363,78.71343994140625,29.644670486450195,24.945077896118164,20.328977584838867,15.414103507995605,14.610730171203613,11.431543350219727,12.274307250976562,12.223600387573242,9.628684043884277,9.176615715026855,8.607768058776855,8.535590171813965,4225.564453125,1279.9727783203125,0.22873671352863312,0.13661280274391174,0.42664915323257446,0.2986026406288147,95.703125,8483.0322265625,1449.3885498046875,3404.21923828125,324.4462890625,0.09789096564054489,0.04633424058556557,17.243162155151367,4.195734977722168,pop,pop.00032.wav
-69.0019302368164,73.7699966430664,-12.468981742858887,9.536623001098633,-0.0456104576587677,12.718271255493164,3.1650595664978027,-0.08465784043073654,2.5223581790924072,2.8746747970581055,-1.672978162765503,-3.025171995162964,1.6149280071258545,95.91797637939453,22.274757385253906,22.896923065185547,15.886489868164062,13.19715690612793,15.288372993469238,11.656854629516602,12.761018753051758,10.502580642700195,7.566196441650391,8.522183418273926,9.790412902832031,6.65651798248291,2835.059326171875,661.7150268554688,0.137062668800354,0.04929744452238083,0.42290183901786804,0.2921600341796875,99.38401794433594,5945.01416015625,1437.9361572265625,2731.753173828125,404.985595703125,0.13991199433803558,0.05000879615545273,16.84464454650879,4.1330695152282715,pop,pop.00033.wav
-59.5895881652832,77.30937194824219,26.367233276367188,3.1743204593658447,6.7570414543151855,-0.06425405293703079,-0.6247925162315369,-0.6904833316802979,4.141959190368652,-0.44033709168434143,-4.541956424713135,-3.561495542526245,-2.2030646800994873,67.19017791748047,27.42001724243164,20.140562057495117,16.768964767456055,13.86637020111084,15.851675987243652,11.85561466217041,10.409627914428711,10.4288911819458,9.499359130859375,8.658613204956055,7.342874050140381,7.683871746063232,3141.655029296875,1030.2022705078125,0.13105551898479462,0.0848504975438118,0.34084367752075195,0.2979363203048706,95.703125,7237.03125,1699.016357421875,3230.40234375,355.0315856933594,0.18744316697120667,0.06826978921890259,18.72185707092285,4.860885143280029,pop,pop.00034.wav
24.466630935668945,68.96240997314453,-4.211300373077393,-1.0326179265975952,5.249466896057129,2.9858522415161133,4.336797714233398,4.287288665771484,6.422605037689209,3.630784511566162,0.1154823899269104,-0.0002351884904783219,2.0697717666625977,55.06078338623047,20.378768920898438,17.78660011291504,14.467451095581055,10.757279396057129,11.134645462036133,8.782444953918457,8.661221504211426,8.077998161315918,8.001150131225586,7.10899543762207,7.569021701812744,6.763656139373779,3194.1767578125,729.4969482421875,0.1593799889087677,0.06434464454650879,0.41207367181777954,0.29130345582962036,107.666015625,6993.78271484375,1454.631103515625,3052.88916015625,329.48626708984375,0.28261181712150574,0.09794556349515915,16.664791107177734,4.051534175872803,pop,pop.00035.wav
-44.21401596069336,76.17581176757812,22.921127319335938,16.81614112854004,22.998910903930664,3.2665929794311523,6.908667087554932,0.10313873738050461,6.495677471160889,6.542088985443115,0.8544854521751404,2.7243902683258057,4.51695442199707,66.939453125,28.591228485107422,22.553186416625977,17.18918228149414,12.9129638671875,15.276001930236816,10.578232765197754,8.969620704650879,7.990081310272217,9.72343635559082,6.746912002563477,6.665082931518555,7.162281036376953,2944.47802734375,1120.705078125,0.11511532962322235,0.09077522903680801,0.3945741057395935,0.29917195439338684,99.38401794433594,6877.91650390625,2043.18017578125,3162.425537109375,462.7378845214844,0.2564522624015808,0.08442430198192596,18.586742401123047,4.728067398071289,pop,pop.00036.wav
4.804321765899658,64.50390625,-2.501272439956665,10.419498443603516,3.24208927154541,7.8209686279296875,3.101567029953003,1.4055255651474,6.745003700256348,4.88483190536499,3.2736434936523438,1.7477710247039795,3.3316636085510254,63.504058837890625,22.887861251831055,27.23341178894043,15.820560455322266,10.889756202697754,12.687179565429688,9.616703987121582,10.791540145874023,9.782946586608887,9.526392936706543,8.331892967224121,8.223913192749023,7.363288879394531,3236.383544921875,794.3654174804688,0.16482478380203247,0.0619489960372448,0.4517120122909546,0.2919960021972656,103.359375,6698.9013671875,1494.6905517578125,2953.665283203125,408.5380554199219,0.24089603126049042,0.08971920609474182,16.233905792236328,3.9921276569366455,pop,pop.00037.wav
-15.679173469543457,59.26908493041992,-1.5834022760391235,12.570526123046875,8.758745193481445,3.9658687114715576,2.0486032962799072,4.232300758361816,4.989131450653076,2.9016716480255127,2.3270890712738037,1.994311809539795,1.7193478345870972,63.17884063720703,23.5506591796875,18.496910095214844,12.534592628479004,11.072176933288574,10.017736434936523,8.29502010345459,8.913214683532715,8.396166801452637,7.912354469299316,7.251798152923584,7.689515590667725,7.369184494018555,3267.580322265625,866.6329956054688,0.14652329683303833,0.07452642172574997,0.40059253573417664,0.29458990693092346,92.28515625,6921.30810546875,1467.359619140625,3014.3837890625,340.251953125,0.22182826697826385,0.07853154838085175,17.713668823242188,4.928045272827148,pop,pop.00038.wav
-19.479713439941406,51.92008972167969,37.00408172607422,13.116384506225586,14.590093612670898,3.207625389099121,15.297411918640137,-0.779464840888977,7.2424235343933105,10.393446922302246,-0.37440061569213867,6.230769157409668,-1.1885154247283936,63.56332015991211,24.688247680664062,25.912729263305664,19.196744918823242,16.247526168823242,14.782655715942383,10.638874053955078,10.605027198791504,9.7802734375,9.639596939086914,8.53530502319336,8.885072708129883,7.414071559906006,3934.604248046875,1048.556396484375,0.18717800080776215,0.10335569828748703,0.38415253162384033,0.3075471818447113,83.35433197021484,8525.248046875,1313.6903076171875,3509.582275390625,351.4382629394531,0.279705673456192,0.1036297082901001,19.02463722229004,4.525214672088623,pop,pop.00039.wav
-76.91657257080078,113.29569244384766,-6.219377040863037,19.946250915527344,15.115961074829102,-3.2893810272216797,4.789510726928711,1.0169309377670288,2.2929258346557617,-0.011468373239040375,-3.762733221054077,4.241213798522949,2.286330223083496,75.98616027832031,21.143749237060547,19.955604553222656,11.483431816101074,9.999189376831055,11.982425689697266,8.754664421081543,7.614222049713135,7.366936206817627,7.419275283813477,6.6786932945251465,8.22681999206543,9.731163024902344,1962.2598876953125,511.21087646484375,0.09581121057271957,0.03843221813440323,0.2922433316707611,0.2925199866294861,129.19921875,3821.226806640625,1364.0714111328125,2325.318115234375,423.5040283203125,0.19927945733070374,0.07511236518621445,20.277006149291992,4.98054313659668,pop,pop.00040.wav
-204.7529754638672,101.60511779785156,26.38422393798828,9.18571949005127,10.460927963256836,5.108919143676758,-9.447197914123535,9.308316230773926,-12.491375923156738,-2.496669292449951,6.212447166442871,-9.488957405090332,-2.560032844543457,57.08597183227539,28.888463973999023,23.72492218017578,14.02069091796875,18.24578094482422,13.689068794250488,14.809242248535156,11.120047569274902,11.826024055480957,11.00576114654541,11.29609489440918,9.765374183654785,10.819413185119629,2053.894287109375,828.56689453125,0.07536575943231583,0.055286891758441925,0.2823801636695862,0.30068695545196533,107.666015625,4508.0146484375,1852.3023681640625,2559.593994140625,397.63177490234375,0.08329673856496811,0.03519890084862709,21.729427337646484,4.865686893463135,pop,pop.00041.wav
-37.0710334777832,68.84185028076172,10.511308670043945,23.959775924682617,15.370537757873535,3.5479140281677246,11.677659034729004,2.9124515056610107,2.545921564102173,4.750341415405273,-1.5888675451278687,2.5664658546447754,-1.0170679092407227,53.58881759643555,26.49188995361328,21.463869094848633,14.107497215270996,11.666363716125488,12.463334083557129,12.363825798034668,9.904220581054688,9.2691068649292,10.87397289276123,7.221292018890381,7.351534366607666,7.023037433624268,3002.616943359375,891.3268432617188,0.14374780654907227,0.07551759481430054,0.3797297477722168,0.3016606867313385,92.28515625,6445.91943359375,1796.060791015625,2972.78271484375,422.9880676269531,0.2234424501657486,0.08487153053283691,17.872398376464844,4.925974369049072,pop,pop.00042.wav
-50.89095687866211,68.04222869873047,12.08259391784668,36.31442642211914,8.64687728881836,19.502784729003906,10.722350120544434,12.312873840332031,1.6614350080490112,10.164873123168945,4.839787483215332,1.6969051361083984,2.7312355041503906,47.966190338134766,32.60898971557617,18.941165924072266,17.669763565063477,14.76095962524414,12.016830444335938,9.46984577178955,8.59931468963623,9.0051851272583,8.60351276397705,7.595416069030762,7.073185920715332,6.908278942108154,2703.24169921875,1065.189208984375,0.10329718142747879,0.0728858932852745,0.47344568371772766,0.283853143453598,135.99917602539062,5776.10693359375,1883.6253662109375,2725.961669921875,478.490966796875,0.25419881939888,0.07047601044178009,18.067319869995117,4.64055871963501,pop,pop.00043.wav
-47.93827819824219,54.15921401977539,-4.00504207611084,21.51289939880371,13.886649131774902,6.00395393371582,13.755339622497559,1.0669995546340942,6.722087860107422,6.232227802276611,1.6225082874298096,0.4534594714641571,2.4148380756378174,56.36447525024414,22.846893310546875,26.358062744140625,17.31280517578125,13.544306755065918,15.399080276489258,13.03805923461914,11.971299171447754,9.213332176208496,9.94119930267334,8.136296272277832,8.010660171508789,8.99366569519043,3143.53515625,783.9774780273438,0.13563750684261322,0.07431593537330627,0.4561452567577362,0.3020800054073334,117.4538345336914,6689.35107421875,1528.0443115234375,3016.427490234375,340.36572265625,0.2227635383605957,0.09297415614128113,18.311229705810547,5.203962802886963,pop,pop.00044.wav
-71.6150131225586,81.1212387084961,16.35566520690918,8.950535774230957,13.818387031555176,-0.7371724247932434,12.522271156311035,-0.6393705010414124,3.0430490970611572,3.0547537803649902,-3.212191343307495,-1.3185770511627197,-0.6402586102485657,73.73636627197266,33.60390090942383,31.322946548461914,19.985492706298828,15.701512336730957,16.48430824279785,14.857587814331055,12.480363845825195,11.254595756530762,11.222677230834961,10.967267990112305,8.69420051574707,8.602606773376465,2842.660888671875,1080.546875,0.12498942017555237,0.0860375314950943,0.412869393825531,0.29891201853752136,117.4538345336914,6479.34423828125,2459.548828125,3039.105712890625,577.8457641601562,0.20229460299015045,0.07428933680057526,18.743499755859375,5.0323710441589355,pop,pop.00045.wav
-72.17291259765625,81.31210327148438,16.729719161987305,8.680574417114258,14.163569450378418,-1.048661231994629,12.839071273803711,-0.534349262714386,3.1377692222595215,3.1529669761657715,-3.4740798473358154,-1.1388002634048462,-0.6851625442504883,73.68394470214844,32.998313903808594,31.827281951904297,20.11861228942871,15.755047798156738,16.26386833190918,14.88723087310791,12.651490211486816,11.466231346130371,11.08272933959961,10.95646858215332,8.696066856384277,8.522594451904297,2838.02099609375,1082.7255859375,0.12218029052019119,0.08498150110244751,0.41501161456108093,0.300382137298584,117.4538345336914,6485.70263671875,2460.349609375,3045.755859375,578.8550415039062,0.20336604118347168,0.07455644011497498,18.939451217651367,5.274907112121582,pop,pop.00046.wav
-45.06425476074219,69.78575897216797,11.866147994995117,8.177107810974121,12.603080749511719,7.750250816345215,11.309998512268066,0.25850754976272583,9.659319877624512,2.8038880825042725,3.8585238456726074,-0.8353044986724854,2.1194326877593994,59.482147216796875,28.82413673400879,20.103069305419922,18.375333786010742,14.266875267028809,16.10184669494629,11.136587142944336,11.399487495422363,10.672450065612793,9.24470043182373,8.711113929748535,8.025198936462402,9.098639488220215,3149.97119140625,909.593505859375,0.12735523283481598,0.06973665952682495,0.43353989720344543,0.30208057165145874,112.3471450805664,7291.9560546875,1753.158203125,3220.08984375,367.3880615234375,0.21580053865909576,0.09098311513662338,18.45902442932129,5.208927631378174,pop,pop.00047.wav
-52.64915084838867,47.78274154663086,13.455156326293945,2.2134273052215576,13.251046180725098,9.133875846862793,14.447652816772461,0.8738371133804321,9.45965576171875,7.004076957702637,-0.6928577423095703,1.7276203632354736,8.496527671813965,53.381927490234375,21.983036041259766,20.836496353149414,13.186380386352539,11.798639297485352,9.022963523864746,9.674532890319824,9.313042640686035,9.183043479919434,9.399415969848633,7.6448516845703125,8.189733505249023,8.344388008117676,4052.888671875,1049.7293701171875,0.21071451902389526,0.09231647849082947,0.4649372696876526,0.2903795540332794,129.19921875,8382.2578125,1543.120361328125,3426.219482421875,391.5156555175781,0.15645989775657654,0.06469112634658813,16.780792236328125,4.1748881340026855,pop,pop.00048.wav
-170.92262268066406,105.92536926269531,31.060644149780273,22.226055145263672,12.814610481262207,-5.166970252990723,11.237102508544922,-2.1054718494415283,-0.1724931001663208,5.078826427459717,-11.541210174560547,-3.624070644378662,1.3911012411117554,72.99459075927734,38.288082122802734,30.61623191833496,19.626834869384766,15.396209716796875,19.210010528564453,15.993837356567383,14.980140686035156,11.45868968963623,12.347774505615234,10.878942489624023,10.92396068572998,9.533090591430664,1987.8719482421875,1048.4512939453125,0.06614018976688385,0.0613643117249012,0.32267647981643677,0.3000611662864685,58.7269172668457,4265.42431640625,2565.881103515625,2579.969970703125,644.9970092773438,0.14744551479816437,0.061382707208395004,20.382915496826172,5.192215919494629,pop,pop.00049.wav
-78.19249725341797,65.99214172363281,24.578516006469727,25.65282440185547,13.85488224029541,3.6000478267669678,16.22553825378418,0.5925540328025818,3.325775384902954,4.160470485687256,2.712695837020874,3.649890899658203,1.3959065675735474,64.29338836669922,33.26450729370117,30.66288948059082,19.095691680908203,15.245534896850586,16.957950592041016,13.595918655395508,12.246238708496094,10.523064613342285,10.002288818359375,9.854171752929688,9.09556770324707,8.155746459960938,3046.23974609375,1173.1993408203125,0.11865801364183426,0.08799772709608078,0.414081871509552,0.30335474014282227,143.5546875,6630.41845703125,1965.4915771484375,3095.386474609375,432.6132507324219,0.208364337682724,0.08127359300851822,19.010169982910156,5.2409892082214355,pop,pop.00050.wav
-14.170113563537598,44.39023971557617,12.68057632446289,10.152087211608887,11.259300231933594,3.9758951663970947,12.507779121398926,-2.171722412109375,10.705039978027344,2.2852632999420166,5.033559322357178,-0.8662653565406799,3.8058700561523438,55.35346221923828,26.78571128845215,18.341176986694336,16.375633239746094,13.101547241210938,13.579194068908691,11.031136512756348,10.006121635437012,9.70200252532959,8.55117416381836,7.7146806716918945,7.518006801605225,8.941205024719238,4156.13671875,1032.4801025390625,0.23004509508609772,0.11156018823385239,0.447019100189209,0.29194486141204834,112.3471450805664,8676.447265625,1425.998779296875,3451.227783203125,363.27825927734375,0.21318002045154572,0.06526785343885422,17.262012481689453,3.9368741512298584,pop,pop.00051.wav
-39.98735046386719,35.583213806152344,8.93850040435791,15.0822172164917,15.20681381225586,10.572661399841309,21.824983596801758,10.004446029663086,13.97350025177002,16.557458877563477,1.4647634029388428,3.2635626792907715,0.06211215257644653,61.872047424316406,24.10787582397461,22.37133026123047,20.55558967590332,16.249353408813477,16.744396209716797,13.429131507873535,12.522893905639648,10.191015243530273,10.014578819274902,10.588908195495605,8.729899406433105,9.123517990112305,3662.9267578125,1023.5825805664062,0.15600736439228058,0.1036934033036232,0.5227214694023132,0.2970636487007141,103.359375,7776.7861328125,1609.508544921875,3276.4111328125,393.5149841308594,0.3214349150657654,0.14283347129821777,17.40953254699707,4.847217559814453,pop,pop.00052.wav
-145.92575073242188,62.535240173339844,-23.1148681640625,-18.786008834838867,-14.782012939453125,-28.421491622924805,3.134416103363037,-24.94000244140625,-13.637031555175781,-4.607389450073242,-24.383533477783203,-15.806172370910645,-17.455078125,66.4439926147461,40.592628479003906,42.26918411254883,23.348575592041016,21.29298973083496,15.662552833557129,15.156932830810547,16.3200740814209,15.78902816772461,14.362966537475586,12.998922348022461,10.856328010559082,12.364530563354492,2639.591796875,1015.93115234375,0.10700086504220963,0.09702451527118683,0.27737411856651306,0.31794273853302,161.4990234375,5626.5244140625,2051.660888671875,2753.560546875,514.8646850585938,0.17211171984672546,0.09636429697275162,21.176546096801758,6.458933353424072,pop,pop.00053.wav
-46.7030143737793,55.87751388549805,26.120210647583008,16.54320526123047,7.104526996612549,-3.3266866207122803,9.256010055541992,-0.8715933561325073,8.313572883605957,7.148099422454834,-0.5387217998504639,1.7517584562301636,-1.83774733543396,66.27014923095703,30.757108688354492,23.69942855834961,15.671184539794922,14.587162017822266,18.108234405517578,13.761618614196777,10.253113746643066,10.935880661010742,11.248845100402832,11.077548027038574,9.048454284667969,8.819047927856445,3498.35791015625,1173.3697509765625,0.13602222502231598,0.091404490172863,0.3904014527797699,0.31590747833251953,129.19921875,7664.61181640625,1764.6766357421875,3295.518310546875,396.871826171875,0.2736048698425293,0.12332197278738022,18.44245719909668,4.970902919769287,pop,pop.00054.wav
-56.0911865234375,36.46816635131836,11.945320129394531,-6.4417524337768555,3.778162717819214,5.284156799316406,3.394784450531006,4.265097618103027,7.993917465209961,5.8644280433654785,1.5971133708953857,4.861390590667725,0.4924772381782532,70.64935302734375,34.00102233886719,25.290115356445312,21.99197006225586,19.625858306884766,17.512374877929688,12.96296501159668,14.755697250366211,11.857970237731934,12.538740158081055,10.568184852600098,10.344464302062988,10.409398078918457,3940.349853515625,1162.5877685546875,0.1673988401889801,0.13402514159679413,0.43286314606666565,0.3072008490562439,103.359375,8259.4501953125,1196.39208984375,3361.504150390625,313.3941955566406,0.24087685346603394,0.13041552901268005,17.449413299560547,4.999449729919434,pop,pop.00055.wav
-80.39633178710938,35.96251678466797,20.40726661682129,26.376535415649414,17.37970542907715,4.580235958099365,13.489165306091309,3.6187565326690674,7.3240742683410645,5.479913234710693,3.9538543224334717,5.313695907592773,3.5346319675445557,77.74700164794922,41.019832611083984,29.62041473388672,21.16563606262207,15.643430709838867,14.919622421264648,12.68151569366455,11.7300443649292,11.731487274169922,11.861949920654297,10.561568260192871,10.238905906677246,10.454733848571777,3681.430419921875,1462.33203125,0.14562422037124634,0.130778506398201,0.47309404611587524,0.3125457167625427,89.10291290283203,7566.5791015625,2155.747314453125,3221.8291015625,482.2633972167969,0.2499428689479828,0.12312223762273788,18.40166664123535,4.757452487945557,pop,pop.00056.wav
-39.691375732421875,33.95167541503906,9.604388236999512,16.657577514648438,14.90616226196289,11.198782920837402,21.502826690673828,9.886200904846191,14.73235034942627,15.628254890441895,2.0403947830200195,2.579495906829834,0.35728567838668823,62.874507904052734,24.44597816467285,22.9344482421875,20.48895263671875,15.611289978027344,15.547722816467285,12.896657943725586,12.237979888916016,9.799871444702148,9.295985221862793,9.711287498474121,8.453936576843262,9.214374542236328,3672.673828125,1033.5953369140625,0.15406444668769836,0.10243915021419525,0.518531322479248,0.29892536997795105,103.359375,7783.68603515625,1631.5281982421875,3279.742431640625,402.5479736328125,0.3293133080005646,0.14713779091835022,17.376705169677734,4.819463729858398,pop,pop.00057.wav
-87.72349548339844,64.30924987792969,-12.97658634185791,16.03264617919922,0.48616600036621094,0.40709489583969116,4.431544780731201,-2.723747491836548,-0.30932486057281494,-0.04974520951509476,-5.9292988777160645,-4.2699689865112305,-3.509701728820801,73.62454223632812,45.21534729003906,26.987340927124023,20.17856216430664,15.879156112670898,13.491313934326172,11.717214584350586,11.607643127441406,10.389350891113281,10.024211883544922,9.23943042755127,8.92879581451416,8.524794578552246,2940.00048828125,1289.7310791015625,0.14575421810150146,0.10831297188997269,0.3399387300014496,0.3135783076286316,99.38401794433594,5750.6904296875,2204.944091796875,2629.464111328125,546.0192260742188,0.16742224991321564,0.07983134686946869,18.583728790283203,5.064797401428223,pop,pop.00058.wav
-77.94188690185547,32.36495590209961,20.07725715637207,27.63348388671875,16.262773513793945,5.319163799285889,13.481538772583008,3.5032267570495605,7.344143867492676,5.271801948547363,4.001197338104248,5.271228790283203,3.752624988555908,78.43608093261719,41.633880615234375,29.1519775390625,20.476806640625,14.894384384155273,14.54846477508545,12.2927827835083,11.31946086883545,11.44056224822998,11.940817832946777,10.546061515808105,10.206476211547852,10.162226676940918,3727.248779296875,1448.2872314453125,0.1447874903678894,0.1283520758152008,0.4754621684551239,0.31197598576545715,89.10291290283203,7633.1787109375,2116.71435546875,3223.867431640625,468.56298828125,0.25179001688957214,0.12356319278478622,18.27912712097168,4.842873573303223,pop,pop.00059.wav
-46.7030143737793,55.87751388549805,26.120210647583008,16.54320526123047,7.104526996612549,-3.3266866207122803,9.256010055541992,-0.8715933561325073,8.313572883605957,7.148099422454834,-0.5387217998504639,1.7517584562301636,-1.83774733543396,66.27014923095703,30.757108688354492,23.69942855834961,15.671184539794922,14.587162017822266,18.108234405517578,13.761618614196777,10.253113746643066,10.935880661010742,11.248845100402832,11.077548027038574,9.048454284667969,8.819047927856445,3498.35791015625,1173.3697509765625,0.13602222502231598,0.091404490172863,0.3904014527797699,0.31590747833251953,129.19921875,7664.61181640625,1764.6766357421875,3295.518310546875,396.871826171875,0.2736048698425293,0.12332197278738022,18.44245719909668,4.970902919769287,pop,pop.00060.wav
-65.1854476928711,65.4745101928711,4.127747535705566,32.74247360229492,16.918561935424805,-5.8376946449279785,14.960991859436035,-0.2438359260559082,9.038333892822266,8.441268920898438,-6.576152801513672,-4.484363555908203,-2.6280577182769775,50.84254837036133,33.73363494873047,26.10863494873047,19.717182159423828,15.171616554260254,18.211978912353516,12.29187297821045,12.041298866271973,12.225996971130371,12.504765510559082,9.834234237670898,8.171103477478027,8.778903007507324,2949.27001953125,1168.9591064453125,0.1119513288140297,0.08741418272256851,0.45551934838294983,0.3022395968437195,95.703125,6067.7880859375,2241.64501953125,2908.876708984375,532.9376220703125,0.2208092212677002,0.0877147912979126,17.90169334411621,4.6294732093811035,pop,pop.00061.wav
-6.926640033721924,68.88017272949219,3.770587205886841,28.195871353149414,2.293225049972534,13.625752449035645,1.0469883680343628,6.0046467781066895,2.7504959106445312,15.018392562866211,-8.786577224731445,0.7954419255256653,-7.219668388366699,39.80280303955078,22.303665161132812,22.68771743774414,15.503458023071289,13.4027738571167,12.250885963439941,10.655037879943848,12.142552375793457,12.395137786865234,14.032779693603516,13.714873313903809,12.929704666137695,12.96691608428955,2468.49853515625,558.423583984375,0.09820877760648727,0.035778846591711044,0.32964274287223816,0.31376346945762634,161.4990234375,5481.81689453125,1267.1368408203125,2625.151611328125,351.5752868652344,0.3978508710861206,0.08474578708410263,21.65007781982422,5.654569625854492,pop,pop.00062.wav
-125.9814224243164,117.33393096923828,-0.07229208201169968,10.211121559143066,4.490169525146484,2.18886661529541,-3.63608455657959,3.376340866088867,1.737519383430481,4.551119327545166,0.8427296876907349,2.4246017932891846,-3.112574815750122,45.55116653442383,24.42949104309082,17.26431655883789,14.457426071166992,11.893839836120605,11.67538833618164,10.235020637512207,10.501570701599121,8.915644645690918,8.430843353271484,8.575002670288086,8.325170516967773,8.199466705322266,1826.5419921875,583.2940673828125,0.07464656233787537,0.025637080892920494,0.31671932339668274,0.29960647225379944,80.74951171875,3796.33544921875,1685.655029296875,2294.444580078125,457.0091857910156,0.12609246373176575,0.03565271943807602,19.2774715423584,4.023831844329834,pop,pop.00063.wav
-88.45124816894531,34.33366012573242,-11.282462120056152,2.2004082202911377,-4.858425617218018,-6.127730846405029,0.33107802271842957,2.440187692642212,-8.177470207214355,5.635985851287842,-9.3944091796875,-7.359539031982422,-3.9459164142608643,96.3078384399414,38.48298645019531,28.93631935119629,18.822307586669922,13.948355674743652,20.023000717163086,14.026768684387207,10.586729049682617,16.909875869750977,11.786229133605957,12.829051971435547,10.590404510498047,12.439919471740723,3647.859375,1043.5802001953125,0.20595000684261322,0.11147007346153259,0.34651315212249756,0.3161318600177765,129.19921875,7112.7568359375,1528.6771240234375,2886.660400390625,433.8735656738281,0.16902655363082886,0.11092297732830048,18.38385772705078,5.2302751541137695,pop,pop.00064.wav
-111.61652374267578,85.57909393310547,3.515357732772827,16.357471466064453,2.205944299697876,5.980132102966309,-5.045757293701172,-3.962523937225342,-0.09616835415363312,1.574602723121643,-5.793351173400879,-5.0871901512146,-0.20802845060825348,69.69513702392578,27.927257537841797,17.369762420654297,16.952892303466797,15.479386329650879,11.138311386108398,12.577305793762207,9.404692649841309,10.928711891174316,9.587990760803223,9.92379379272461,8.104610443115234,8.72713565826416,2518.66796875,760.18701171875,0.10014338791370392,0.06023899093270302,0.34565117955207825,0.31188422441482544,117.4538345336914,5496.22509765625,1586.5159912109375,2683.947021484375,397.25152587890625,0.1334853619337082,0.07795899361371994,18.080907821655273,4.245612144470215,pop,pop.00065.wav
-63.63505554199219,79.04566192626953,42.744022369384766,16.095537185668945,15.268360137939453,10.789148330688477,13.311583518981934,3.6857290267944336,4.928326606750488,10.677057266235352,-0.012672070413827896,3.480308771133423,3.4220938682556152,60.386863708496094,28.750808715820312,25.028656005859375,14.535032272338867,13.182616233825684,12.191261291503906,11.272436141967773,9.856542587280273,10.003786087036133,10.398938179016113,8.929573059082031,9.131060600280762,8.617561340332031,2844.0703125,953.5933837890625,0.09974656254053116,0.054400838911533356,0.35411641001701355,0.2917899489402771,80.74951171875,6839.56689453125,1982.235595703125,3219.148193359375,436.9323425292969,0.24325013160705566,0.08165175467729568,19.362300872802734,4.691443920135498,pop,pop.00066.wav
-52.5379753112793,37.49602127075195,14.121390342712402,18.18031120300293,16.78276824951172,5.95809268951416,6.432402610778809,2.7082066535949707,-0.44743841886520386,3.2196102142333984,-3.928455352783203,1.5937505960464478,0.29058215022087097,52.11351776123047,27.876596450805664,21.777366638183594,15.007811546325684,12.426166534423828,14.02653694152832,11.502769470214844,10.845087051391602,10.278704643249512,9.958032608032227,9.89277458190918,9.30277156829834,9.761544227600098,3889.787109375,1024.718505859375,0.19104230403900146,0.11539418995380402,0.44740769267082214,0.30494001507759094,112.3471450805664,8057.20947265625,1277.82861328125,3271.662841796875,313.43023681640625,0.19137336313724518,0.0884222537279129,16.948179244995117,4.362358570098877,pop,pop.00067.wav
-29.26038932800293,53.86872482299805,-1.7002240419387817,15.506246566772461,1.0880837440490723,0.5439645648002625,4.902141094207764,-3.222588300704956,-1.691772222518921,2.2325522899627686,-7.122958660125732,-5.9894914627075195,-2.980396270751953,56.47330093383789,37.647220611572266,22.533565521240234,20.718090057373047,21.060781478881836,18.69355583190918,12.929069519042969,11.18968677520752,11.384503364562988,12.044819831848145,9.212841033935547,9.378534317016602,8.842297554016113,3262.912353515625,1108.66796875,0.15505650639533997,0.10557602345943451,0.40740537643432617,0.3065386414527893,129.19921875,6714.734375,1881.212158203125,2930.999755859375,439.0095520019531,0.24570654332637787,0.1165027767419815,17.54804229736328,4.875076770782471,pop,pop.00068.wav
-30.211868286132812,88.44852447509766,-6.587007999420166,32.78564453125,8.500259399414062,8.388699531555176,2.04252028465271,6.8641839027404785,3.5769941806793213,2.720842123031616,1.294276237487793,3.29060697555542,1.5695496797561646,47.89326477050781,22.531295776367188,16.833080291748047,9.824921607971191,7.851471424102783,7.63381290435791,8.807304382324219,7.580271244049072,6.967376232147217,6.775491237640381,6.333983898162842,6.0593671798706055,5.121210098266602,2327.99560546875,571.0905151367188,0.0954994261264801,0.051514945924282074,0.49696141481399536,0.2722010016441345,107.666015625,4930.95361328125,1099.4696044921875,2516.82568359375,280.03741455078125,0.2155563086271286,0.06711795926094055,15.62887954711914,3.589578628540039,pop,pop.00069.wav
-91.8537368774414,56.674156188964844,13.763751983642578,15.050705909729004,0.9011203050613403,-4.079192161560059,-0.22235451638698578,0.5639136433601379,-4.600769996643066,-2.6161904335021973,-2.761265993118286,-3.0964155197143555,1.7973816394805908,98.32369995117188,27.32868194580078,28.385093688964844,20.06884765625,15.898468017578125,15.68589973449707,13.11112117767334,11.010969161987305,10.935924530029297,10.175644874572754,9.514545440673828,9.121893882751465,8.534893035888672,3142.253173828125,1005.6148681640625,0.13644400238990784,0.08527817577123642,0.43713656067848206,0.2991573214530945,123.046875,6825.45849609375,1881.691162109375,3001.70849609375,547.025634765625,0.16782020032405853,0.11190055310726166,17.306549072265625,4.341824054718018,pop,pop.00070.wav
-52.5379753112793,37.49602127075195,14.121390342712402,18.18031120300293,16.78276824951172,5.95809268951416,6.432402610778809,2.7082066535949707,-0.44743841886520386,3.2196102142333984,-3.928455352783203,1.5937505960464478,0.29058215022087097,52.11351776123047,27.876596450805664,21.777366638183594,15.007811546325684,12.426166534423828,14.02653694152832,11.502769470214844,10.845087051391602,10.278704643249512,9.958032608032227,9.89277458190918,9.30277156829834,9.761544227600098,3889.787109375,1024.718505859375,0.19104230403900146,0.11539418995380402,0.44740769267082214,0.30494001507759094,112.3471450805664,8057.20947265625,1277.82861328125,3271.662841796875,313.43023681640625,0.19137336313724518,0.0884222537279129,16.948179244995117,4.362358570098877,pop,pop.00071.wav
9.675073623657227,88.8260726928711,-20.29368019104004,5.1013054847717285,-2.917802095413208,-0.18818102777004242,0.3274820148944855,1.604321002960205,-2.2592055797576904,-0.9406508803367615,-6.212249755859375,-2.9767894744873047,-1.8151839971542358,46.41845703125,28.384328842163086,17.13142204284668,13.709638595581055,10.917518615722656,9.436493873596191,9.818373680114746,7.8841118812561035,7.231013774871826,8.026522636413574,7.281336784362793,6.818095684051514,6.149150848388672,2569.255859375,634.389892578125,0.13165642321109772,0.05104178190231323,0.4807797074317932,0.2755040228366852,117.4538345336914,5351.90087890625,1494.0980224609375,2559.529296875,417.7361755371094,0.2344522327184677,0.06977619975805283,16.214630126953125,4.191254138946533,pop,pop.00072.wav
-8.531340599060059,54.25175476074219,20.96331024169922,13.099079132080078,9.721153259277344,6.01505184173584,10.720785140991211,6.102119445800781,0.69426429271698,5.00238561630249,-3.4498136043548584,0.8725568056106567,-1.93904709815979,55.02736282348633,23.10773468017578,20.575761795043945,13.011524200439453,10.34862995147705,11.043411254882812,9.92848014831543,8.2119140625,8.241311073303223,9.336304664611816,8.607124328613281,7.269690990447998,7.936915397644043,3671.260498046875,937.024658203125,0.16189736127853394,0.08461007475852966,0.42336025834083557,0.28641656041145325,129.19921875,7879.0439453125,1286.8251953125,3295.5537109375,333.3961181640625,0.2598068118095398,0.09610067307949066,17.705095291137695,4.309882640838623,pop,pop.00073.wav
-93.63922119140625,59.69026184082031,32.07737731933594,13.127490043640137,13.270319938659668,-6.869358539581299,2.339027166366577,-7.887984752655029,2.2946646213531494,4.487583637237549,-4.040566444396973,2.6735634803771973,-3.086395263671875,65.22879791259766,35.96247482299805,24.096616744995117,22.074066162109375,15.436902046203613,18.99683380126953,14.93292236328125,15.974133491516113,12.259510040283203,12.092626571655273,12.915273666381836,11.047422409057617,9.938515663146973,3419.3447265625,1252.6497802734375,0.13084803521633148,0.10671303421258926,0.3494405448436737,0.3130541443824768,83.35433197021484,7789.06103515625,1835.83056640625,3368.71142578125,402.24853515625,0.2103721648454666,0.14509207010269165,18.88494110107422,4.920409679412842,pop,pop.00074.wav
-68.85472106933594,40.457462310791016,25.354524612426758,35.76828384399414,13.383127212524414,2.8213696479797363,12.759581565856934,4.48354434967041,3.357187509536743,10.026521682739258,-2.375098705291748,2.9945144653320312,-1.8024030923843384,56.88771438598633,25.77576446533203,18.065160751342773,17.092761993408203,13.016623497009277,13.800983428955078,11.705869674682617,9.752758026123047,9.470382690429688,9.150655746459961,9.240365982055664,8.192708015441895,9.479772567749023,3645.470703125,969.7527465820312,0.15924052894115448,0.0982561782002449,0.40938666462898254,0.30295464396476746,95.703125,7658.537109375,1273.7772216796875,3200.720947265625,313.47711181640625,0.1856050342321396,0.09238667041063309,18.92763328552246,4.90766716003418,pop,pop.00075.wav
-38.288414001464844,47.80237579345703,20.052776336669922,23.84808921813965,19.795454025268555,13.665193557739258,14.684334754943848,4.572096347808838,7.713705539703369,8.956255912780762,5.42100191116333,1.1439082622528076,1.0811883211135864,67.64142608642578,25.418603897094727,20.147268295288086,17.01503562927246,15.719467163085938,15.513419151306152,10.711771965026855,9.948593139648438,8.924386978149414,9.503460884094238,7.10090970993042,6.549720287322998,7.3222432136535645,3544.1328125,967.8218383789062,0.14281924068927765,0.08201173692941666,0.4757270812988281,0.2898064851760864,215.33203125,7780.51953125,1628.0511474609375,3311.301513671875,396.9410095214844,0.24529977142810822,0.09136548638343811,18.246185302734375,4.529353141784668,pop,pop.00076.wav
-34.209938049316406,40.39930725097656,17.510662078857422,13.42147159576416,13.2406005859375,7.449265003204346,18.18345832824707,2.7254276275634766,4.339627742767334,5.825296878814697,-1.125758171081543,3.1106066703796387,2.4149975776672363,70.9094467163086,30.60845947265625,22.24101448059082,16.210025787353516,11.786317825317383,10.883463859558105,11.177122116088867,8.971407890319824,8.489418029785156,10.007192611694336,8.948468208312988,8.496899604797363,8.150874137878418,4037.15380859375,1137.7191162109375,0.21392576396465302,0.11606556922197342,0.44544222950935364,0.30446910858154297,112.3471450805664,8331.474609375,1382.6033935546875,3342.364501953125,329.4029846191406,0.23102271556854248,0.12739554047584534,17.22804832458496,4.894189357757568,pop,pop.00077.wav
-42.77943420410156,62.79966735839844,4.760207653045654,24.06839370727539,9.64216136932373,-1.8881843090057373,9.252785682678223,-2.969123125076294,3.1815617084503174,5.934004783630371,-4.773739337921143,3.019498348236084,-1.240799903869629,67.9239730834961,32.246299743652344,26.307676315307617,18.578994750976562,16.60727882385254,15.43883991241455,14.046732902526855,11.210792541503906,11.427427291870117,10.549777030944824,9.856783866882324,9.253277778625488,8.38814926147461,3124.1494140625,972.95703125,0.14272098243236542,0.09283304214477539,0.454754501581192,0.2940787971019745,103.359375,6618.04345703125,1892.649169921875,2970.272705078125,471.09857177734375,0.22333700954914093,0.11409100145101547,17.41280746459961,4.914762496948242,pop,pop.00078.wav
-273.28631591796875,103.14757537841797,8.722428321838379,31.69770050048828,12.511966705322266,3.492265462875366,3.939650774002075,-0.16230225563049316,-3.9216833114624023,3.2304422855377197,-6.373683929443359,-1.5361915826797485,-3.2130470275878906,86.0329818725586,34.6728401184082,22.627241134643555,13.940790176391602,10.33547306060791,13.713993072509766,8.549171447753906,8.04502010345459,8.56192398071289,7.737228870391846,6.51006555557251,7.070916652679443,5.802968502044678,1995.328125,977.4697875976562,0.07255095988512039,0.07490883022546768,0.35192859172821045,0.30590173602104187,112.3471450805664,4383.806640625,1981.25439453125,2425.040771484375,556.7937622070312,0.03756089508533478,0.019951337948441505,18.662565231323242,4.69699764251709,pop,pop.00079.wav
-44.972015380859375,69.76533508300781,11.851114273071289,8.137467384338379,12.623069763183594,7.798754692077637,11.30739974975586,0.19175663590431213,9.630409240722656,2.8426687717437744,3.8571951389312744,-0.8326628804206848,2.1378021240234375,59.46461486816406,28.840469360351562,20.173131942749023,18.400344848632812,14.286171913146973,16.13156509399414,11.142199516296387,11.323833465576172,10.640456199645996,9.274187088012695,8.699971199035645,8.024008750915527,9.092288970947266,3151.44580078125,911.048828125,0.12759749591350555,0.06983669102191925,0.4336169362068176,0.30202516913414,112.3471450805664,7293.2392578125,1755.4569091796875,3220.406982421875,368.2224426269531,0.21570029854774475,0.09080833196640015,18.50184440612793,5.237214088439941,pop,pop.00080.wav
-137.73312377929688,100.24317932128906,14.383045196533203,15.40381145477295,2.3205363750457764,-1.081811547279358,-2.106971502304077,-1.6870853900909424,-5.311201095581055,-1.784702181816101,1.748408555984497,-6.183539390563965,-3.0364274978637695,62.248531341552734,25.013259887695312,20.0091495513916,18.49704933166504,15.152515411376953,11.295534133911133,12.087756156921387,8.916868209838867,11.232406616210938,10.120052337646484,9.705567359924316,8.525161743164062,8.540506362915039,2246.999755859375,710.3990478515625,0.08601724356412888,0.04229347035288811,0.3698594868183136,0.2896561324596405,143.5546875,5155.91064453125,1723.0172119140625,2684.452392578125,443.3161926269531,0.09215401113033295,0.034905459731817245,18.585514068603516,4.902801513671875,pop,pop.00081.wav
-62.04380798339844,64.23981475830078,29.874727249145508,23.244829177856445,16.247188568115234,7.438479423522949,8.871021270751953,6.4075446128845215,7.394820690155029,3.0163872241973877,1.487842082977295,2.97571063041687,1.8600913286209106,50.00823974609375,21.05860710144043,13.784273147583008,10.125138282775879,10.052916526794434,10.171747207641602,7.780623912811279,8.177472114562988,7.281885147094727,7.966480255126953,6.407523155212402,6.270001411437988,6.220589637756348,3168.377197265625,791.514892578125,0.10033915191888809,0.05975121632218361,0.46213287115097046,0.30022773146629333,129.19921875,7555.4208984375,1300.3243408203125,3341.5361328125,288.53326416015625,0.20798876881599426,0.08525139838457108,17.262828826904297,4.040952682495117,pop,pop.00082.wav
-104.4753189086914,86.85540771484375,28.76275062561035,26.635526657104492,8.927456855773926,5.674565315246582,7.759278774261475,0.4663456380367279,6.630064010620117,6.563311576843262,0.3774833679199219,2.1488523483276367,-0.019938135519623756,45.67570114135742,22.556291580200195,18.750905990600586,16.74127960205078,15.404425621032715,12.395870208740234,9.851663589477539,9.82113265991211,8.800314903259277,9.934540748596191,9.304468154907227,8.152048110961914,8.534920692443848,2489.57763671875,742.5360717773438,0.08429578691720963,0.040355246514081955,0.2981050908565521,0.28816983103752136,123.046875,5977.072265625,1743.2647705078125,2941.99072265625,455.0780944824219,0.1429828703403473,0.04445537179708481,19.07196617126465,4.552484035491943,pop,pop.00083.wav
-112.39599609375,59.759735107421875,14.483948707580566,19.19007110595703,15.127423286437988,-3.211503267288208,6.109609127044678,-6.668193817138672,1.463721752166748,-1.1876870393753052,-1.2330448627471924,-0.758741557598114,1.8843270540237427,70.89734649658203,48.26494598388672,30.287540435791016,16.226228713989258,17.71708106994629,15.87592887878418,14.147208213806152,12.599379539489746,12.687443733215332,11.764971733093262,11.532204627990723,10.017478942871094,10.269610404968262,3262.336181640625,1613.3248291015625,0.13586615025997162,0.1182161495089531,0.40918561816215515,0.3108818829059601,99.38401794433594,6827.98388671875,2868.48876953125,3046.99658203125,688.4888305664062,0.17935271561145782,0.09711546450853348,19.401941299438477,4.989137172698975,pop,pop.00084.wav
-81.77599334716797,78.6092758178711,-17.26093292236328,24.51177406311035,8.410554885864258,2.144618272781372,5.520015239715576,1.9346674680709839,8.799277305603027,-0.12229664623737335,0.49543994665145874,4.642274379730225,2.3893165588378906,84.58856964111328,41.179412841796875,33.06412124633789,17.36254119873047,16.456520080566406,14.083282470703125,14.917072296142578,10.743086814880371,11.123784065246582,9.95893383026123,8.384025573730469,8.02270221710205,8.812604904174805,2516.458984375,1023.4275512695312,0.12209600955247879,0.07674440741539001,0.4438236653804779,0.30864694714546204,117.4538345336914,5087.48583984375,2122.58740234375,2465.640380859375,626.48193359375,0.19525384902954102,0.06699530780315399,18.316261291503906,4.863231182098389,pop,pop.00085.wav
-50.44928741455078,56.416481018066406,12.563282012939453,11.288338661193848,-2.739751100540161,1.3628129959106445,4.539969444274902,-0.9632134437561035,2.289421558380127,2.7384724617004395,-1.9891648292541504,2.5949511528015137,-4.0203375816345215,41.68366241455078,18.905410766601562,13.112893104553223,13.073721885681152,9.411330223083496,10.787100791931152,8.833916664123535,8.71607780456543,8.468236923217773,8.214362144470215,7.383575916290283,7.3004021644592285,7.002165794372559,3594.167236328125,722.3497314453125,0.18523244559764862,0.07679396122694016,0.3876946270465851,0.27966415882110596,129.19921875,7634.35400390625,1066.900390625,3170.8583984375,252.09226989746094,0.1324763000011444,0.03868616372346878,17.685693740844727,4.035539150238037,pop,pop.00086.wav
-47.05376052856445,55.78174591064453,27.61712646484375,19.19342803955078,15.186060905456543,3.1757607460021973,5.627553462982178,1.6121147871017456,4.148367881774902,1.6211522817611694,-1.587005853652954,-3.0055181980133057,-7.636995315551758,43.4896354675293,26.670452117919922,20.826622009277344,15.309707641601562,10.529546737670898,12.735674858093262,9.428787231445312,9.980810165405273,9.339195251464844,7.771651744842529,8.65607738494873,6.780392169952393,8.34130573272705,3587.47216796875,972.5589599609375,0.1464783251285553,0.0883646309375763,0.3523111045360565,0.30007851123809814,103.359375,7947.001953125,1286.1109619140625,3336.227783203125,331.31787109375,0.1909152865409851,0.04674719646573067,18.634841918945312,4.661282539367676,pop,pop.00087.wav
-42.68938064575195,54.88202667236328,17.061819076538086,19.764541625976562,6.852839946746826,2.7781906127929688,11.820236206054688,1.2058558464050293,7.93871545791626,1.1382529735565186,-4.071281433105469,0.13736186921596527,-4.236570835113525,89.41024780273438,33.37063980102539,21.087587356567383,18.309032440185547,13.992018699645996,16.060579299926758,12.533037185668945,11.107810974121094,9.697848320007324,9.847017288208008,8.409516334533691,7.934170246124268,8.378362655639648,3510.928466796875,1150.7061767578125,0.1720340996980667,0.1055784672498703,0.43150874972343445,0.2980633080005646,99.38401794433594,7257.39794921875,1946.943359375,3148.809814453125,419.0641784667969,0.23498305678367615,0.130036860704422,16.989826202392578,4.60729455947876,pop,pop.00088.wav
-47.68193435668945,55.53718948364258,19.178861618041992,24.482961654663086,4.039877414703369,1.5440773963928223,6.966500759124756,-1.046118140220642,3.0828685760498047,1.795280933380127,-3.03511905670166,1.9345393180847168,-4.678551197052002,89.36140441894531,34.97943115234375,25.197612762451172,18.010709762573242,12.87684440612793,16.720033645629883,12.44990348815918,11.182172775268555,10.994794845581055,9.158175468444824,9.95802116394043,9.15562629699707,9.051362037658691,3401.233642578125,1119.578857421875,0.16573822498321533,0.0989164337515831,0.4371242821216583,0.2942993938922882,99.38401794433594,7052.66552734375,1969.8201904296875,3070.35888671875,464.277587890625,0.2205497771501541,0.10774678736925125,17.6356258392334,4.904294967651367,pop,pop.00089.wav
-44.72324752807617,55.059226989746094,27.137182235717773,19.502979278564453,14.696993827819824,3.204047441482544,5.509529113769531,1.4237080812454224,4.496978759765625,1.3679072856903076,-1.6663117408752441,-3.534416913986206,-7.9148335456848145,43.74986267089844,26.195844650268555,20.935964584350586,15.078904151916504,10.796006202697754,12.818872451782227,9.48042106628418,9.94526195526123,9.272295951843262,7.711553573608398,8.648557662963867,6.737419128417969,8.311955451965332,3603.429443359375,967.9418334960938,0.14755995571613312,0.08846919238567352,0.3531476557254791,0.2996053993701935,103.359375,7959.45166015625,1265.7864990234375,3334.00830078125,332.59600830078125,0.19408726692199707,0.04728341102600098,18.96957015991211,5.090351104736328,pop,pop.00090.wav
-8.406137466430664,42.00487518310547,8.297647476196289,17.972023010253906,14.039091110229492,7.345696926116943,5.725320339202881,-1.8997344970703125,4.603677272796631,2.0709261894226074,-1.0726747512817383,-0.6631825566291809,-2.4345152378082275,55.24052810668945,21.486536026000977,24.456010818481445,18.168731689453125,14.955220222473145,15.054895401000977,12.853076934814453,10.243962287902832,10.02885913848877,8.303540229797363,8.09694766998291,8.040436744689941,7.295742988586426,3696.287841796875,877.7518920898438,0.16683006286621094,0.09941434115171432,0.4245191514492035,0.3094058036804199,117.4538345336914,7871.15234375,1240.951416015625,3246.7177734375,348.7008361816406,0.26530829071998596,0.09270405769348145,17.390460968017578,4.537304878234863,pop,pop.00091.wav
-25.935338973999023,60.87203598022461,6.071952819824219,17.71719741821289,5.132509708404541,10.431290626525879,2.450117349624634,4.924422264099121,8.108928680419922,3.8508591651916504,-0.18614740669727325,7.252810478210449,4.946840286254883,56.464515686035156,27.549793243408203,26.0933895111084,15.169331550598145,13.374207496643066,11.371493339538574,10.69318675994873,10.019925117492676,9.873549461364746,10.295499801635742,8.754676818847656,7.930067539215088,9.276280403137207,3271.245849609375,931.6883544921875,0.14535890519618988,0.07793121784925461,0.4873383641242981,0.29075467586517334,107.666015625,6883.50830078125,1696.040771484375,2989.851318359375,473.34808349609375,0.22711193561553955,0.09121059626340866,17.457006454467773,4.7431817054748535,pop,pop.00092.wav
-20.228376388549805,57.7734489440918,16.77764892578125,18.24957847595215,8.958151817321777,14.899964332580566,2.66963529586792,3.752622127532959,1.1145035028457642,1.8456718921661377,-5.980837821960449,-3.6137545108795166,-3.6554596424102783,35.74537658691406,19.20936393737793,18.44624900817871,11.943984985351562,10.37533187866211,11.671761512756348,8.960855484008789,8.824468612670898,8.549851417541504,7.432008266448975,6.996672630310059,6.843764305114746,7.0848164558410645,3258.866455078125,626.4220581054688,0.13166247308254242,0.05899813026189804,0.4152349829673767,0.29795631766319275,135.99917602539062,7268.87255859375,975.63427734375,3144.22802734375,262.2436828613281,0.24578635394573212,0.0866069421172142,18.129587173461914,4.908761978149414,pop,pop.00093.wav
-42.26880645751953,82.17974853515625,-2.2469732761383057,19.916231155395508,13.862177848815918,0.8657801151275635,7.920979976654053,-0.7182551026344299,6.87735652923584,-1.9071584939956665,-4.687560081481934,-3.164194107055664,-2.9416701793670654,52.37480163574219,29.913650512695312,19.6771183013916,13.866059303283691,10.965287208557129,13.30778980255127,10.476832389831543,9.502273559570312,8.06404972076416,9.043771743774414,7.833616733551025,7.902188301086426,8.137539863586426,2806.4326171875,899.7542114257812,0.12854835391044617,0.05924753099679947,0.3330983817577362,0.29336103796958923,151.99908447265625,6102.42138671875,2024.3275146484375,2857.7880859375,527.9872436523438,0.19856701791286469,0.08376726508140564,19.294992446899414,4.461129665374756,pop,pop.00094.wav
-36.62918472290039,73.09261322021484,39.12303924560547,20.328523635864258,12.493546485900879,2.1519129276275635,11.737692832946777,-2.432415008544922,6.64672327041626,3.182790994644165,-5.380570888519287,-3.149369239807129,-5.775080680847168,56.40973663330078,29.32013511657715,22.160991668701172,18.229740142822266,13.007393836975098,13.456992149353027,11.03001880645752,11.196684837341309,11.27093505859375,8.791182518005371,9.318605422973633,8.800877571105957,8.362703323364258,3046.1865234375,985.8320922851562,0.10639353841543198,0.06583206355571747,0.3657050132751465,0.29872843623161316,103.359375,7384.4384765625,1879.1763916015625,3306.4150390625,443.1230773925781,0.303727388381958,0.09865164011716843,18.731836318969727,4.7695488929748535,pop,pop.00095.wav
-59.098690032958984,60.998294830322266,27.750640869140625,23.867935180664062,12.298356056213379,7.372222423553467,12.321167945861816,7.1516923904418945,13.415489196777344,2.485732078552246,-1.967411756515503,-2.414119005203247,-4.519556045532227,58.972076416015625,30.391305923461914,24.983076095581055,18.90724754333496,13.260621070861816,12.96072769165039,10.157805442810059,11.357309341430664,9.142634391784668,8.392098426818848,8.79513931274414,8.036195755004883,10.012953758239746,3126.393798828125,1137.98876953125,0.10534554719924927,0.06440893560647964,0.340004026889801,0.30900922417640686,92.28515625,6931.1162109375,1956.0611572265625,3162.681640625,447.0133972167969,0.2511536777019501,0.069996677339077,19.938135147094727,5.252168655395508,pop,pop.00096.wav
-125.53952026367188,51.196956634521484,38.51710510253906,14.49169635772705,16.2325382232666,4.642958164215088,12.308260917663574,1.1730316877365112,1.724549651145935,9.770825386047363,-2.822416305541992,2.078929901123047,0.8530097007751465,73.49761962890625,34.00556182861328,33.58127975463867,22.169940948486328,16.512142181396484,14.833392143249512,14.794329643249512,13.259659767150879,9.407231330871582,10.808727264404297,9.272698402404785,9.139955520629883,8.270904541015625,3510.042236328125,1511.76611328125,0.1372482180595398,0.1416657567024231,0.4669703245162964,0.30232343077659607,99.38401794433594,7587.4375,2068.593994140625,3310.2783203125,421.39312744140625,0.20417360961437225,0.14006829261779785,17.520944595336914,4.507809162139893,pop,pop.00097.wav
-26.936580657958984,46.71036911010742,8.708178520202637,8.604124069213867,6.086184024810791,12.425230026245117,6.958877086639404,2.5068418979644775,1.1593010425567627,7.2573089599609375,-3.1307194232940674,1.2537662982940674,3.838254928588867,66.54706573486328,24.287046432495117,23.49233627319336,19.00336456298828,11.04422378540039,12.22962760925293,12.219382286071777,11.645808219909668,11.426616668701172,9.012417793273926,10.227399826049805,9.49412727355957,10.754308700561523,3634.1064453125,820.1912231445312,0.18310584127902985,0.08811488747596741,0.39934101700782776,0.30842792987823486,117.4538345336914,7534.99609375,1169.8543701171875,3134.28466796875,312.9876708984375,0.21293947100639343,0.07502681016921997,17.987869262695312,4.587499141693115,pop,pop.00098.wav
-119.3464584350586,85.94365692138672,33.886932373046875,9.992517471313477,17.7014102935791,0.5190525650978088,9.565488815307617,-5.299008846282959,4.170094013214111,8.1222505569458,-7.977633476257324,1.5659162998199463,-2.933182716369629,67.55061340332031,26.23935317993164,21.384567260742188,13.475892066955566,11.026412963867188,14.622502326965332,11.424295425415039,13.402917861938477,9.898432731628418,9.893080711364746,10.140719413757324,8.330488204956055,7.6192426681518555,2765.648193359375,916.7969970703125,0.09601491689682007,0.060389962047338486,0.3605327904224396,0.30250877141952515,78.30255889892578,6873.341796875,1970.7459716796875,3222.697265625,417.4324951171875,0.1381460428237915,0.05032879859209061,19.091999053955078,4.613152980804443,pop,pop.00099.wav
-159.4761962890625,104.84811401367188,-10.300141334533691,34.65602493286133,-4.9666266441345215,26.805261611938477,-21.953397750854492,23.45207977294922,-14.029751777648926,19.586172103881836,-8.298797607421875,9.717497825622559,-10.065849304199219,57.44623947143555,19.543415069580078,22.167003631591797,16.80227279663086,12.636354446411133,11.36610221862793,11.649113655090332,10.26708984375,9.367115020751953,10.263371467590332,9.917136192321777,10.637544631958008,9.81188678741455,2133.43701171875,525.842041015625,0.09781081974506378,0.03579467907547951,0.32887840270996094,0.30040618777275085,123.046875,4801.82080078125,1383.3045654296875,2289.92431640625,361.7707214355469,0.09414240717887878,0.04209568351507187,23.4010066986084,8.718658447265625,reggae,reggae.00000.wav
-190.9176483154297,127.40975952148438,-3.763439416885376,26.714160919189453,-12.804948806762695,23.936830520629883,-8.225953102111816,9.973004341125488,-12.233067512512207,13.443711280822754,-7.079031944274902,1.6518702507019043,-14.517786979675293,54.28944396972656,27.926025390625,20.739234924316406,11.384340286254883,11.202204704284668,8.805426597595215,9.735060691833496,10.677637100219727,8.942631721496582,8.892956733703613,8.735716819763184,7.987151622772217,7.533698081970215,1638.9674072265625,639.85546875,0.0639614388346672,0.03683509677648544,0.3490114212036133,0.29704517126083374,151.99908447265625,3575.11181640625,1645.9205322265625,1995.4036865234375,462.4435119628906,0.08202815800905228,0.040169693529605865,22.18520736694336,8.03515338897705,reggae,reggae.00001.wav
-189.03758239746094,110.84746551513672,2.95247220993042,48.38526916503906,-6.414886474609375,20.739728927612305,-12.55073070526123,15.891010284423828,-13.612208366394043,9.429014205932617,-8.036865234375,8.0992431640625,-10.633535385131836,79.61468505859375,26.816530227661133,25.145854949951172,17.913007736206055,13.849787712097168,15.606925964355469,12.9899263381958,11.889963150024414,11.4205904006958,11.249465942382812,9.365615844726562,9.451798439025879,10.105441093444824,1797.2984619140625,653.6927490234375,0.0751265287399292,0.04207189381122589,0.378512978553772,0.3037611246109009,103.359375,3926.451171875,1600.9166259765625,2103.07958984375,390.80072021484375,0.09248043596744537,0.04284489154815674,21.565448760986328,8.795500755310059,reggae,reggae.00002.wav
-201.14634704589844,104.1486587524414,-15.473288536071777,30.80438232421875,14.252315521240234,31.42222023010254,-7.867556571960449,17.963144302368164,-4.0559983253479,16.94393539428711,-11.217153549194336,12.121105194091797,-5.287185192108154,73.91918182373047,33.578948974609375,27.6346378326416,17.73638153076172,17.3061466217041,14.770943641662598,15.00635051727295,13.770471572875977,10.724529266357422,10.016441345214844,10.195488929748535,9.70180892944336,9.615592002868652,1924.062744140625,830.2872924804688,0.08493448048830032,0.0634700283408165,0.3913434147834778,0.30600830912590027,143.5546875,4154.8916015625,1950.3443603515625,2107.849853515625,551.662841796875,0.09416088461875916,0.04642554000020027,23.0903377532959,8.179879188537598,reggae,reggae.00003.wav
-175.64170837402344,104.89667510986328,-15.691055297851562,27.549057006835938,-8.112590789794922,24.01068115234375,-10.33552360534668,18.850736618041992,-8.387436866760254,11.847503662109375,-7.593305587768555,12.554908752441406,-6.044675827026367,83.98261260986328,29.60338020324707,23.650697708129883,19.392005920410156,15.620262145996094,14.102789878845215,16.009117126464844,13.679450035095215,13.580802917480469,12.620140075683594,11.604511260986328,11.233837127685547,9.770432472229004,2009.376708984375,701.2091064453125,0.08446849882602692,0.04918898269534111,0.40186625719070435,0.3050031363964081,123.046875,4303.54052734375,1550.6837158203125,2140.909912109375,423.9681396484375,0.10106945037841797,0.05232610926032066,22.36049461364746,8.26125431060791,reggae,reggae.00004.wav
-176.69528198242188,116.83857727050781,-21.323230743408203,38.7664909362793,-5.471619129180908,26.622394561767578,-8.185519218444824,15.7808837890625,-10.489777565002441,11.041742324829102,-10.061266899108887,9.915603637695312,-3.2601382732391357,73.52381134033203,28.460298538208008,23.11674690246582,15.649288177490234,18.87706184387207,13.599817276000977,13.675995826721191,10.237658500671387,10.568615913391113,10.877320289611816,9.144530296325684,9.204191207885742,9.336796760559082,1798.6539306640625,628.496337890625,0.07305095344781876,0.04155343025922775,0.36461248993873596,0.3063144385814667,161.4990234375,3797.01025390625,1407.3668212890625,1964.0250244140625,398.68182373046875,0.10033389925956726,0.05001441761851311,22.243661880493164,8.437984466552734,reggae,reggae.00005.wav
-207.34693908691406,134.6690673828125,-9.072052955627441,38.46156692504883,6.294405460357666,22.612716674804688,-8.29777717590332,16.307374954223633,-8.460723876953125,4.160749435424805,-4.351009368896484,6.347874164581299,-6.902564525604248,71.95503997802734,33.26326370239258,26.91780662536621,20.662736892700195,19.954849243164062,13.584485054016113,17.714527130126953,12.317659378051758,11.017836570739746,11.835187911987305,10.53474235534668,9.608550071716309,9.36423110961914,1418.28076171875,739.0556640625,0.06082238256931305,0.05101173371076584,0.3424329161643982,0.30341002345085144,75.99954223632812,2881.06591796875,1614.9481201171875,1704.942626953125,496.737060546875,0.10510128736495972,0.05081724375486374,22.467927932739258,7.813539028167725,reggae,reggae.00006.wav
-192.26953125,116.49671173095703,-10.948331832885742,29.89508056640625,-0.6437028050422668,21.41599464416504,-11.890398025512695,18.631174087524414,-13.07237434387207,14.453672409057617,-7.383002281188965,4.824287414550781,-2.8118996620178223,70.89920043945312,25.799955368041992,26.94211196899414,20.42806625366211,18.55174446105957,11.947805404663086,20.07054901123047,12.477191925048828,12.627945899963379,12.103233337402344,11.798381805419922,10.385795593261719,10.729825973510742,1754.296875,676.2418823242188,0.07391149550676346,0.04473050683736801,0.3859999477863312,0.30278629064559937,151.99908447265625,3769.018798828125,1710.61669921875,2026.157958984375,459.2464294433594,0.0905776098370552,0.03905056044459343,22.621049880981445,8.172879219055176,reggae,reggae.00007.wav
-194.59451293945312,118.5517349243164,-6.407085418701172,40.793235778808594,-3.289793014526367,25.464677810668945,-9.30526351928711,11.397987365722656,-6.148848533630371,15.341208457946777,-5.1579060554504395,5.756854057312012,-6.2863240242004395,76.89493560791016,33.720741271972656,24.33143424987793,22.47486114501953,17.969364166259766,12.328011512756348,15.336752891540527,12.792351722717285,14.186338424682617,11.301658630371094,10.271880149841309,9.137057304382324,10.233524322509766,1691.991943359375,706.591064453125,0.06947274506092072,0.04596897214651108,0.3687390983104706,0.30845096707344055,95.703125,3657.736328125,1639.8896484375,1963.68701171875,459.8022155761719,0.10185106098651886,0.04788769781589508,22.918521881103516,7.81785249710083,reggae,reggae.00008.wav
-232.593017578125,131.2395477294922,2.662842273712158,18.392391204833984,11.315526962280273,22.940380096435547,-10.487954139709473,16.763713836669922,-15.250353813171387,15.543020248413086,-8.380157470703125,8.02341365814209,-3.7811055183410645,80.03518676757812,36.60907745361328,24.731565475463867,17.375713348388672,17.569610595703125,15.980234146118164,16.420719146728516,12.785229682922363,13.114859580993652,11.666890144348145,11.534479141235352,9.968342781066895,9.918808937072754,1609.755859375,1026.2325439453125,0.060575976967811584,0.04951183870434761,0.3829874098300934,0.31237685680389404,161.4990234375,3270.7802734375,2218.095947265625,1990.2806396484375,617.3379516601562,0.08663682639598846,0.04325848072767258,22.027816772460938,7.856672763824463,reggae,reggae.00009.wav
-233.6129608154297,87.49832916259766,-22.208412170410156,52.04625701904297,-8.596837043762207,24.979408264160156,-18.240001678466797,1.8987337350845337,-9.137019157409668,-0.22734659910202026,-17.065608978271484,-3.0177414417266846,-9.790682792663574,70.68213653564453,30.409543991088867,20.113588333129883,18.571430206298828,20.343320846557617,10.129725456237793,18.13848114013672,10.661789894104004,10.457408905029297,9.238911628723145,10.102763175964355,9.281794548034668,9.307132720947266,2149.77490234375,836.3917236328125,0.10279038548469543,0.07014406472444534,0.29494279623031616,0.30405673384666443,117.4538345336914,4427.873046875,1373.1195068359375,2037.01318359375,361.37725830078125,0.06166275218129158,0.04198453575372696,25.35932159423828,7.032930374145508,reggae,reggae.00010.wav
-198.63279724121094,102.41358184814453,-10.031448364257812,30.802383422851562,-3.310605764389038,20.27692413330078,-5.637373447418213,28.095630645751953,-11.512123107910156,18.20206642150879,-7.365782260894775,12.278468132019043,-4.360509395599365,69.82244873046875,22.857038497924805,25.073043823242188,17.655515670776367,15.686372756958008,12.100144386291504,12.11655330657959,10.646368980407715,9.615288734436035,9.288544654846191,8.801789283752441,8.849416732788086,8.292119026184082,1995.6004638671875,545.0741577148438,0.07032270729541779,0.03830244764685631,0.41850125789642334,0.31280648708343506,123.046875,4557.697265625,1409.7379150390625,2295.46630859375,361.2644958496094,0.0784122422337532,0.0426761619746685,21.412199020385742,8.258990287780762,reggae,reggae.00011.wav
-191.17173767089844,96.34012603759766,-17.656991958618164,24.872455596923828,-0.8780680298805237,26.344680786132812,-12.918913841247559,19.642457962036133,-9.785496711730957,16.9770565032959,-8.600343704223633,11.421409606933594,-8.215002059936523,72.85302734375,31.431581497192383,26.02090835571289,21.617496490478516,19.00954818725586,15.704109191894531,16.971542358398438,14.812453269958496,11.563430786132812,10.326154708862305,10.64511775970459,9.675589561462402,9.649078369140625,2300.052978515625,952.2550048828125,0.11379522830247879,0.0884002223610878,0.4273662567138672,0.2976318299770355,129.19921875,4920.02001953125,1835.96826171875,2303.614990234375,485.2967224121094,0.07557864487171173,0.04256827384233475,21.5067138671875,8.737741470336914,reggae,reggae.00012.wav
-206.4923553466797,122.64485931396484,-0.6156088709831238,29.371662139892578,10.252774238586426,28.223461151123047,-9.92139720916748,13.379462242126465,-8.442612648010254,11.284242630004883,-7.274707317352295,7.082518577575684,-10.333574295043945,80.26113891601562,30.43502426147461,29.327550888061523,16.715024948120117,18.063194274902344,13.845477104187012,15.647546768188477,12.387285232543945,12.137275695800781,14.031378746032715,11.352160453796387,10.277169227600098,10.783050537109375,1606.5601806640625,794.607421875,0.0705411434173584,0.059297025203704834,0.3621758818626404,0.3122365474700928,123.046875,3432.80419921875,1942.4049072265625,1974.197998046875,551.7224731445312,0.11165975779294968,0.05102162808179855,22.505956649780273,8.341924667358398,reggae,reggae.00013.wav
-209.72825622558594,105.23511505126953,2.5971052646636963,34.90690994262695,15.330764770507812,25.211894989013672,-6.054940700531006,18.222579956054688,-5.076517105102539,8.924583435058594,-0.9967100620269775,8.245265007019043,-4.022233963012695,81.99922943115234,36.137237548828125,28.509645462036133,20.10396385192871,18.703449249267578,13.57032299041748,17.106847763061523,14.683525085449219,14.453990936279297,11.243632316589355,11.15799331665039,9.520320892333984,9.844048500061035,1716.1116943359375,959.4240112304688,0.06411563605070114,0.058220721781253815,0.3949899971485138,0.306508868932724,129.19921875,3791.19384765625,2176.192626953125,2062.76318359375,598.7867431640625,0.11409615725278854,0.06342325359582901,21.538663864135742,7.603033065795898,reggae,reggae.00014.wav
-157.72598266601562,109.83527374267578,8.463047981262207,41.79172134399414,5.113607883453369,25.760814666748047,-12.964588165283203,22.06696128845215,-15.514671325683594,14.3726806640625,-11.921098709106445,11.6021146774292,-10.626171112060547,62.13489532470703,29.06319236755371,22.807374954223633,16.599201202392578,14.199529647827148,13.919641494750977,13.700432777404785,11.06113338470459,11.176077842712402,11.576602935791016,8.917393684387207,9.246171951293945,8.549433708190918,1923.7122802734375,814.65380859375,0.06821916252374649,0.04309297353029251,0.35863691568374634,0.3077426552772522,129.19921875,4493.748046875,1965.4737548828125,2314.448974609375,521.7021484375,0.13193196058273315,0.054587628692388535,21.528528213500977,8.74191665649414,reggae,reggae.00015.wav
-76.04832458496094,101.1271743774414,-11.631933212280273,46.23291778564453,-11.216928482055664,31.394113540649414,-9.462058067321777,22.460752487182617,-16.815595626831055,15.975831985473633,-9.508243560791016,11.81232738494873,-7.845017433166504,61.58922576904297,17.499202728271484,20.72220230102539,11.66918659210205,8.7923002243042,8.702265739440918,9.219526290893555,7.420934200286865,7.500181198120117,7.871674060821533,7.331257343292236,7.2296576499938965,6.808554172515869,2118.325927734375,474.5591735839844,0.0792708769440651,0.03588569536805153,0.4195210337638855,0.28427067399024963,143.5546875,4852.27880859375,1043.052001953125,2302.8564453125,286.5471496582031,0.1855965256690979,0.048732299357652664,21.744953155517578,9.21755599975586,reggae,reggae.00016.wav
-154.8780975341797,110.04191589355469,-18.444854736328125,36.64433288574219,0.523158609867096,31.58628273010254,-10.428807258605957,18.810909271240234,-7.182783603668213,13.130121231079102,-5.2511677742004395,8.89039421081543,-6.71835994720459,68.32787322998047,37.38716506958008,24.625886917114258,18.527454376220703,20.655126571655273,13.735361099243164,17.95487403869629,11.662639617919922,14.965903282165527,11.5958251953125,11.365354537963867,9.416306495666504,10.9931640625,1803.566162109375,812.0345458984375,0.0779651403427124,0.059595707803964615,0.4259521961212158,0.30311959981918335,129.19921875,3777.985595703125,1621.5185546875,1972.8009033203125,449.0341796875,0.13965924084186554,0.059971727430820465,21.66472625732422,8.36479663848877,reggae,reggae.00017.wav
-170.92190551757812,107.74945831298828,-1.754551887512207,46.44015884399414,-0.19604657590389252,24.946035385131836,-10.681297302246094,18.073284149169922,-10.796637535095215,11.152105331420898,-7.2524518966674805,6.203108310699463,-6.464095592498779,71.68163299560547,31.161775588989258,23.326740264892578,15.133687973022461,18.56515884399414,13.678574562072754,14.136490821838379,10.93679428100586,12.87254524230957,10.599048614501953,10.825947761535645,9.590995788574219,9.92098617553711,1907.3818359375,868.306640625,0.0773986279964447,0.05845871567726135,0.394586443901062,0.3009425699710846,151.99908447265625,4220.23291015625,1906.1298828125,2124.38671875,503.6021728515625,0.10636913776397705,0.051863450556993484,20.08860969543457,8.687883377075195,reggae,reggae.00018.wav
-184.5159454345703,106.18036651611328,4.0202484130859375,38.73769760131836,8.40831470489502,30.459331512451172,-3.355588436126709,20.299545288085938,-1.551379919052124,15.9221773147583,-6.521013259887695,13.197271347045898,-1.7158337831497192,92.13807678222656,34.655521392822266,28.459991455078125,16.612594604492188,23.556367874145508,12.368803977966309,19.4785099029541,11.401658058166504,12.894392967224121,9.799732208251953,10.174271583557129,9.387105941772461,10.346053123474121,1754.5284423828125,955.9632568359375,0.07129926979541779,0.06445115804672241,0.39388507604599,0.3183292746543884,143.5546875,3841.8935546875,2114.44482421875,2068.6259765625,582.5606689453125,0.1387546807527542,0.06816056370735168,22.07390594482422,8.369616508483887,reggae,reggae.00019.wav
-177.68386840820312,113.61753845214844,2.316892147064209,35.84281539916992,1.594757318496704,34.69797897338867,-8.755849838256836,16.29605484008789,-9.335260391235352,14.175699234008789,-2.073439598083496,13.142420768737793,-7.247561454772949,77.68804931640625,28.76833724975586,22.294519424438477,18.348346710205078,16.16912841796875,12.357512474060059,16.22173309326172,12.963264465332031,13.417856216430664,11.198151588439941,12.284768104553223,11.467373847961426,11.327325820922852,1637.9263916015625,758.2777099609375,0.056780457496643066,0.04789884015917778,0.37093377113342285,0.30808719992637634,129.19921875,3596.253173828125,1820.6051025390625,2045.9356689453125,457.30523681640625,0.13927479088306427,0.05313524976372719,22.1212100982666,8.134298324584961,reggae,reggae.00020.wav
-88.09089660644531,109.4167251586914,-25.173023223876953,40.403038024902344,-8.781224250793457,24.70951271057129,-11.537566184997559,18.49916648864746,-8.295320510864258,17.030210494995117,-8.444005966186523,9.802780151367188,-12.90077018737793,38.995277404785156,21.043737411499023,17.716432571411133,12.394756317138672,11.640758514404297,12.198534965515137,12.17241382598877,8.767510414123535,8.941944122314453,7.984632968902588,8.625373840332031,7.0861711502075195,7.344080448150635,2007.3726806640625,524.6149291992188,0.09286753833293915,0.03990282490849495,0.3900379538536072,0.29417404532432556,151.99908447265625,4324.61572265625,1137.4100341796875,2120.53515625,317.85565185546875,0.15503212809562683,0.062519371509552,20.207304000854492,9.088141441345215,reggae,reggae.00021.wav
-91.33976745605469,98.83060455322266,-23.198654174804688,46.87973403930664,-6.8574090003967285,29.266338348388672,-9.967306137084961,25.659387588500977,-10.211893081665039,19.611228942871094,-8.218379974365234,13.4072265625,-6.49976110458374,55.248653411865234,21.6927433013916,18.170856475830078,15.179001808166504,10.567938804626465,11.150140762329102,10.72127628326416,8.621002197265625,8.46217155456543,9.588784217834473,8.559430122375488,7.144589424133301,8.151049613952637,2059.35888671875,493.2566833496094,0.07234234362840652,0.03569558635354042,0.4554273784160614,0.29666224122047424,151.99908447265625,4552.97265625,1119.49609375,2227.06640625,312.87176513671875,0.182183176279068,0.046521153301000595,21.179391860961914,9.205491065979004,reggae,reggae.00022.wav
-161.81602478027344,78.71281433105469,-19.275562286376953,55.1133918762207,13.201412200927734,30.957822799682617,-7.024675369262695,24.269943237304688,-12.833857536315918,21.512704849243164,-13.528580665588379,12.77205753326416,-7.446732521057129,70.0731201171875,30.722244262695312,19.571104049682617,16.01389503479004,14.47684383392334,12.230000495910645,13.301794052124023,9.997947692871094,11.920068740844727,11.155529975891113,8.951412200927734,7.875665664672852,8.223127365112305,2354.27099609375,859.5887451171875,0.12029027938842773,0.09112250059843063,0.42847755551338196,0.2986924946308136,129.19921875,5048.4111328125,1601.6671142578125,2335.85791015625,366.9946594238281,0.10780409723520279,0.05244870111346245,21.0623779296875,8.945857048034668,reggae,reggae.00023.wav
-169.24366760253906,110.44771575927734,-8.553956985473633,43.8986930847168,0.26645392179489136,26.64651107788086,-14.365674018859863,13.026835441589355,-11.14289665222168,8.14470100402832,-7.690255641937256,10.9099702835083,-8.17238712310791,76.76116180419922,34.87289810180664,22.23798942565918,18.108243942260742,15.6741943359375,11.998334884643555,16.124858856201172,11.390905380249023,12.906303405761719,10.958412170410156,10.152737617492676,8.841719627380371,9.60209846496582,1811.3582763671875,810.1450805664062,0.07217756658792496,0.05171072855591774,0.3486715257167816,0.3124586045742035,135.99917602539062,3854.901611328125,1697.963134765625,2019.252685546875,442.32342529296875,0.12365177273750305,0.05308030545711517,22.132184982299805,8.192333221435547,reggae,reggae.00024.wav
-177.34091186523438,110.98352813720703,-15.655527114868164,36.77762985229492,0.061218827962875366,24.468961715698242,-3.7678868770599365,18.42662239074707,-3.3727521896362305,13.775833129882812,-2.107057809829712,8.593648910522461,-5.945119857788086,90.30091857910156,31.679882049560547,31.575393676757812,17.347267150878906,19.046709060668945,13.633293151855469,16.286720275878906,13.589874267578125,14.338095664978027,10.315823554992676,9.607917785644531,9.754894256591797,10.273201942443848,1709.035400390625,774.644775390625,0.07374974340200424,0.05129962041974068,0.362489253282547,0.3097802400588989,123.046875,3582.78662109375,1760.6668701171875,1899.219970703125,521.566162109375,0.12678320705890656,0.05457450821995735,22.222909927368164,7.7586188316345215,reggae,reggae.00025.wav
-171.674560546875,99.35704040527344,-8.266291618347168,49.60402297973633,1.087764024734497,31.122861862182617,-7.134890556335449,15.888199806213379,-1.3654099702835083,12.733199119567871,-5.199899673461914,11.809978485107422,-5.325465679168701,85.86494445800781,30.394485473632812,25.43639373779297,19.854372024536133,19.576780319213867,13.568796157836914,14.917633056640625,11.70641803741455,13.52197551727295,12.246623039245605,11.084176063537598,10.322797775268555,10.080655097961426,1840.805419921875,771.2713623046875,0.07455850392580032,0.04776217043399811,0.40271538496017456,0.3123190402984619,135.99917602539062,4007.083984375,1725.73876953125,2054.36279296875,479.49847412109375,0.13427872955799103,0.05919807404279709,22.047189712524414,8.245576858520508,reggae,reggae.00026.wav
-177.61338806152344,89.95230102539062,4.605282783508301,40.16278839111328,0.16708137094974518,23.18253517150879,-9.905035018920898,12.76270866394043,-7.30821418762207,18.73248291015625,-5.735256195068359,6.114346027374268,-9.921317100524902,83.23368072509766,31.853120803833008,27.25537872314453,23.161760330200195,17.697309494018555,13.971966743469238,15.250513076782227,12.19741153717041,11.94035816192627,11.527487754821777,11.320279121398926,10.835124969482422,10.134181022644043,2086.531494140625,911.3283081054688,0.08737815916538239,0.07514190673828125,0.403734028339386,0.31617727875709534,135.99917602539062,4678.9716796875,1889.7225341796875,2317.96044921875,492.2989501953125,0.12768055498600006,0.07165392488241196,21.193700790405273,8.434569358825684,reggae,reggae.00027.wav
-256.3182678222656,104.26258087158203,-7.273194789886475,56.24643325805664,11.09731674194336,27.300397872924805,5.819084167480469,17.78363609313965,-1.2736736536026,14.663481712341309,-3.464660167694092,10.8682279586792,-2.4614920616149902,95.21336364746094,34.32308578491211,31.356794357299805,16.119909286499023,26.190109252929688,13.682034492492676,13.378209114074707,9.835362434387207,10.44487190246582,9.394566535949707,8.645386695861816,7.240447998046875,8.176448822021484,1640.048583984375,891.7748413085938,0.06783783435821533,0.06378220021724701,0.48730456829071045,0.29219692945480347,78.30255889892578,3494.970458984375,1770.003173828125,1906.2950439453125,470.143798828125,0.07285960763692856,0.0419660247862339,20.922103881835938,7.944241046905518,reggae,reggae.00028.wav
-202.02220153808594,111.09486389160156,8.87687873840332,51.826438903808594,1.2931866645812988,30.04319190979004,-4.508890151977539,22.452714920043945,-7.146486759185791,11.500770568847656,-4.760858058929443,10.600747108459473,-2.6392035484313965,77.64641571044922,20.075878143310547,31.031076431274414,11.55514907836914,14.108055114746094,10.029157638549805,10.216959953308105,9.8132905960083,8.512899398803711,9.718663215637207,7.732481956481934,7.853679180145264,7.119983673095703,1585.601318359375,543.0890502929688,0.043678876012563705,0.02332330122590065,0.4289092719554901,0.29789453744888306,151.99908447265625,3736.244140625,1495.73974609375,2126.96484375,365.83831787109375,0.10383700579404831,0.042810048907995224,20.912580490112305,9.020785331726074,reggae,reggae.00029.wav
-239.17884826660156,98.96217346191406,19.201751708984375,50.79389953613281,2.838991165161133,32.244686126708984,-1.5015263557434082,16.732337951660156,-7.452125072479248,16.716909408569336,1.497063159942627,16.056482315063477,2.802704095840454,88.48330688476562,34.77266311645508,30.97385025024414,18.19523048400879,21.69629669189453,11.189356803894043,15.047698974609375,8.713418960571289,9.3753023147583,10.343148231506348,7.503562927246094,9.456324577331543,8.548117637634277,1814.198974609375,945.0558471679688,0.0704784095287323,0.06953823566436768,0.4876407980918884,0.2896890938282013,75.99954223632812,4068.2587890625,2164.708251953125,2187.883056640625,538.816650390625,0.08051517605781555,0.03692645579576492,20.76519012451172,8.650158882141113,reggae,reggae.00030.wav
-226.4188232421875,103.35993194580078,0.1665022075176239,43.97385787963867,10.650589942932129,35.2100715637207,8.444857597351074,21.14563751220703,-3.2926626205444336,15.537871360778809,-3.0108566284179688,11.102892875671387,1.7772819995880127,92.42017364501953,25.574260711669922,31.469831466674805,18.803571701049805,22.81344223022461,16.587390899658203,14.03542423248291,10.041272163391113,12.015164375305176,9.791696548461914,9.389944076538086,9.5216064453125,8.013421058654785,1578.979736328125,722.6497802734375,0.05862247198820114,0.04012581333518028,0.4904192388057709,0.2880154550075531,161.4990234375,3540.9453125,1815.777099609375,2022.44384765625,508.3853454589844,0.09199360013008118,0.04321678727865219,21.910560607910156,7.8831400871276855,reggae,reggae.00031.wav
-243.80943298339844,123.34759521484375,-15.570890426635742,38.88397216796875,6.487192153930664,25.511737823486328,3.0363428592681885,17.17544174194336,-0.21269439160823822,8.983331680297852,-2.4875261783599854,6.7616143226623535,-3.453197956085205,69.27429962158203,27.691038131713867,30.91278839111328,22.293615341186523,17.810701370239258,12.782254219055176,11.747681617736816,9.254646301269531,9.3250093460083,9.08253002166748,7.471930027008057,7.735802173614502,7.073690891265869,1510.806640625,576.6243286132812,0.06586392223834991,0.03831987455487251,0.48696228861808777,0.29040566086769104,151.99908447265625,3319.1298828125,1434.66796875,1850.300537109375,471.496337890625,0.06389627605676651,0.03992343693971634,20.455581665039062,7.702905178070068,reggae,reggae.00032.wav
-249.427734375,111.49365234375,11.282425880432129,41.32826614379883,-2.885129928588867,34.55427551269531,0.42364588379859924,22.34600067138672,-9.96639633178711,10.20838451385498,-2.8217613697052,8.728781700134277,-1.4477806091308594,80.3694839477539,28.54595947265625,37.62648010253906,17.404521942138672,17.24058723449707,15.127076148986816,14.44539737701416,10.366449356079102,9.940526008605957,11.559432983398438,7.950320243835449,8.437294960021973,6.583012580871582,1615.903564453125,807.4754028320312,0.05914779007434845,0.06101540848612785,0.44672203063964844,0.29822996258735657,89.10291290283203,3560.14501953125,1944.7813720703125,2062.86767578125,441.9344482421875,0.07420201599597931,0.03653832525014877,21.043127059936523,8.8091402053833,reggae,reggae.00033.wav
-238.86949157714844,132.3236541748047,-0.12489058822393417,41.23384475708008,2.423020124435425,19.093399047851562,7.968852996826172,19.944677352905273,-0.6315844058990479,11.098160743713379,-1.719542145729065,9.940314292907715,3.0247061252593994,76.68228912353516,28.23642349243164,24.079166412353516,15.476981163024902,15.841840744018555,15.50385570526123,14.050263404846191,9.69286823272705,10.102892875671387,11.157658576965332,8.681995391845703,8.544785499572754,8.118110656738281,1291.482421875,688.32763671875,0.04461386427283287,0.02846035547554493,0.47058528661727905,0.297168105840683,184.5703125,2827.566162109375,1726.740234375,1746.298095703125,537.6384887695312,0.08248903602361679,0.04310359060764313,21.231464385986328,7.478377342224121,reggae,reggae.00034.wav
-223.3667755126953,114.21255493164062,-4.424648761749268,40.1878662109375,-5.098537921905518,24.676881790161133,0.7235718965530396,17.04950523376465,-2.365762233734131,11.154623031616211,-3.084627866744995,6.129700660705566,-5.68717622756958,80.1363754272461,26.57589340209961,24.224794387817383,17.52337074279785,17.616836547851562,15.85410213470459,14.475471496582031,11.430975914001465,10.409415245056152,8.699994087219238,8.819904327392578,7.60621452331543,7.188629150390625,1699.83544921875,743.4389038085938,0.06131746619939804,0.04246129095554352,0.45854005217552185,0.29507556557655334,107.666015625,3787.33544921875,1689.0372314453125,2030.717529296875,459.9989929199219,0.0732119157910347,0.04346752539277077,20.451797485351562,8.197293281555176,reggae,reggae.00035.wav
-236.62388610839844,91.68299102783203,1.8581238985061646,45.465084075927734,1.269351601600647,32.25914764404297,9.054457664489746,19.607553482055664,-5.063745498657227,10.957539558410645,-4.013187408447266,7.537910461425781,-0.33258387446403503,74.17494201660156,26.556821823120117,24.623231887817383,13.960929870605469,16.2791805267334,15.106913566589355,17.19964599609375,14.079791069030762,10.57632827758789,12.614964485168457,9.438797950744629,10.103775024414062,10.598706245422363,1811.5147705078125,809.001220703125,0.05923924967646599,0.04496171697974205,0.4345426559448242,0.30601269006729126,86.1328125,4119.283203125,1694.7781982421875,2166.3125,427.1414489746094,0.0799814909696579,0.05635073035955429,22.190717697143555,7.94484806060791,reggae,reggae.00036.wav
-242.55130004882812,98.30878448486328,-3.8207767009735107,46.03242874145508,3.2868471145629883,29.200767517089844,8.863107681274414,26.982606887817383,4.722848415374756,13.119674682617188,-0.6375585198402405,12.055010795593262,3.004189968109131,102.44207763671875,24.34214210510254,28.19310760498047,17.300874710083008,21.580236434936523,13.71679973602295,13.69813346862793,13.510059356689453,11.067315101623535,11.12155818939209,9.887115478515625,9.597829818725586,8.922966957092285,1709.7144775390625,724.1798095703125,0.06328760087490082,0.05206298828125,0.517737627029419,0.2920839786529541,151.99908447265625,3837.66845703125,1664.415771484375,2068.00634765625,437.3025817871094,0.0862402692437172,0.05245516449213028,20.200946807861328,8.116145133972168,reggae,reggae.00037.wav
-240.00929260253906,108.75552368164062,-8.202256202697754,32.19762420654297,-8.816149711608887,18.640666961669922,-4.701401710510254,15.518406867980957,-3.718203544616699,14.536972999572754,-4.792446613311768,6.403633117675781,-2.9500246047973633,91.01213836669922,25.63971519470215,34.21803283691406,15.578716278076172,15.058053016662598,15.542858123779297,14.515226364135742,14.206273078918457,12.333477020263672,14.071290969848633,12.99311351776123,14.155662536621094,11.204139709472656,1701.1031494140625,723.5883178710938,0.06555478274822235,0.05124306306242943,0.37383952736854553,0.3227059543132782,95.703125,3693.84423828125,1680.5257568359375,2000.431396484375,468.76568603515625,0.07575374841690063,0.03767506033182144,22.53174591064453,8.298317909240723,reggae,reggae.00038.wav
-300.35504150390625,99.2526626586914,52.999855041503906,43.22673797607422,18.883024215698242,24.84849739074707,-7.95561408996582,22.17586898803711,1.7826728820800781,24.794260025024414,8.393651008605957,20.713451385498047,2.8040072917938232,109.0774154663086,32.981727600097656,47.119384765625,22.40555191040039,18.40608787536621,14.081854820251465,13.692716598510742,10.47359561920166,8.437956809997559,9.288201332092285,8.915882110595703,8.947892189025879,7.848930835723877,1312.7373046875,735.3695068359375,0.02594957873225212,0.01879142038524151,0.5074148774147034,0.3049966096878052,151.99908447265625,2649.925537109375,2260.614013671875,2137.460205078125,474.04827880859375,0.10385958850383759,0.06112676486372948,21.71253204345703,8.089532852172852,reggae,reggae.00039.wav
-296.0807800292969,93.19380950927734,-31.427438735961914,29.488937377929688,-18.940149307250977,1.9491983652114868,-19.498470306396484,-6.2451171875,-24.019805908203125,-7.098768711090088,-14.191152572631836,3.270881175994873,-10.612778663635254,118.71295928955078,39.59824752807617,25.02300262451172,30.047882080078125,18.865278244018555,18.829309463500977,17.294269561767578,14.427742004394531,11.91253662109375,10.766697883605957,14.556262969970703,14.205061912536621,15.198711395263672,2031.88818359375,919.572509765625,0.10104549676179886,0.0869060754776001,0.3026154935359955,0.30829963088035583,92.28515625,3837.843505859375,1397.650146484375,1850.201904296875,366.38116455078125,0.039068758487701416,0.02996041625738144,21.336483001708984,7.088134765625,reggae,reggae.00040.wav
-177.2906036376953,89.63706970214844,9.614038467407227,65.46782684326172,-1.0167573690414429,15.51467227935791,8.01046085357666,16.342636108398438,0.2679513394832611,2.644517660140991,2.896160364151001,0.6422156691551208,2.5766916275024414,69.7099609375,32.11911392211914,27.02680778503418,17.415164947509766,18.086841583251953,14.934308052062988,11.45020580291748,9.776666641235352,9.452104568481445,10.638876914978027,9.59982967376709,8.142791748046875,8.252395629882812,1931.48974609375,766.9669799804688,0.0590476393699646,0.037672631442546844,0.3736055791378021,0.3032248020172119,143.5546875,4123.18359375,1454.3131103515625,2205.638671875,393.6866149902344,0.11992645263671875,0.031211627647280693,19.731121063232422,4.730802059173584,reggae,reggae.00041.wav
-174.81072998046875,79.29305267333984,-24.33302116394043,17.978055953979492,24.47028350830078,15.726946830749512,7.472576141357422,4.225911617279053,3.9170730113983154,4.806662559509277,2.760657548904419,1.7235027551651,-2.3440122604370117,62.61976623535156,24.764474868774414,27.943687438964844,18.905467987060547,16.14629364013672,11.245223999023438,12.697011947631836,9.882994651794434,9.603582382202148,9.632735252380371,9.256529808044434,8.194046974182129,8.956591606140137,2480.845947265625,827.92041015625,0.10571062564849854,0.05751385539770126,0.43341031670570374,0.2893618047237396,123.046875,5049.41943359375,1926.1644287109375,2521.70947265625,546.0657348632812,0.0712503045797348,0.038430675864219666,18.304397583007812,4.097408294677734,reggae,reggae.00042.wav
-164.68896484375,142.69796752929688,-41.4739875793457,41.2348518371582,16.1884708404541,-5.570958614349365,7.642460823059082,5.620356559753418,0.8028852343559265,-10.477526664733887,-2.348062753677368,-0.4949835538864136,-3.0664114952087402,58.33504867553711,19.435026168823242,18.00067710876465,10.12646770477295,15.657766342163086,11.50295352935791,8.071735382080078,8.52951431274414,7.3834381103515625,8.744705200195312,8.731524467468262,7.421059608459473,7.166475772857666,1484.743408203125,338.4913024902344,0.07602637261152267,0.033675190061330795,0.3347782790660858,0.2921368181705475,151.99908447265625,2775.208251953125,461.93804931640625,1644.313720703125,226.477294921875,0.1106187105178833,0.04219457134604454,19.47890281677246,4.86037015914917,reggae,reggae.00043.wav
-104.24897003173828,83.94451141357422,18.881547927856445,28.945411682128906,10.635660171508789,9.320363998413086,9.311715126037598,6.5240044593811035,3.0084590911865234,2.4963021278381348,2.7950141429901123,-0.2027198225259781,3.101010322570801,61.88535690307617,27.66714096069336,22.2062931060791,16.801437377929688,12.980586051940918,12.766408920288086,12.641864776611328,11.35367202758789,10.211037635803223,10.21290397644043,7.783044815063477,7.517246723175049,6.352802753448486,2454.21533203125,942.1222534179688,0.08757694810628891,0.05058479681611061,0.449276328086853,0.28476768732070923,172.265625,5582.2744140625,1960.4603271484375,2820.883544921875,462.8639221191406,0.1524408608675003,0.05807136744260788,17.55542755126953,4.397083282470703,reggae,reggae.00044.wav
-120.32481384277344,16.383317947387695,25.046579360961914,37.259220123291016,9.280131340026855,13.014446258544922,3.22973370552063,5.967851161956787,4.083349227905273,1.6961601972579956,1.8896632194519043,2.6729698181152344,2.0346593856811523,78.24610137939453,29.566415786743164,32.31177520751953,21.32481575012207,15.007610321044922,11.561944961547852,13.80750846862793,10.017645835876465,10.192133903503418,9.558192253112793,9.931258201599121,8.124801635742188,7.915016174316406,4283.044921875,992.0255737304688,0.22392041981220245,0.09241312742233276,0.4575735926628113,0.28531304001808167,161.4990234375,7926.30224609375,1353.3695068359375,3112.05517578125,377.3497619628906,0.09121400862932205,0.03632581606507301,17.630998611450195,4.204144477844238,reggae,reggae.00045.wav
-169.03961181640625,79.50440979003906,15.242740631103516,42.74113082885742,7.687919616699219,17.028827667236328,-5.982693195343018,0.5410266518592834,0.06319963932037354,-0.9479883909225464,0.8362158536911011,-1.5890545845031738,-2.892287015914917,54.81899642944336,27.208019256591797,20.884248733520508,18.204912185668945,13.303885459899902,10.061046600341797,10.685722351074219,8.344913482666016,8.627484321594238,9.39812183380127,8.889159202575684,7.438712120056152,7.805775165557861,2322.29296875,873.7506103515625,0.08097758889198303,0.05152612924575806,0.3243007957935333,0.31974878907203674,172.265625,5228.02685546875,1749.041748046875,2592.9072265625,474.2057189941406,0.09348248690366745,0.033470869064331055,18.9102725982666,4.631059646606445,reggae,reggae.00046.wav
-140.3178253173828,69.63296508789062,-9.986164093017578,52.16775131225586,3.2691404819488525,4.559302806854248,-3.493863344192505,2.923150062561035,-6.571258068084717,-2.6421220302581787,-1.731411099433899,-6.943737506866455,-5.825411319732666,64.2683334350586,33.091678619384766,25.195995330810547,20.653539657592773,17.876876831054688,12.253495216369629,13.562667846679688,12.522597312927246,12.080330848693848,11.444184303283691,10.011027336120605,9.804570198059082,9.234517097473145,2477.929931640625,789.016357421875,0.11497889459133148,0.07017387449741364,0.3424767553806305,0.3067001700401306,143.5546875,4759.7880859375,1126.815673828125,2309.855224609375,291.3016662597656,0.10929273068904877,0.0461517795920372,19.20157814025879,4.593794345855713,reggae,reggae.00047.wav
-123.73369598388672,66.19564819335938,8.181811332702637,49.75967788696289,8.538769721984863,25.883350372314453,-5.3920440673828125,12.895174980163574,-2.5414347648620605,6.796806335449219,-3.5781755447387695,7.636993885040283,-2.055896043777466,62.23849105834961,31.92557716369629,21.790555953979492,17.158693313598633,15.079885482788086,13.910380363464355,12.888940811157227,9.827478408813477,8.520544052124023,8.954377174377441,8.634355545043945,8.098736763000488,7.373307228088379,2673.271728515625,912.6953735351562,0.11121021211147308,0.07094722241163254,0.3901548683643341,0.30400800704956055,89.10291290283203,5607.916015625,1422.52734375,2550.062744140625,348.9512023925781,0.12016338855028152,0.03935106098651886,19.49587631225586,4.444985866546631,reggae,reggae.00048.wav
-121.49298858642578,89.57814025878906,23.786142349243164,32.76792907714844,8.8570556640625,-2.615966320037842,6.627801418304443,1.7668997049331665,-2.9514718055725098,-3.099351167678833,-0.6974905729293823,-5.429426193237305,-6.5477986335754395,64.1299057006836,27.194068908691406,20.8397274017334,18.303186416625977,11.800644874572754,10.666744232177734,9.014761924743652,7.4137349128723145,7.430819988250732,7.562356948852539,6.67338752746582,6.471570014953613,6.618269443511963,2322.938720703125,746.5233764648438,0.08073911815881729,0.04923545569181442,0.3696117699146271,0.2962331771850586,95.703125,5452.1337890625,1851.0909423828125,2804.179931640625,517.9613647460938,0.1328657567501068,0.04721131548285484,18.744964599609375,4.603189945220947,reggae,reggae.00049.wav
-104.88101959228516,66.38381958007812,-2.305335760116577,24.606273651123047,8.414865493774414,6.770360946655273,1.6772854328155518,5.181164264678955,1.0552061796188354,2.198810338973999,2.9562768936157227,4.582302570343018,4.2084527015686035,73.28288269042969,43.84635543823242,20.87590789794922,18.17428970336914,13.672073364257812,14.103067398071289,13.20076847076416,12.57532024383545,11.90776252746582,10.041572570800781,9.014445304870605,8.004523277282715,9.372614860534668,2955.91552734375,1356.776123046875,0.12710882723331451,0.09335014969110489,0.4603503346443176,0.2892288565635681,95.703125,5871.23095703125,2296.343994140625,2690.61328125,530.6025390625,0.1310683637857437,0.06346971541643143,18.05379295349121,4.22440767288208,reggae,reggae.00050.wav
-154.9625244140625,-1.539153814315796,22.388729095458984,30.425212860107422,2.1195714473724365,28.59612274169922,16.995513916015625,13.418903350830078,8.493890762329102,6.48397159576416,9.772991180419922,10.905425071716309,2.174382448196411,77.94847869873047,50.22166061401367,27.6480712890625,19.941593170166016,13.601004600524902,10.161698341369629,11.417681694030762,11.946738243103027,8.282158851623535,9.607427597045898,7.730343341827393,7.624070167541504,8.08491325378418,4276.11328125,1580.1806640625,0.2748294174671173,0.1693800538778305,0.5696021318435669,0.2703140676021576,86.1328125,7677.037109375,1869.136962890625,2877.5263671875,448.8261413574219,0.1173657551407814,0.0572771281003952,15.010391235351562,3.6088454723358154,reggae,reggae.00051.wav
-85.30075073242188,60.94269943237305,34.7901496887207,19.804203033447266,16.715721130371094,7.975334167480469,9.312554359436035,11.3640718460083,1.394199252128601,-0.0879477858543396,6.4077630043029785,3.6292879581451416,5.676822185516357,57.457305908203125,34.30242919921875,24.395254135131836,20.475881576538086,18.26255989074707,14.211280822753906,11.45448112487793,10.87402629852295,11.635337829589844,9.489387512207031,9.611568450927734,8.540583610534668,9.066689491271973,3288.433349609375,1228.794677734375,0.13413827121257782,0.09848473221063614,0.5022181272506714,0.2893522381782532,99.38401794433594,7285.10595703125,1967.1383056640625,3252.779296875,469.08209228515625,0.19002780318260193,0.09150679409503937,16.251766204833984,3.706751585006714,reggae,reggae.00052.wav
-251.39256286621094,105.85577392578125,2.220024585723877,32.48439407348633,16.563274383544922,8.290815353393555,10.365556716918945,5.504936695098877,0.8699620366096497,8.355298042297363,-0.6317737698554993,9.898768424987793,-1.8497395515441895,87.3302993774414,34.71240997314453,34.755950927734375,16.879959106445312,15.786505699157715,12.091306686401367,11.815542221069336,9.68464183807373,10.015470504760742,8.55193042755127,9.398956298828125,8.339197158813477,7.972741603851318,2004.3538818359375,1230.92431640625,0.08977950364351273,0.08659562468528748,0.46941009163856506,0.29878902435302734,75.99954223632812,4159.908203125,2577.82470703125,2298.145751953125,719.2932739257812,0.06305282562971115,0.042924538254737854,17.69940185546875,5.689622402191162,reggae,reggae.00053.wav
-182.1938934326172,83.51700592041016,4.844893455505371,12.691200256347656,30.07164192199707,17.201648712158203,6.103977680206299,7.693450927734375,7.146999835968018,8.883383750915527,-2.1501874923706055,5.713592052459717,1.4522558450698853,78.9648208618164,40.33549499511719,30.63572883605957,20.40543556213379,15.35462474822998,13.066758155822754,11.945294380187988,11.022407531738281,9.518832206726074,8.522915840148926,9.987060546875,7.965063571929932,8.55096435546875,2541.976806640625,1291.9913330078125,0.10153567045927048,0.08207393437623978,0.39628836512565613,0.3050025403499603,151.99908447265625,5475.5751953125,2714.41162109375,2725.503662109375,732.7400512695312,0.0968751609325409,0.046674951910972595,18.957181930541992,4.902732849121094,reggae,reggae.00054.wav
-130.3925018310547,84.2853775024414,29.355722427368164,23.84440803527832,8.28787899017334,13.861767768859863,2.22910737991333,2.9254555702209473,2.5764942169189453,0.09832204878330231,2.340669631958008,2.746436834335327,3.7561280727386475,65.20664978027344,33.7319221496582,26.391695022583008,17.80908966064453,11.994011878967285,8.627634048461914,7.964846134185791,7.8091349601745605,6.843747138977051,7.49817419052124,6.780798435211182,5.627124309539795,6.258175849914551,2525.883056640625,1008.803466796875,0.08222701400518417,0.05415496602654457,0.4619710147380829,0.2845616340637207,129.19921875,5595.9580078125,2225.150634765625,2840.031005859375,502.5576171875,0.11290561407804489,0.025733143091201782,17.14655876159668,3.9464948177337646,reggae,reggae.00055.wav
-162.5088348388672,98.48662567138672,-1.6052873134613037,20.81171417236328,12.058052062988281,11.743512153625488,6.093582630157471,4.958357810974121,1.705944299697876,3.0551607608795166,-0.8599134683609009,4.120586395263672,3.4256598949432373,77.97103881835938,32.55353927612305,23.719173431396484,19.066469192504883,17.829891204833984,13.711368560791016,11.797195434570312,10.141060829162598,10.737955093383789,9.186829566955566,8.531679153442383,8.228407859802246,8.227385520935059,2174.104248046875,955.4035034179688,0.08318468183279037,0.055350396782159805,0.37026241421699524,0.3052695393562317,161.4990234375,4659.64697265625,2163.150634765625,2460.90478515625,598.9087524414062,0.10052798688411713,0.04971672222018242,17.845314025878906,4.232268333435059,reggae,reggae.00056.wav
-177.292724609375,98.2851791381836,14.708465576171875,21.133085250854492,14.94108772277832,10.188179969787598,4.973139762878418,0.8437906503677368,4.830460071563721,6.869421005249023,3.542900323867798,-0.35623595118522644,0.5778768062591553,81.36964416503906,40.31391525268555,26.0456485748291,22.208173751831055,16.013132095336914,11.621785163879395,12.387261390686035,11.077926635742188,11.601029396057129,10.524567604064941,8.362067222595215,8.913838386535645,9.183345794677734,2170.729248046875,1036.921630859375,0.07889861613512039,0.05717966705560684,0.3729098439216614,0.30841439962387085,95.703125,4776.8046875,2414.377685546875,2577.52392578125,657.2908325195312,0.10334067046642303,0.04792135953903198,18.68059730529785,4.789135932922363,reggae,reggae.00057.wav
-169.340576171875,83.90910339355469,11.203278541564941,12.13480281829834,21.07720375061035,9.5333833694458,0.9363658428192139,2.1945176124572754,0.8756653666496277,1.64301335811615,-0.41765838861465454,0.7432358860969543,-4.787158489227295,83.31694793701172,32.506202697753906,27.889047622680664,17.272424697875977,17.84195327758789,13.542439460754395,13.444350242614746,11.064079284667969,10.504450798034668,11.86673355102539,10.184904098510742,9.029536247253418,9.727767944335938,2631.84912109375,1149.8446044921875,0.11201028525829315,0.08852551132440567,0.37186235189437866,0.3076491355895996,123.046875,5700.07373046875,2400.19873046875,2827.83935546875,576.7271118164062,0.091152623295784,0.03944992274045944,17.867795944213867,4.354635715484619,reggae,reggae.00058.wav
-93.51580810546875,80.18165588378906,-0.30427923798561096,15.263566017150879,4.348327159881592,9.056693077087402,1.6918386220932007,2.54801869392395,-4.297323226928711,1.0002484321594238,-1.6963750123977661,-2.996873140335083,2.253019332885742,62.41758728027344,27.46268081665039,19.964529037475586,18.625959396362305,16.604938507080078,11.503560066223145,17.825815200805664,10.833460807800293,10.927572250366211,11.185738563537598,9.38023853302002,8.472545623779297,8.704728126525879,2671.943115234375,907.51806640625,0.1174255907535553,0.06140480190515518,0.37597787380218506,0.2925134003162384,151.99908447265625,5700.3154296875,1785.937255859375,2716.845947265625,451.1350402832031,0.12639175355434418,0.04436572641134262,17.87225914001465,3.8558428287506104,reggae,reggae.00059.wav
-301.4396667480469,77.22313690185547,-13.575448989868164,39.30436325073242,1.6029993295669556,16.89271354675293,-7.25034761428833,-3.6011550426483154,1.1691408157348633,-3.2648885250091553,-8.437726974487305,-3.6016147136688232,-2.6015775203704834,74.49874114990234,33.77778625488281,22.930349349975586,21.074533462524414,15.99216079711914,9.518397331237793,14.805237770080566,8.696405410766602,8.978076934814453,8.044342041015625,8.791792869567871,7.651642799377441,9.79334831237793,2395.78515625,927.1074829101562,0.11853253841400146,0.07775228470563889,0.2991151511669159,0.3029209077358246,112.3471450805664,4792.52099609375,1487.2734375,2301.000244140625,387.7751770019531,0.02583705447614193,0.018483683466911316,21.525819778442383,4.2640275955200195,reggae,reggae.00060.wav
-74.0531005859375,58.015201568603516,9.140951156616211,29.25894546508789,12.535322189331055,-0.18953333795070648,0.16529680788516998,1.3719069957733154,-5.0914998054504395,1.3520697355270386,2.8511602878570557,-1.5608808994293213,0.8852587938308716,55.23530960083008,32.273502349853516,26.763113021850586,18.8206844329834,16.174352645874023,12.417433738708496,13.17715072631836,11.696270942687988,14.047222137451172,11.356430053710938,10.663228034973145,9.030465126037598,9.057451248168945,3122.938720703125,1105.9569091796875,0.13356155157089233,0.08103398978710175,0.3953620493412018,0.3053167164325714,92.28515625,6473.494140625,2098.859375,2918.22119140625,552.8157348632812,0.18103952705860138,0.05409057065844536,19.34724235534668,5.275435447692871,reggae,reggae.00061.wav
-265.6949768066406,80.61592102050781,9.722023010253906,36.65708541870117,27.836795806884766,12.086828231811523,15.014477729797363,15.116936683654785,6.558818817138672,6.284592151641846,7.48602294921875,5.644510269165039,4.349678993225098,86.59229278564453,33.8653564453125,25.859878540039062,19.218048095703125,13.905712127685547,12.777511596679688,11.624734878540039,11.063264846801758,8.647854804992676,8.482059478759766,9.877029418945312,8.35043716430664,7.33528995513916,2113.391845703125,1065.236328125,0.06088285148143768,0.054103098809719086,0.4448291063308716,0.31213364005088806,151.99908447265625,4785.92919921875,2454.786865234375,2595.217529296875,660.1353149414062,0.05732228606939316,0.030636975541710854,17.757612228393555,4.130375862121582,reggae,reggae.00062.wav
-168.56568908691406,109.54734802246094,-20.666072845458984,38.95631408691406,7.960122108459473,0.3354012072086334,6.036591053009033,4.08657169342041,-1.3609744310379028,0.11973307281732559,0.2429877072572708,0.35119831562042236,5.302457332611084,64.00984954833984,28.596223831176758,25.452816009521484,17.98281478881836,15.262267112731934,11.325749397277832,10.198161125183105,8.820961952209473,9.230945587158203,9.188339233398438,7.88426399230957,8.234049797058105,8.269314765930176,1910.6005859375,710.286376953125,0.08337969332933426,0.04718643054366112,0.41585439443588257,0.2997211217880249,184.5703125,3939.83447265625,1653.086669921875,2114.989501953125,583.3748168945312,0.09758127480745316,0.047118205577135086,18.483192443847656,4.565576076507568,reggae,reggae.00063.wav
-70.11164855957031,54.3621826171875,15.596424102783203,19.821365356445312,27.005250930786133,13.251235008239746,0.7004847526550293,10.07564926147461,6.688830375671387,-0.30473047494888306,2.9781808853149414,6.023298263549805,1.092357873916626,56.0561637878418,28.537622451782227,27.372779846191406,16.503761291503906,14.246822357177734,13.072863578796387,13.79520034790039,11.039179801940918,10.60763168334961,10.934976577758789,11.024291038513184,8.172842025756836,9.155533790588379,3094.022216796875,1026.4896240234375,0.10088071972131729,0.08721834421157837,0.4168050289154053,0.31406334042549133,172.265625,6973.94970703125,1845.4228515625,3135.97802734375,445.3260192871094,0.2677714228630066,0.08550897985696793,20.14568328857422,5.355721950531006,reggae,reggae.00064.wav
-66.1877670288086,97.88822174072266,-18.818099975585938,26.937904357910156,14.020184516906738,6.029330253601074,9.445992469787598,10.570343971252441,-0.136586993932724,8.126069068908691,10.541821479797363,8.009013175964355,3.8083314895629883,83.54720306396484,42.47425842285156,23.855199813842773,17.510684967041016,15.799302101135254,15.482123374938965,13.050877571105957,10.292349815368652,11.359923362731934,10.214678764343262,12.126108169555664,10.45645809173584,8.032320022583008,2080.89990234375,939.341796875,0.08281998336315155,0.05254848673939705,0.3758155405521393,0.3090079128742218,89.10291290283203,4366.30712890625,2063.296142578125,2264.82568359375,663.0220947265625,0.2980850338935852,0.12083007395267487,18.12511444091797,4.302863597869873,reggae,reggae.00065.wav
-147.0893096923828,120.09329986572266,-21.591428756713867,39.64054870605469,6.949150562286377,15.087430953979492,-1.008193016052246,15.945317268371582,2.543234348297119,4.510831356048584,0.02295200526714325,4.332126617431641,4.638779163360596,59.456626892089844,30.879854202270508,20.737586975097656,18.37961196899414,13.317411422729492,12.927783012390137,13.963143348693848,11.027427673339844,11.265530586242676,10.8737154006958,10.46157169342041,9.792040824890137,8.269281387329102,1629.3917236328125,579.1095581054688,0.06711184233427048,0.035780370235443115,0.38920077681541443,0.305164098739624,161.4990234375,3259.1220703125,1194.8726806640625,1886.7001953125,384.7325134277344,0.12912783026695251,0.051514022052288055,19.832773208618164,5.179626941680908,reggae,reggae.00066.wav
-132.95237731933594,117.09168243408203,-2.7985999584198,22.529333114624023,25.919849395751953,0.2901603877544403,13.511026382446289,3.395885467529297,4.522271156311035,0.5429567694664001,-0.07208136469125748,5.095772743225098,-0.15914742648601532,49.5497932434082,23.696508407592773,17.95954132080078,14.393726348876953,13.454771995544434,11.338647842407227,10.358613014221191,9.331887245178223,7.752634525299072,8.402734756469727,7.801196098327637,6.815547943115234,6.962416648864746,1729.2215576171875,521.1995239257812,0.060497745871543884,0.032527003437280655,0.39610007405281067,0.2998722195625305,83.35433197021484,3520.15380859375,1390.255126953125,2362.468505859375,442.4414367675781,0.14007322490215302,0.044373851269483566,17.912263870239258,4.034154891967773,reggae,reggae.00067.wav
-194.80711364746094,83.02938842773438,-0.7573575973510742,32.375301361083984,2.8250601291656494,23.167728424072266,2.9668242931365967,14.221725463867188,8.545363426208496,10.447763442993164,7.068881511688232,8.804685592651367,1.408790111541748,77.96741485595703,37.41593933105469,22.2302303314209,19.393306732177734,14.729713439941406,12.132975578308105,17.0768985748291,9.951495170593262,10.516639709472656,12.526095390319824,10.528953552246094,9.016929626464844,7.9646759033203125,2104.94580078125,947.59521484375,0.07786158472299576,0.05575723573565483,0.3586420714855194,0.31666362285614014,135.99917602539062,4381.62353515625,1784.6317138671875,2311.3974609375,443.44366455078125,0.09532419592142105,0.04228885471820831,19.861135482788086,4.9132490158081055,reggae,reggae.00068.wav
-142.7815399169922,83.62422943115234,21.906211853027344,33.849456787109375,4.624049186706543,4.1626973152160645,1.9368716478347778,21.812685012817383,-5.94234561920166,0.5001415610313416,17.423234939575195,-11.433121681213379,10.545722961425781,66.79782104492188,31.51665687561035,25.077360153198242,17.2210750579834,17.082494735717773,13.684197425842285,11.101943969726562,9.10396957397461,9.143980026245117,9.78560733795166,9.157663345336914,8.294672012329102,8.483160972595215,2461.45751953125,974.3750610351562,0.08041448146104813,0.05618300661444664,0.36254438757896423,0.298277348279953,143.5546875,5288.3681640625,1757.5906982421875,2683.171142578125,423.1871643066406,0.12575796246528625,0.038681093603372574,19.226459503173828,4.468564033508301,reggae,reggae.00069.wav
-136.78912353515625,75.59191131591797,-5.333469867706299,23.440128326416016,0.7612740993499756,12.29259204864502,4.4802775382995605,5.15785026550293,-0.07490870356559753,9.033966064453125,4.9023919105529785,2.3301923274993896,5.475172996520996,70.87399291992188,27.323766708374023,22.30732536315918,20.34717559814453,14.814382553100586,11.157227516174316,12.920982360839844,10.875118255615234,9.118036270141602,10.376559257507324,10.765122413635254,9.678472518920898,9.657008171081543,2288.931396484375,754.8975219726562,0.06099963188171387,0.03435669094324112,0.3805536925792694,0.3103064000606537,172.265625,5006.53662109375,1585.036376953125,2534.041259765625,457.87896728515625,0.14901283383369446,0.04236200451850891,19.81161880493164,5.814460277557373,reggae,reggae.00070.wav
-141.76731872558594,44.17989730834961,21.71708869934082,43.29201126098633,21.742549896240234,11.178961753845215,3.5433034896850586,15.015563011169434,-1.744100570678711,6.435993671417236,6.909985542297363,0.7032583355903625,3.9693093299865723,92.36203002929688,46.61698532104492,24.445770263671875,19.967266082763672,19.58974838256836,16.082706451416016,14.373454093933105,10.350808143615723,10.798502922058105,9.959319114685059,11.26716423034668,10.618480682373047,9.896942138671875,3109.58056640625,1347.4708251953125,0.1216663122177124,0.10428591817617416,0.4089176654815674,0.31084465980529785,143.5546875,6392.3115234375,2188.512939453125,2852.4208984375,518.2577514648438,0.15084101259708405,0.06998156756162643,19.582412719726562,5.461428165435791,reggae,reggae.00071.wav
-94.1405258178711,68.22994232177734,3.975480079650879,7.631386756896973,12.791033744812012,-3.185734987258911,-3.9074442386627197,3.8176004886627197,-6.1216511726379395,-0.35184240341186523,0.3375631868839264,-4.674421310424805,-3.0098025798797607,79.14727783203125,32.725433349609375,27.26725959777832,22.513486862182617,19.83263397216797,14.465553283691406,13.754462242126465,11.900470733642578,12.85980224609375,11.267132759094238,12.432517051696777,9.341509819030762,9.721796035766602,3086.18603515625,1138.45751953125,0.13607513904571533,0.08655133843421936,0.4327182471752167,0.2932782769203186,112.3471450805664,6572.16015625,2157.32177734375,2974.0654296875,521.2406005859375,0.14293235540390015,0.06894710659980774,17.979076385498047,5.212482452392578,reggae,reggae.00072.wav
-105.88101959228516,87.99615478515625,19.372705459594727,30.62493133544922,10.02409553527832,18.0201473236084,3.6549272537231445,8.923995971679688,5.825234413146973,8.873672485351562,5.6649580001831055,10.555123329162598,5.9011640548706055,44.447174072265625,27.46799087524414,22.06183624267578,15.706683158874512,14.578686714172363,10.167635917663574,9.494030952453613,8.640727996826172,8.386857032775879,8.66079330444336,7.326793193817139,6.113071441650391,6.980130672454834,2153.295166015625,811.5503540039062,0.051066961139440536,0.029544396325945854,0.4494660794734955,0.3007233738899231,83.35433197021484,5073.9111328125,1829.687744140625,2667.525634765625,514.5755004882812,0.19222165644168854,0.03613923862576485,17.979461669921875,4.793123722076416,reggae,reggae.00073.wav
-105.86871337890625,88.18165588378906,19.30242347717285,30.579696655273438,9.983685493469238,17.954727172851562,3.689756155014038,8.922590255737305,5.854974269866943,8.851582527160645,5.623591423034668,10.514842987060547,5.916852951049805,44.45033645629883,27.382295608520508,22.010255813598633,15.737412452697754,14.636905670166016,10.181325912475586,9.553987503051758,8.658770561218262,8.402524948120117,8.683584213256836,7.351019859313965,6.087230682373047,6.991639614105225,2148.603515625,808.7054443359375,0.05102274566888809,0.02961135096848011,0.4546491205692291,0.3050089478492737,172.265625,5064.427734375,1824.3968505859375,2665.358154296875,513.3101196289062,0.19221866130828857,0.03615637123584747,17.95424461364746,4.798982620239258,reggae,reggae.00074.wav
-63.82210159301758,88.2540512084961,-27.603097915649414,18.600967407226562,-3.577483654022217,5.198116302490234,0.9838290810585022,8.052980422973633,-4.396183013916016,2.2758755683898926,4.154455661773682,-2.208498001098633,10.26652717590332,52.6270637512207,26.497434616088867,23.93340301513672,16.068906784057617,20.277780532836914,11.14781665802002,10.85905647277832,11.153793334960938,9.426427841186523,8.607772827148438,9.718111038208008,7.533567428588867,8.421232223510742,2481.19140625,658.5147705078125,0.13506002724170685,0.054856136441230774,0.38970285654067993,0.3012296259403229,143.5546875,4846.38720703125,1416.4053955078125,2323.803955078125,427.6880187988281,0.17095790803432465,0.08145701140165329,18.135164260864258,4.4338274002075195,reggae,reggae.00075.wav
-105.70984649658203,76.1017837524414,19.5106143951416,36.70929718017578,3.749850273132324,11.684267044067383,0.07589343935251236,7.092368125915527,7.659843444824219,10.457496643066406,0.9903630614280701,-2.199362277984619,-1.5104167461395264,95.27084350585938,42.594520568847656,27.130720138549805,17.24335289001465,15.446476936340332,13.637657165527344,11.051779747009277,10.932847023010254,11.770544052124023,11.226961135864258,11.076533317565918,8.651796340942383,9.372976303100586,2456.154296875,1216.7244873046875,0.0882723331451416,0.07635196298360825,0.44042617082595825,0.30715495347976685,161.4990234375,5054.52783203125,2315.552490234375,2559.7412109375,560.0449829101562,0.21068911254405975,0.0814746841788292,18.05893325805664,4.75773286819458,reggae,reggae.00076.wav
-151.77394104003906,105.12451934814453,-6.166162490844727,47.94609069824219,11.344108581542969,15.08799934387207,11.635066986083984,6.607784748077393,6.817538738250732,2.3976094722747803,-1.034764289855957,-0.22057220339775085,-0.6423186659812927,51.68040466308594,27.392248153686523,22.30231285095215,14.039176940917969,15.201231956481934,9.992402076721191,10.618481636047363,10.350971221923828,7.721703052520752,7.584708213806152,6.8747944831848145,6.512406349182129,6.746163845062256,1778.326416015625,574.7001342773438,0.06091951206326485,0.03629368543624878,0.39548975229263306,0.3012000024318695,143.5546875,3821.951904296875,1201.3302001953125,2174.118896484375,389.410400390625,0.11652950942516327,0.038973722606897354,17.39065933227539,3.983072280883789,reggae,reggae.00077.wav
-175.48696899414062,78.02301788330078,-2.5604965686798096,52.86769104003906,15.842401504516602,24.755294799804688,5.295869827270508,8.655302047729492,6.652233600616455,9.806406021118164,-3.3547556400299072,4.118610858917236,2.3579511642456055,83.08338928222656,40.39674758911133,34.67095184326172,20.7025089263916,15.764379501342773,12.595290184020996,10.311878204345703,10.9517240524292,9.41450023651123,10.47670841217041,12.307449340820312,9.646784782409668,8.8699369430542,2317.475830078125,1022.8497314453125,0.09380782395601273,0.05291245877742767,0.45281919836997986,0.28794947266578674,161.4990234375,4680.66357421875,2040.2423095703125,2334.685791015625,604.2562866210938,0.09433407336473465,0.03133738785982132,18.991241455078125,3.9383246898651123,reggae,reggae.00078.wav
-155.67242431640625,57.027366638183594,-35.24770736694336,33.28634262084961,-14.187575340270996,25.281808853149414,2.5339672565460205,4.247924327850342,8.487785339355469,4.56798791885376,2.8205196857452393,2.5739941596984863,2.8225185871124268,67.4690933227539,43.881591796875,28.02376365661621,14.99045181274414,12.548246383666992,15.576859474182129,12.880059242248535,8.330419540405273,9.029988288879395,7.3283305168151855,7.400879859924316,8.445209503173828,7.826560974121094,3003.02294921875,1042.4569091796875,0.18643386662006378,0.11089932173490524,0.47635510563850403,0.3018483519554138,151.99908447265625,5294.12646484375,1223.6861572265625,2214.71337890625,319.568359375,0.08061355352401733,0.0513848252594471,16.82262420654297,4.7745041847229,reggae,reggae.00079.wav
-103.10472106933594,67.23043823242188,2.2398650646209717,28.497493743896484,4.176846027374268,11.877421379089355,14.268193244934082,14.3020601272583,3.2598321437835693,15.845577239990234,8.033733367919922,4.457915782928467,8.679057121276855,76.34895324707031,29.176319122314453,26.826499938964844,16.898632049560547,14.821677207946777,15.034126281738281,15.694615364074707,11.016231536865234,10.35439682006836,12.06263542175293,11.2830228805542,7.177511215209961,7.662876605987549,2538.818359375,936.3594360351562,0.09431537985801697,0.07066754996776581,0.477048397064209,0.30633991956710815,99.38401794433594,5260.40966796875,1670.4713134765625,2644.457275390625,407.9218444824219,0.19575418531894684,0.10297495126724243,17.456058502197266,4.502987384796143,reggae,reggae.00080.wav
-115.72032165527344,67.04470825195312,1.9207350015640259,29.12337875366211,4.00742769241333,12.044657707214355,13.98845100402832,14.918452262878418,2.2994470596313477,17.055818557739258,7.568181037902832,4.992762088775635,8.5475492477417,78.96916198730469,31.10226058959961,29.652545928955078,17.83783721923828,16.00091552734375,16.077953338623047,16.308692932128906,11.426681518554688,10.662606239318848,12.934041023254395,11.205810546875,7.401848793029785,7.829174041748047,2567.672119140625,990.2587280273438,0.09943892806768417,0.07508152723312378,0.4735247790813446,0.3047967851161957,99.38401794433594,5315.5263671875,1771.1466064453125,2630.23583984375,465.8323974609375,0.17930914461612701,0.09963789582252502,17.748714447021484,4.6962361335754395,reggae,reggae.00081.wav
-115.72032165527344,67.04470825195312,1.9207350015640259,29.12337875366211,4.00742769241333,12.044657707214355,13.98845100402832,14.918452262878418,2.2994470596313477,17.055818557739258,7.568181037902832,4.992762088775635,8.5475492477417,78.96916198730469,31.10226058959961,29.652545928955078,17.83783721923828,16.00091552734375,16.077953338623047,16.308692932128906,11.426681518554688,10.662606239318848,12.934041023254395,11.205810546875,7.401848793029785,7.829174041748047,2567.672119140625,990.2587280273438,0.09943892806768417,0.07508152723312378,0.4735247790813446,0.3047967851161957,99.38401794433594,5315.5263671875,1771.1466064453125,2630.23583984375,465.8323974609375,0.17930914461612701,0.09963789582252502,17.748714447021484,4.6962361335754395,reggae,reggae.00082.wav
-285.9736022949219,138.68746948242188,19.947643280029297,35.245121002197266,-7.994090557098389,7.078868865966797,5.405129432678223,-3.2063918113708496,-1.1585748195648193,3.208261728286743,1.496443748474121,-4.035818576812744,-6.334192752838135,87.07784271240234,37.68546676635742,31.634891510009766,20.932559967041016,18.378223419189453,12.522882461547852,16.13981819152832,9.054814338684082,10.082586288452148,10.238616943359375,11.267142295837402,10.993000984191895,12.197220802307129,1366.4293212890625,684.9165649414062,0.07119609415531158,0.05242849886417389,0.3267635405063629,0.3024275600910187,129.19921875,2562.884521484375,1613.2904052734375,1737.32861328125,430.8544921875,0.05672549828886986,0.03275388479232788,21.092920303344727,5.480503559112549,reggae,reggae.00083.wav
-150.912109375,111.76167297363281,2.91566801071167,42.73334884643555,-3.5954196453094482,15.153263092041016,3.4516782760620117,0.1891777068376541,-4.718381881713867,3.858656883239746,-0.8896032571792603,-5.351660251617432,0.6894755363464355,64.87861633300781,28.973194122314453,21.46571159362793,14.279202461242676,15.868216514587402,9.888249397277832,11.195343971252441,9.715522766113281,9.57463264465332,9.560626983642578,8.213764190673828,7.790121078491211,8.301337242126465,1788.5445556640625,653.3944091796875,0.07602221518754959,0.03889219090342522,0.3190639615058899,0.2995263636112213,198.76803588867188,3820.201904296875,1299.66259765625,2121.0283203125,374.4580078125,0.11420159786939621,0.03604789450764656,18.671630859375,4.332406044006348,reggae,reggae.00084.wav
-175.1691436767578,116.6299819946289,-55.12920379638672,59.90557861328125,1.9614096879959106,1.0681365728378296,14.60234546661377,-3.2314059734344482,2.789919376373291,5.709691047668457,-1.8400202989578247,7.874343395233154,0.40650466084480286,90.001708984375,27.5822811126709,26.053869247436523,15.830105781555176,18.55228614807129,14.536877632141113,12.255494117736816,11.948845863342285,10.082608222961426,10.441856384277344,10.138487815856934,9.321045875549316,8.368387222290039,1797.4051513671875,526.7886352539062,0.09941020607948303,0.062021639198064804,0.3958238661289215,0.3045167624950409,86.1328125,3440.0791015625,670.34716796875,1649.7447509765625,213.62599182128906,0.11948926001787186,0.0597703717648983,19.154556274414062,5.1547136306762695,reggae,reggae.00085.wav
42.11286544799805,37.424171447753906,-7.922309398651123,4.491990089416504,8.947957038879395,3.5308406352996826,3.0852081775665283,1.6274316310882568,6.2675347328186035,1.821806788444519,-0.5613662004470825,-0.39434319734573364,1.6282494068145752,121.22608184814453,63.492549896240234,25.49063491821289,15.430569648742676,18.650676727294922,9.144104957580566,10.959046363830566,7.01190710067749,7.8396453857421875,7.941692352294922,4.878547668457031,4.320406913757324,4.886856555938721,4434.94873046875,1742.2725830078125,0.26022252440452576,0.11250027269124985,0.6635414361953735,0.21933366358280182,129.19921875,7624.54541015625,2942.959716796875,2844.42724609375,698.0186157226562,0.35094302892684937,0.12005413323640823,13.49440860748291,4.47371768951416,reggae,reggae.00086.wav
-110.20217895507812,48.54799270629883,29.644615173339844,18.442466735839844,-0.47234880924224854,4.6547112464904785,-2.267071008682251,-6.58841609954834,-2.1527016162872314,-0.15998117625713348,-0.6845913529396057,0.5441744327545166,1.9038584232330322,78.93010711669922,39.13410186767578,21.26270294189453,20.73618507385254,14.538483619689941,14.684128761291504,13.023008346557617,12.758110046386719,11.944552421569824,11.572064399719238,10.363197326660156,11.711840629577637,10.591594696044922,3296.209716796875,1454.36572265625,0.12188021838665009,0.10951695591211319,0.3877294957637787,0.31885212659835815,83.35433197021484,6908.908203125,2223.547119140625,3064.6376953125,468.6418762207031,0.2078382819890976,0.11355698108673096,19.530519485473633,5.6444478034973145,reggae,reggae.00087.wav
-75.23249816894531,44.853004455566406,10.078606605529785,1.1481962203979492,1.1562961339950562,-3.140685796737671,0.13975980877876282,0.07932741194963455,-3.4337422847747803,0.11067818850278854,-1.9280567169189453,-2.3146519660949707,-0.07721782475709915,50.30556106567383,22.408483505249023,17.940153121948242,18.014625549316406,13.642661094665527,14.33092212677002,13.07381534576416,10.442974090576172,10.34097671508789,9.925556182861328,9.072168350219727,8.746158599853516,8.46538257598877,3881.3837890625,697.3446655273438,0.18931631743907928,0.08509864658117294,0.3756997883319855,0.3061487078666687,107.666015625,8250.3671875,867.1177978515625,3361.847900390625,239.82501220703125,0.12002135813236237,0.04169773310422897,18.541452407836914,5.050159931182861,reggae,reggae.00088.wav
-194.45693969726562,157.13970947265625,-14.128241539001465,44.053367614746094,3.478423833847046,17.465808868408203,2.9772441387176514,5.83376407623291,3.0153086185455322,1.0755280256271362,2.5912234783172607,0.7998103499412537,0.6491770148277283,90.65779876708984,38.93114471435547,27.869733810424805,20.877126693725586,13.5304594039917,9.18894100189209,9.900577545166016,6.838865280151367,7.685135364532471,6.862888813018799,7.455427646636963,5.481785297393799,5.6393327713012695,1052.0020751953125,544.2246704101562,0.03803831711411476,0.026561535894870758,0.36949580907821655,0.3093760013580322,151.99908447265625,2054.704345703125,1155.1983642578125,1401.1168212890625,363.51934814453125,0.1513819396495819,0.06290867924690247,18.07940101623535,3.7747912406921387,reggae,reggae.00089.wav
-127.36402893066406,65.99180603027344,4.458125114440918,30.05898666381836,16.64737319946289,16.52498435974121,-6.399656772613525,15.2887601852417,4.620022296905518,5.104029655456543,5.585709571838379,-0.7697422504425049,6.06221866607666,70.34577941894531,35.888404846191406,29.460206985473633,16.31705093383789,13.67447280883789,12.91644287109375,12.095494270324707,9.977581024169922,10.138855934143066,10.471912384033203,8.815264701843262,7.5534138679504395,7.753693580627441,2867.992919921875,1163.7989501953125,0.13065151870250702,0.09885469824075699,0.4700040817260742,0.2946881651878357,151.99908447265625,5796.5732421875,1889.986572265625,2676.0380859375,474.9544677734375,0.14426259696483612,0.09096024930477142,18.488279342651367,4.645698547363281,reggae,reggae.00090.wav
-159.94081115722656,92.81088256835938,-28.70952606201172,31.46426010131836,-6.610722541809082,12.638018608093262,0.8522679805755615,10.961094856262207,-2.074934959411621,3.666249990463257,3.5795059204101562,0.3230552673339844,8.548465728759766,51.319637298583984,25.125452041625977,23.416669845581055,16.363096237182617,19.241504669189453,11.170100212097168,11.099040985107422,10.802773475646973,9.77648639678955,8.641048431396484,9.483721733093262,7.434533596038818,8.669530868530273,2314.494873046875,559.4413452148438,0.12388965487480164,0.04818122833967209,0.39799439907073975,0.2988399267196655,143.5546875,4561.04736328125,1119.702880859375,2180.528564453125,366.3653259277344,0.0688135027885437,0.030584881082177162,18.143217086791992,4.37614631652832,reggae,reggae.00091.wav
-138.14389038085938,101.46946716308594,-35.31705093383789,36.16295623779297,-9.493778228759766,14.76218318939209,-0.23332880437374115,11.528227806091309,-2.106008768081665,3.405216693878174,4.204796314239502,0.13827939331531525,9.009115219116211,51.24348449707031,24.608360290527344,22.717660903930664,16.128400802612305,18.849254608154297,11.53217887878418,11.89593505859375,10.80778980255127,10.21571159362793,8.984789848327637,9.781469345092773,7.695688724517822,9.17485237121582,2170.702880859375,497.1224060058594,0.12004008889198303,0.04692307114601135,0.39897421002388,0.3004481792449951,143.5546875,4306.9404296875,1030.546142578125,2054.8193359375,333.75860595703125,0.09213820099830627,0.041324030607938766,17.961795806884766,4.4320220947265625,reggae,reggae.00092.wav
-147.45053100585938,113.27776336669922,-6.279628276824951,9.088613510131836,24.541444778442383,-9.802510261535645,13.13619613647461,-1.9909199476242065,-2.7045507431030273,12.23032283782959,-4.112524509429932,-1.0004733800888062,1.969944953918457,74.5461196899414,27.703632354736328,26.711952209472656,17.426109313964844,21.02396583557129,16.459453582763672,14.745208740234375,13.444754600524902,11.979971885681152,12.097564697265625,9.792985916137695,9.969696044921875,8.337808609008789,2109.63623046875,836.4351196289062,0.08934073150157928,0.04462972283363342,0.37084782123565674,0.29703035950660706,89.10291290283203,4606.5556640625,2543.03125,2528.099365234375,702.9138793945312,0.10712717473506927,0.0419689416885376,19.71128273010254,5.604461193084717,reggae,reggae.00093.wav
-97.76292419433594,108.83715057373047,-24.9234619140625,21.319738388061523,12.549696922302246,7.765998363494873,-3.3035848140716553,3.5284223556518555,0.6894371509552002,4.195521831512451,-9.684724807739258,4.261557579040527,2.4569170475006104,45.20420837402344,28.811269760131836,18.41927146911621,13.7411527633667,10.576103210449219,10.002289772033691,9.593777656555176,8.46531867980957,8.509577751159668,7.286217212677002,7.3610053062438965,6.508817195892334,6.859558582305908,2022.4375,738.8768920898438,0.09566646814346313,0.051084402948617935,0.36561715602874756,0.2948559820652008,129.19921875,3834.1767578125,1546.73193359375,2129.447509765625,429.3062438964844,0.13470537960529327,0.03621601313352585,19.485376358032227,5.099498271942139,reggae,reggae.00094.wav
-69.03168487548828,79.13812255859375,13.08932113647461,29.37102508544922,0.26556169986724854,4.156529903411865,-0.442613810300827,0.1885552704334259,2.8111445903778076,0.597999095916748,-2.7980496883392334,-0.5165508985519409,-3.1858015060424805,52.68788528442383,16.9104061126709,22.857465744018555,11.680778503417969,10.27648639678955,8.534005165100098,10.931841850280762,8.961524963378906,7.816736221313477,8.878719329833984,5.969211101531982,6.4612627029418945,6.757849216461182,2617.58251953125,713.571533203125,0.10321517288684845,0.051230721175670624,0.42458441853523254,0.2842516005039215,123.046875,5720.39892578125,1351.46923828125,2787.620361328125,395.1394348144531,0.16228151321411133,0.06425696611404419,17.600011825561523,3.8827946186065674,reggae,reggae.00095.wav
-167.01210021972656,116.64275360107422,-44.190364837646484,70.5038070678711,2.320695400238037,16.017593383789062,12.503347396850586,4.100355625152588,5.3281402587890625,4.525841236114502,7.307662010192871,7.58745813369751,2.9061529636383057,82.8782730102539,27.341562271118164,30.052278518676758,15.16426944732666,19.79135513305664,11.445685386657715,12.545660972595215,10.984814643859863,9.997220039367676,9.174728393554688,8.43472671508789,7.940422058105469,7.638186931610107,1629.473388671875,715.1470947265625,0.07962990552186966,0.06443671882152557,0.4162684679031372,0.30864831805229187,89.10291290283203,3183.15576171875,1194.6451416015625,1578.5745849609375,291.8583068847656,0.16214606165885925,0.07133422791957855,18.58352279663086,4.280735015869141,reggae,reggae.00096.wav
-142.7908935546875,103.1174545288086,-15.2323579788208,38.268043518066406,-12.985987663269043,2.749526023864746,-1.6750329732894897,-3.4322702884674072,-4.448258876800537,-9.285492897033691,-10.124065399169922,-2.116806745529175,-4.4709153175354,63.74301528930664,20.32247543334961,23.12516212463379,17.67008399963379,11.950963973999023,12.519440650939941,13.996947288513184,9.26541519165039,9.387142181396484,9.292593002319336,8.248270988464355,8.215597152709961,7.6278815269470215,2007.18408203125,552.70556640625,0.09403079748153687,0.04153411090373993,0.27204999327659607,0.29498234391212463,161.4990234375,4137.408203125,1045.0487060546875,2111.06591796875,344.474609375,0.11071928590536118,0.05104498192667961,19.253555297851562,4.052506923675537,reggae,reggae.00097.wav
-134.68275451660156,93.56442260742188,8.521570205688477,34.86943054199219,3.285515308380127,15.515955924987793,4.963839530944824,8.545495986938477,-1.2880831956863403,2.734834909439087,5.069406509399414,11.860010147094727,4.410373687744141,71.07861328125,22.70625877380371,17.790952682495117,14.475590705871582,9.978087425231934,10.64005184173584,10.026114463806152,7.7741241455078125,10.114011764526367,8.955799102783203,9.78973388671875,8.25065803527832,6.4368109703063965,2025.380126953125,757.816650390625,0.0648253858089447,0.0414285734295845,0.4100491404533386,0.29804766178131104,123.046875,4461.02294921875,1745.31201171875,2397.738037109375,394.042724609375,0.13910417258739471,0.04685841500759125,17.985177993774414,4.346840858459473,reggae,reggae.00098.wav
-67.13854217529297,80.72981262207031,-43.87337875366211,57.72443389892578,-12.790912628173828,33.593772888183594,-7.733452796936035,14.125051498413086,-1.2325958013534546,7.419583320617676,-2.0364301204681396,6.110562324523926,-6.631474018096924,53.120506286621094,30.958967208862305,17.563623428344727,8.306715965270996,8.203133583068848,8.387038230895996,7.4278059005737305,7.362526893615723,8.309574127197266,6.823573589324951,6.463257312774658,6.9121174812316895,6.5880351066589355,2466.339111328125,673.51171875,0.13958720862865448,0.06456079334020615,0.4312293827533722,0.28638339042663574,117.4538345336914,4722.8466796875,799.3203125,2006.3143310546875,175.97259521484375,0.18010452389717102,0.03856836259365082,21.064794540405273,6.937427520751953,reggae,reggae.00099.wav
-116.63066864013672,109.2781753540039,-23.151485443115234,40.68846130371094,-11.896858215332031,23.155595779418945,-15.398656845092773,15.127642631530762,-13.522637367248535,12.695952415466309,-10.886425018310547,8.50553035736084,-11.578760147094727,76.48397827148438,22.023754119873047,19.208175659179688,12.692880630493164,13.991223335266113,11.283404350280762,11.411636352539062,7.982919216156006,10.575396537780762,7.6960272789001465,8.777677536010742,7.392217636108398,6.253847122192383,1995.824462890625,503.2479553222656,0.09019522368907928,0.040459904819726944,0.38740280270576477,0.29315289855003357,123.046875,4226.89111328125,1127.2373046875,2096.911865234375,310.04779052734375,0.12913727760314941,0.07199099659919739,21.33358383178711,8.859644889831543,rock,rock.00000.wav
-111.17635345458984,134.16851806640625,-24.667320251464844,41.55748748779297,-3.0730130672454834,28.49441909790039,-10.584973335266113,14.932526588439941,-14.398836135864258,8.850727081298828,-4.554006576538086,9.948249816894531,-4.670233726501465,56.11677169799805,27.3072566986084,17.848079681396484,14.262845993041992,11.459232330322266,8.553893089294434,12.104330062866211,7.324203014373779,10.905067443847656,7.040130138397217,8.44820499420166,7.877291679382324,7.349253177642822,1529.3175048828125,476.4521179199219,0.054981525987386703,0.029165059328079224,0.3655102252960205,0.3034685254096985,151.99908447265625,3271.64697265625,1167.2510986328125,1845.2562255859375,343.79022216796875,0.18045319616794586,0.07010670006275177,22.376644134521484,8.165294647216797,rock,rock.00001.wav
-120.49427795410156,117.59748840332031,-27.599687576293945,42.825843811035156,-6.756321907043457,21.662517547607422,-12.098572731018066,17.94340705871582,-10.448060989379883,12.274320602416992,-6.567336082458496,13.52841854095459,-2.413079023361206,89.97152709960938,29.26311683654785,23.40628433227539,13.932435989379883,17.219053268432617,12.474016189575195,10.67799186706543,7.72216796875,10.851480484008789,7.817481994628906,9.615034103393555,6.685798645019531,8.0728759765625,1874.829833984375,685.154052734375,0.07675690203905106,0.047500401735305786,0.43683382868766785,0.2942594289779663,107.666015625,3929.976318359375,1428.9818115234375,1984.0572509765625,410.37591552734375,0.14855237305164337,0.08097606897354126,20.35718536376953,8.644424438476562,rock,rock.00002.wav
-156.60325622558594,130.69366455078125,-1.4667766094207764,36.23871612548828,0.3727351725101471,31.98138999938965,-0.6227637529373169,20.14137840270996,-11.3350830078125,13.838637351989746,-3.776273012161255,11.534398078918457,-3.22218918800354,73.25850677490234,27.10174560546875,20.15492820739746,12.291648864746094,15.680835723876953,9.767736434936523,11.944807052612305,8.534289360046387,10.297795295715332,7.017065525054932,9.13050651550293,8.3715181350708,8.297585487365723,1421.488037109375,654.5894165039062,0.04309724643826485,0.030650077387690544,0.3801327347755432,0.31368929147720337,95.703125,3042.93994140625,1592.0604248046875,1902.5447998046875,414.9608154296875,0.15116913616657257,0.0631122961640358,20.725412368774414,8.141223907470703,rock,rock.00003.wav
-127.97257232666016,134.4472198486328,1.0256680250167847,54.43772888183594,-0.46697676181793213,35.82834243774414,-10.860184669494629,16.37975311279297,-10.032896041870117,6.600140571594238,-6.69980525970459,11.046619415283203,-8.382890701293945,56.44478225708008,28.794815063476562,21.240262985229492,12.438632011413574,12.697244644165039,10.122142791748047,11.542875289916992,6.603129863739014,10.635013580322266,9.36312198638916,8.150160789489746,8.206789016723633,8.10334300994873,1345.8883056640625,690.4415283203125,0.041099146008491516,0.03642771765589714,0.37273654341697693,0.29901251196861267,103.359375,2939.25732421875,1597.9520263671875,1841.738037109375,408.2263488769531,0.20868326723575592,0.04268563166260719,21.53227996826172,8.395747184753418,rock,rock.00004.wav
-62.3817138671875,153.77310180664062,-55.11629104614258,28.01772689819336,-6.851470470428467,17.476470947265625,-22.606952667236328,18.144702911376953,-12.58642864227295,4.494895935058594,-8.387154579162598,7.204118251800537,-2.525789260864258,39.66604232788086,31.235017776489258,14.93636417388916,11.970962524414062,12.543203353881836,9.986397743225098,13.792401313781738,8.863407135009766,11.532647132873535,8.702205657958984,7.866520881652832,6.8836870193481445,6.90971040725708,1542.2216796875,335.9214172363281,0.07701994478702545,0.017862288281321526,0.3767895996570587,0.2862309217453003,99.38401794433594,2870.2744140625,799.77685546875,1591.90576171875,357.11077880859375,0.20368444919586182,0.05564926937222481,21.936424255371094,8.860001564025879,rock,rock.00005.wav
-98.37913513183594,136.61773681640625,-46.71824645996094,46.47606658935547,-17.166423797607422,10.520159721374512,-14.581245422363281,16.5507869720459,-12.337285041809082,3.6909735202789307,-12.654891014099121,2.955455780029297,-12.512314796447754,51.92980194091797,25.8707332611084,18.429702758789062,15.982410430908203,14.61317253112793,12.116451263427734,10.815343856811523,10.638205528259277,9.935461044311523,9.262659072875977,9.373974800109863,8.875714302062988,8.032099723815918,1675.4998779296875,457.67681884765625,0.08729425817728043,0.03640514984726906,0.34448835253715515,0.29674264788627625,112.3471450805664,3253.796875,854.0662231445312,1653.1160888671875,283.6032409667969,0.1801149994134903,0.05979727953672409,22.667295455932617,7.754974365234375,rock,rock.00006.wav
-140.4444122314453,149.3003387451172,-10.05985164642334,38.7481803894043,1.5280160903930664,20.129011154174805,-11.331474304199219,16.294490814208984,-13.257333755493164,10.190116882324219,-9.253554344177246,4.700298309326172,-8.369612693786621,54.19249725341797,23.61785125732422,16.540916442871094,11.64642333984375,12.756277084350586,8.460498809814453,9.503098487854004,8.201509475708008,12.088171005249023,9.632684707641602,9.295868873596191,7.136807441711426,7.147739887237549,1282.2760009765625,547.6809692382812,0.04718868061900139,0.03225143998861313,0.35925552248954773,0.29616501927375793,89.10291290283203,2675.950439453125,1274.6943359375,1729.58056640625,414.8571472167969,0.15703405439853668,0.06032674387097359,22.542984008789062,7.5846357345581055,rock,rock.00007.wav
-14.93718147277832,138.4250946044922,-41.89853286743164,22.075092315673828,-18.672731399536133,31.993650436401367,-20.37347984313965,15.69235897064209,-17.352710723876953,14.868898391723633,-8.898109436035156,12.249725341796875,-5.823009967803955,24.219329833984375,13.924360275268555,8.450453758239746,9.86602783203125,7.565879821777344,6.0829596519470215,6.370882987976074,6.6394548416137695,7.109902381896973,4.385247230529785,5.062298774719238,6.066831588745117,5.927915573120117,1717.3419189453125,217.1729736328125,0.08498096466064453,0.017584385350346565,0.40882959961891174,0.2864079177379608,89.10291290283203,3362.863037109375,658.5761108398438,1842.4239501953125,180.56813049316406,0.26079556345939636,0.030358949676156044,21.983795166015625,9.868226051330566,rock,rock.00008.wav
-178.59237670898438,153.98980712890625,-4.94950008392334,21.926918029785156,-2.061847686767578,23.677854537963867,-1.291935920715332,11.55847454071045,-6.040379047393799,4.9552412033081055,-2.951673746109009,5.406179904937744,-4.1217041015625,68.96820068359375,29.77041244506836,21.371631622314453,14.189249992370605,11.671279907226562,8.736837387084961,11.331212043762207,8.459187507629395,10.499985694885254,8.274884223937988,7.904085636138916,6.104921340942383,7.954728603363037,1181.549560546875,524.8676147460938,0.042540937662124634,0.019729796797037125,0.3761739730834961,0.30409714579582214,75.99954223632812,2367.92724609375,1443.712158203125,1607.9169921875,509.3997497558594,0.12820887565612793,0.061624884605407715,22.33371353149414,7.3115434646606445,rock,rock.00009.wav
-108.9864273071289,114.9559097290039,-5.198552131652832,46.206581115722656,-9.133127212524414,20.515317916870117,-17.025161743164062,24.2147216796875,-8.057453155517578,13.438204765319824,-18.381256103515625,8.588360786437988,-11.405960083007812,51.73974609375,21.439998626708984,18.295875549316406,13.040315628051758,11.195235252380371,11.838807106018066,10.373614311218262,9.242598533630371,8.819037437438965,7.996963977813721,7.297346115112305,7.504062175750732,6.9220356941223145,1857.8624267578125,616.6347045898438,0.0717025175690651,0.04235086217522621,0.3982071578502655,0.2963019013404846,161.4990234375,4191.49951171875,1284.5330810546875,2182.3525390625,325.864501953125,0.15343888103961945,0.051899880170822144,22.064489364624023,8.754159927368164,rock,rock.00010.wav
-169.74000549316406,119.11503601074219,7.171098709106445,53.4308967590332,4.141932010650635,23.13068962097168,-5.7138543128967285,24.995336532592773,-9.326623916625977,13.470993041992188,-14.286961555480957,5.954391002655029,-13.598769187927246,53.807716369628906,24.85920524597168,20.006654739379883,14.706700325012207,11.816131591796875,11.264790534973145,9.551438331604004,8.455161094665527,8.292573928833008,7.762689113616943,7.426736831665039,7.226846694946289,6.877386569976807,1536.9871826171875,701.2435302734375,0.054334137588739395,0.04011039435863495,0.34322383999824524,0.29809853434562683,117.4538345336914,3415.2626953125,1542.0760498046875,2036.922119140625,416.1020812988281,0.12337732315063477,0.030746936798095703,22.556861877441406,7.81984281539917,rock,rock.00011.wav
-204.65545654296875,107.00343322753906,-10.197386741638184,45.55988693237305,3.0363900661468506,24.00913429260254,-7.501374244689941,20.058528900146484,-5.170926570892334,8.742727279663086,-10.101094245910645,4.365466594696045,-6.959644317626953,76.10554504394531,29.6483154296875,18.806678771972656,15.39307975769043,15.254056930541992,12.848666191101074,13.382770538330078,11.629501342773438,12.50566291809082,9.16046142578125,8.901384353637695,8.646595001220703,7.763425350189209,1863.08984375,901.4165649414062,0.0681900605559349,0.05652586743235588,0.3388994336128235,0.31368252635002136,112.3471450805664,3985.16748046875,1653.0687255859375,2067.2275390625,456.65203857421875,0.07588578760623932,0.03612931817770004,20.47966766357422,7.830162525177002,rock,rock.00012.wav
-211.2082977294922,95.76803588867188,40.58082962036133,68.30281066894531,5.315100193023682,30.97361183166504,-5.270473003387451,22.828838348388672,-1.6150612831115723,17.489036560058594,-11.487265586853027,8.734695434570312,-10.456018447875977,68.30924987792969,29.28777503967285,27.423892974853516,16.549833297729492,12.756937980651855,12.039966583251953,10.825572967529297,10.890972137451172,12.170084953308105,8.923110008239746,7.768587112426758,7.820880889892578,7.367739677429199,1596.523193359375,839.0244750976562,0.04609987139701843,0.03847871720790863,0.4404309391975403,0.30438077449798584,123.046875,3824.085205078125,2132.889892578125,2237.46435546875,525.4863891601562,0.13374000787734985,0.044163357466459274,22.583568572998047,8.0977783203125,rock,rock.00013.wav
-256.5845031738281,103.17071533203125,-8.463652610778809,48.5931510925293,-4.183111667633057,17.341554641723633,-6.668195724487305,17.03863525390625,-4.599119663238525,5.321588039398193,-10.013155937194824,8.242727279663086,-6.199188709259033,111.65917205810547,36.63250732421875,25.54079246520996,19.01959228515625,20.75356674194336,14.502182960510254,16.790903091430664,13.753728866577148,13.820826530456543,10.498368263244629,11.523848533630371,9.958647727966309,9.439867973327637,1935.4498291015625,957.974609375,0.08359435200691223,0.07475118339061737,0.3805248737335205,0.3165861964225769,117.4538345336914,3982.74267578125,1638.2239990234375,2007.3328857421875,427.9978942871094,0.05352145433425903,0.03353569284081459,20.28142547607422,7.459656238555908,rock,rock.00014.wav
-174.94175720214844,90.89378356933594,-18.696542739868164,41.621612548828125,-8.882181167602539,9.097590446472168,-12.460493087768555,13.123887062072754,-9.697834014892578,4.337836742401123,-13.489968299865723,6.743155002593994,-10.383935928344727,59.995689392089844,40.53704071044922,25.117477416992188,16.075162887573242,17.561330795288086,13.204435348510742,14.268253326416016,13.02295207977295,11.621983528137207,10.512312889099121,11.025653839111328,10.540956497192383,10.376206398010254,2336.111572265625,1023.5346069335938,0.11420150101184845,0.08064180612564087,0.3437172770500183,0.3039444088935852,135.99917602539062,4501.4228515625,1705.58984375,2099.311767578125,431.449462890625,0.0822996273636818,0.055679500102996826,21.179826736450195,8.439483642578125,rock,rock.00015.wav
-15.687385559082031,100.0982666015625,-37.590457916259766,45.97100067138672,-20.77373695373535,25.637006759643555,-18.643869400024414,26.51662254333496,-20.163169860839844,21.129619598388672,-13.649134635925293,10.978789329528809,-15.535990715026855,18.379215240478516,13.59868049621582,13.127217292785645,11.228865623474121,9.332348823547363,7.326930046081543,7.078005313873291,5.885647773742676,7.124575614929199,6.660345077514648,5.964277744293213,6.713752746582031,6.1818318367004395,2459.380859375,359.69512939453125,0.14284229278564453,0.034063372761011124,0.46137362718582153,0.2813207507133484,143.5546875,5024.203125,801.6322631835938,2221.3828125,208.81314086914062,0.18442486226558685,0.03200657293200493,20.20332908630371,10.55351734161377,rock,rock.00016.wav
-41.432640075683594,105.41606903076172,-43.95048141479492,54.10911560058594,-18.41774559020996,23.525930404663086,-17.6177921295166,20.664485931396484,-18.46294593811035,17.48168182373047,-15.181072235107422,11.308914184570312,-14.158966064453125,32.169715881347656,15.662668228149414,14.513352394104004,10.858243942260742,9.195462226867676,7.882173538208008,7.890127658843994,6.5955047607421875,7.396687030792236,6.165769100189209,6.193790912628174,5.779607772827148,6.353853702545166,2311.941650390625,398.40704345703125,0.14058758318424225,0.03404383361339569,0.4188788831233978,0.27698221802711487,123.046875,4527.939453125,901.8447875976562,2060.77294921875,264.60626220703125,0.16596873104572296,0.034751005470752716,21.22661781311035,9.511225700378418,rock,rock.00017.wav
-67.55525970458984,109.12109375,-32.731327056884766,45.65721893310547,-11.699701309204102,27.49436378479004,-16.34174156188965,22.087678909301758,-15.454766273498535,19.40410614013672,-11.621109962463379,11.591024398803711,-10.52107048034668,37.44156265258789,21.345279693603516,18.68587303161621,13.137605667114258,9.587355613708496,10.917428970336914,9.329821586608887,6.953169822692871,7.803989887237549,7.242948055267334,7.89801549911499,5.952298164367676,6.5881123542785645,2209.57373046875,528.7599487304688,0.11580542474985123,0.050077974796295166,0.48023721575737,0.28049567341804504,117.4538345336914,4594.56396484375,1123.7435302734375,2142.7978515625,314.3920593261719,0.14070792496204376,0.04668545722961426,19.379140853881836,9.828001976013184,rock,rock.00018.wav
-84.2173080444336,102.3507308959961,-41.34684371948242,47.03287887573242,-16.961946487426758,26.2421817779541,-18.962617874145508,18.80251693725586,-21.69579315185547,11.055486679077148,-19.242597579956055,5.2391276359558105,-16.765684127807617,44.81163787841797,16.887432098388672,15.828481674194336,14.055896759033203,7.971724033355713,8.697487831115723,8.3612642288208,8.51701831817627,8.403474807739258,8.963007926940918,7.112732410430908,7.408052921295166,5.230275630950928,2321.139404296875,404.4095458984375,0.1281995326280594,0.043381281197071075,0.43590208888053894,0.27744850516319275,117.4538345336914,4701.92138671875,882.4515991210938,2118.865234375,251.7424774169922,0.11218207329511642,0.03821396082639694,20.113927841186523,9.521574974060059,rock,rock.00019.wav
-56.943450927734375,115.21052551269531,-30.444604873657227,37.20380783081055,-21.99480438232422,21.870763778686523,-19.770648956298828,14.999987602233887,-24.074703216552734,17.787261962890625,-17.278642654418945,6.752427577972412,-10.744572639465332,44.92744827270508,22.39041519165039,17.665895462036133,10.797608375549316,11.900801658630371,10.312846183776855,8.110652923583984,7.216747283935547,8.614612579345703,8.049271583557129,7.329288959503174,6.533371448516846,7.095127105712891,2188.264404296875,565.563232421875,0.11758961528539658,0.050751011818647385,0.3981715440750122,0.28393787145614624,99.38401794433594,4432.373046875,1179.234375,2120.22412109375,297.74432373046875,0.15241935849189758,0.04514366760849953,20.208433151245117,9.706083297729492,rock,rock.00020.wav
-55.33060836791992,114.44246673583984,-34.06888961791992,37.984397888183594,-22.331317901611328,18.52655601501465,-18.157928466796875,13.806142807006836,-27.80347442626953,18.16130828857422,-14.623385429382324,6.555210590362549,-8.26966667175293,35.37258529663086,20.50718116760254,16.489826202392578,12.591361999511719,13.600186347961426,10.641759872436523,10.461073875427246,7.702295303344727,9.951635360717773,8.327142715454102,7.002519607543945,7.581448554992676,7.028148651123047,2157.829833984375,499.4881591796875,0.1216035708785057,0.05365369841456413,0.3928767442703247,0.28264686465263367,184.5703125,4244.3662109375,960.6829223632812,2060.213623046875,248.43527221679688,0.16148923337459564,0.05040263012051582,20.636117935180664,9.631219863891602,rock,rock.00021.wav
-34.62348175048828,106.51091003417969,-41.074825286865234,33.66883850097656,-27.23453140258789,21.397689819335938,-21.319238662719727,14.007781982421875,-27.776123046875,16.067190170288086,-18.824478149414062,5.654366493225098,-14.290796279907227,34.24970626831055,22.074283599853516,19.709312438964844,11.124124526977539,9.857698440551758,9.485844612121582,10.452265739440918,6.654149532318115,10.483521461486816,8.867125511169434,6.721456527709961,6.765570640563965,6.756304740905762,2342.33544921875,506.8892517089844,0.13848896324634552,0.047091420739889145,0.4159105122089386,0.28088071942329407,198.76803588867188,4594.60546875,1011.2039184570312,2112.838623046875,267.9192199707031,0.17382122576236725,0.047589465975761414,20.120800018310547,10.180540084838867,rock,rock.00022.wav
-88.29214477539062,105.3929443359375,-24.510700225830078,41.84850311279297,-22.376440048217773,23.734203338623047,-19.802425384521484,15.150588989257812,-27.119735717773438,13.858992576599121,-15.214505195617676,8.941473960876465,-12.804369926452637,55.20999526977539,24.202716827392578,12.809297561645508,10.72402572631836,10.920527458190918,11.087516784667969,8.87037467956543,11.498686790466309,10.104217529296875,11.359042167663574,7.875176906585693,6.678225517272949,7.177840232849121,2295.565673828125,627.47802734375,0.11561872810125351,0.04864604398608208,0.29429030418395996,0.2873516082763672,73.828125,4849.6875,1293.6474609375,2207.431884765625,346.36981201171875,0.1357429176568985,0.040883272886276245,22.390037536621094,9.247174263000488,rock,rock.00023.wav
-52.4997444152832,99.70246124267578,-47.39474868774414,47.02238464355469,-21.03191566467285,22.88638687133789,-18.29364585876465,13.892620086669922,-23.449203491210938,13.50993824005127,-18.66952896118164,5.705556392669678,-12.896329879760742,33.06773376464844,19.412689208984375,20.838638305664062,13.649417877197266,12.142180442810059,10.677321434020996,6.863072872161865,7.374557971954346,8.068572998046875,7.962852954864502,6.796380043029785,6.634800910949707,6.4363532066345215,2320.5556640625,344.32012939453125,0.14344924688339233,0.04482610896229744,0.4051312208175659,0.2755107581615448,73.828125,4466.88134765625,694.9896850585938,2044.918212890625,214.26025390625,0.15652085840702057,0.04017310589551926,21.14422035217285,9.494433403015137,rock,rock.00024.wav
-47.05117416381836,95.76596069335938,-43.92543411254883,52.07753372192383,-22.552745819091797,20.855411529541016,-18.68784523010254,19.24420738220215,-21.26524543762207,21.887392044067383,-19.218746185302734,9.456287384033203,-12.582292556762695,23.961395263671875,16.156986236572266,15.88552188873291,16.40807342529297,11.185436248779297,9.28965950012207,8.57798957824707,7.011663913726807,7.087093353271484,9.22243595123291,6.0025715827941895,6.8850202560424805,9.161592483520508,2510.355712890625,379.8729248046875,0.1578902006149292,0.04380584508180618,0.4151025712490082,0.28260537981987,103.359375,4735.37158203125,839.1127319335938,2115.28515625,233.22422790527344,0.14910566806793213,0.039253346621990204,20.743427276611328,10.040799140930176,rock,rock.00025.wav
-58.966331481933594,106.56531524658203,-31.7941837310791,47.91972732543945,-17.430267333984375,27.756452560424805,-14.035484313964844,22.419857025146484,-20.562475204467773,19.568918228149414,-14.586194038391113,10.188966751098633,-10.941551208496094,30.85973358154297,19.5545654296875,13.51596450805664,11.161457061767578,11.110621452331543,9.368985176086426,9.984716415405273,6.781966686248779,7.308907985687256,8.095914840698242,6.456616401672363,5.918665409088135,6.945626735687256,2263.522216796875,480.7871398925781,0.12293878942728043,0.0464061014354229,0.3831232488155365,0.28357648849487305,112.3471450805664,4603.7138671875,966.7216796875,2150.409423828125,239.99574279785156,0.15269838273525238,0.03431134298443794,20.939102172851562,9.565974235534668,rock,rock.00026.wav
-123.3453369140625,74.88168334960938,-17.058034896850586,31.6099853515625,2.5446815490722656,17.328310012817383,-3.815232515335083,9.723453521728516,-7.237524032592773,11.25865650177002,0.3819888234138489,3.4685218334198,1.6636860370635986,51.364295959472656,25.250028610229492,16.53776741027832,14.1592435836792,10.397204399108887,9.449060440063477,10.098271369934082,7.83557653427124,8.123567581176758,6.854071617126465,6.6373114585876465,6.998904228210449,8.400513648986816,2669.359375,677.9194946289062,0.1334220916032791,0.06750774383544922,0.4025210738182068,0.29779142141342163,151.99908447265625,5445.8671875,1169.752685546875,2440.4638671875,291.41802978515625,0.07916758209466934,0.01575515978038311,17.882225036621094,3.6845452785491943,rock,rock.00027.wav
-92.62162780761719,101.81189727783203,-33.4673957824707,48.70225143432617,12.402112007141113,20.806869506835938,8.704763412475586,9.274925231933594,2.767545700073242,5.239055156707764,-9.331888198852539,-3.4845621585845947,-4.351447105407715,51.235595703125,27.469823837280273,19.44441795349121,14.48354721069336,10.812857627868652,8.177312850952148,7.781614780426025,7.535946369171143,8.000605583190918,8.6087007522583,7.072439193725586,6.679788112640381,6.025343894958496,2047.1451416015625,594.8831787109375,0.101985402405262,0.036763593554496765,0.44274234771728516,0.28236186504364014,135.99917602539062,4096.08349609375,1269.953857421875,2070.537841796875,429.8938293457031,0.13879743218421936,0.02967463806271553,18.413349151611328,3.7879505157470703,rock,rock.00028.wav
-42.4476203918457,85.06940460205078,-7.393642902374268,40.71378707885742,-1.0123374462127686,18.935546875,-3.5306551456451416,5.873620510101318,-5.017306804656982,4.243310451507568,-3.1803700923919678,-0.5721075534820557,-0.5273755788803101,37.03575897216797,23.11213493347168,17.581418991088867,11.036642074584961,8.69483470916748,9.140054702758789,7.4788818359375,6.367171764373779,6.487488269805908,6.84694766998291,6.601867198944092,6.673262596130371,6.5234808921813965,2444.583984375,610.0416870117188,0.11148874461650848,0.04764056205749512,0.4186010956764221,0.2873266041278839,123.046875,5172.310546875,1104.6646728515625,2433.78466796875,332.0088195800781,0.1800459772348404,0.03508329018950462,17.405481338500977,3.631436586380005,rock,rock.00029.wav
-131.44668579101562,67.7161636352539,32.89906311035156,34.58985900878906,-3.2580535411834717,21.883930206298828,-5.811072826385498,10.24113941192627,-7.056926250457764,2.2975733280181885,-4.3679585456848145,-3.33029842376709,-6.280026435852051,49.47248077392578,28.930206298828125,28.4388427734375,18.60698890686035,11.232287406921387,13.747323989868164,10.368311882019043,8.260575294494629,8.368663787841797,8.895694732666016,7.133885860443115,6.799532890319824,6.7629289627075195,2945.194580078125,850.9209594726562,0.11495999991893768,0.06064546853303909,0.390338271856308,0.29172495007514954,117.4538345336914,6334.8115234375,1088.836669921875,2831.666748046875,329.7432556152344,0.09645353257656097,0.02231009490787983,18.27535629272461,4.408249855041504,rock,rock.00030.wav
-89.13876342773438,81.39791107177734,-12.569811820983887,22.79275131225586,-7.059605121612549,-0.4924919307231903,2.7757720947265625,-3.429509401321411,-7.712828636169434,-0.8480600714683533,-4.887397289276123,-2.6848654747009277,-5.287197113037109,68.93702697753906,29.879898071289062,24.978378295898438,13.879779815673828,12.314974784851074,12.421442985534668,12.285151481628418,8.981640815734863,8.756616592407227,9.269879341125488,7.962835788726807,8.7820463180542,7.941849231719971,2638.86767578125,779.3262329101562,0.13247236609458923,0.05609912425279617,0.3692016005516052,0.2958053648471832,117.4538345336914,5302.2177734375,1612.8804931640625,2512.4599609375,487.30462646484375,0.12612895667552948,0.05554444342851639,17.740697860717773,4.284786224365234,rock,rock.00031.wav
-26.406457901000977,85.7942886352539,-16.961444854736328,35.26088333129883,10.000133514404297,10.66892147064209,1.4469969272613525,4.710634231567383,-0.04728309065103531,2.0705881118774414,0.4205467402935028,5.425936222076416,-0.953118085861206,32.47825622558594,22.21932601928711,15.224136352539062,11.316587448120117,12.438283920288086,8.559305191040039,8.004317283630371,7.740863800048828,7.167148113250732,6.869625091552734,9.106614112854004,6.625297546386719,7.006979942321777,2345.8857421875,526.9358520507812,0.11549288034439087,0.04084295406937599,0.3834778368473053,0.2953302562236786,92.28515625,4735.771484375,1090.03369140625,2378.38525390625,316.5325622558594,0.22213958203792572,0.04947255551815033,18.176366806030273,3.8395447731018066,rock,rock.00032.wav
-119.11726379394531,128.92799377441406,-17.85623550415039,29.175466537475586,2.7212584018707275,8.00131893157959,-7.05839204788208,3.877889633178711,-1.5081709623336792,-3.983858823776245,-7.040400981903076,-2.8670530319213867,-4.177796363830566,50.44956970214844,29.468124389648438,19.100318908691406,9.819234848022461,10.891277313232422,9.39382266998291,10.10187816619873,8.418313026428223,7.748664379119873,7.70822811126709,7.144226551055908,6.1525044441223145,6.560063362121582,1673.575927734375,489.6458740234375,0.07488654553890228,0.02656632475554943,0.3235204219818115,0.29503974318504333,117.4538345336914,3430.029296875,1242.979736328125,1947.700439453125,446.73345947265625,0.12781934440135956,0.03722967952489853,18.567277908325195,4.188675403594971,rock,rock.00033.wav
-28.08936882019043,65.62969207763672,-7.35322904586792,33.59356689453125,11.073498725891113,14.760503768920898,2.1976208686828613,10.0637788772583,-0.329383909702301,10.136312484741211,-2.74882173538208,3.191470146179199,-1.683266282081604,25.938472747802734,18.48206901550293,15.957071304321289,13.159921646118164,9.698989868164062,8.618322372436523,8.841751098632812,6.15644645690918,6.866352558135986,7.260899543762207,8.547418594360352,6.027774810791016,6.32442045211792,2789.7939453125,533.5796508789062,0.13500787317752838,0.03904467821121216,0.4208856523036957,0.2806878685951233,135.99917602539062,5836.38134765625,1118.8070068359375,2648.76953125,287.53460693359375,0.19107995927333832,0.028029730543494225,18.709657669067383,3.5490896701812744,rock,rock.00034.wav
-124.00576782226562,109.50320434570312,5.883205413818359,32.8846549987793,10.982733726501465,11.693243026733398,12.6799955368042,12.969646453857422,1.6491059064865112,4.502442359924316,9.673786163330078,3.0551998615264893,3.530792713165283,49.125282287597656,24.147632598876953,19.14690589904785,11.312009811401367,9.08210277557373,7.441827297210693,7.636021614074707,6.888493061065674,6.293083667755127,5.90313720703125,5.881539344787598,5.6529011726379395,5.005482196807861,1867.3887939453125,631.3463745117188,0.056988317519426346,0.025089384987950325,0.4572339355945587,0.2817436456680298,129.19921875,4271.20751953125,1714.6572265625,2422.4150390625,530.4798583984375,0.12411600351333618,0.021461868658661842,16.73241424560547,3.5220789909362793,rock,rock.00035.wav
-0.45102089643478394,72.646728515625,-13.21434211730957,23.93039894104004,10.373188972473145,10.316969871520996,-4.924215793609619,14.358380317687988,-0.6711963415145874,9.922937393188477,0.7018816471099854,5.224045276641846,-4.066709995269775,30.747268676757812,21.89232635498047,16.142427444458008,9.728978157043457,9.695366859436035,8.804479598999023,8.177680969238281,7.324592590332031,6.6414923667907715,7.2291741371154785,6.184800624847412,6.332921981811523,5.913406848907471,2841.897216796875,634.8924560546875,0.14617523550987244,0.04883045703172684,0.428394615650177,0.277792364358902,135.99917602539062,5885.35595703125,1305.3984375,2619.2255859375,342.6593322753906,0.21663714945316315,0.038082338869571686,17.805919647216797,3.623485565185547,rock,rock.00036.wav
-71.16523742675781,79.44672393798828,-20.793611526489258,30.656105041503906,5.538387298583984,3.697484016418457,4.694746971130371,7.2714033126831055,-5.486176490783691,2.490971803665161,0.8379978537559509,-0.5833190083503723,-1.8935434818267822,42.75788497924805,22.122440338134766,18.870220184326172,15.250624656677246,9.360223770141602,8.623156547546387,8.536075592041016,6.908570766448975,8.282296180725098,7.3033833503723145,6.529432773590088,6.3320698738098145,5.927834510803223,2627.052978515625,638.2031860351562,0.1463192254304886,0.04932168126106262,0.45181864500045776,0.2704222798347473,129.19921875,5047.99462890625,1360.3636474609375,2442.79345703125,385.77301025390625,0.11332251131534576,0.031353939324617386,17.945247650146484,4.180276870727539,rock,rock.00037.wav
-15.928070068359375,67.15309143066406,-20.12190055847168,15.576830863952637,4.801263332366943,10.825858116149902,5.959400177001953,11.796420097351074,-0.39681529998779297,5.655035495758057,0.11372397094964981,1.097923994064331,-1.7415591478347778,33.80256652832031,21.139402389526367,20.267475128173828,15.136441230773926,15.060697555541992,13.74121379852295,10.584853172302246,9.800884246826172,9.987436294555664,9.468428611755371,9.137409210205078,9.689393997192383,8.637373924255371,2794.963134765625,580.9920654296875,0.1405501663684845,0.05951700732111931,0.41147807240486145,0.2909008860588074,135.99917602539062,5862.4228515625,1252.8743896484375,2633.96240234375,308.9646911621094,0.21929600834846497,0.06543529033660889,17.358196258544922,3.8403263092041016,rock,rock.00038.wav
-50.866233825683594,86.3950424194336,-14.416372299194336,12.843613624572754,21.69902992248535,4.238609790802002,1.738162636756897,3.706432580947876,4.691946506500244,-1.863010048866272,-1.1926677227020264,-0.010121466591954231,-4.118913650512695,35.70859146118164,18.710634231567383,14.636409759521484,8.974793434143066,11.616734504699707,7.691728115081787,7.204626083374023,6.051168441772461,6.1032538414001465,5.586614608764648,4.62724494934082,4.664363861083984,5.409246921539307,2559.28173828125,487.1943054199219,0.12278761714696884,0.03719205781817436,0.44269540905952454,0.26970764994621277,143.5546875,5447.48388671875,1361.1114501953125,2731.086669921875,306.50738525390625,0.14427855610847473,0.03841627016663551,18.69465446472168,5.962635517120361,rock,rock.00039.wav
-65.98846435546875,61.27696990966797,-1.9339221715927124,35.32307434082031,9.320188522338867,7.569520473480225,3.415292978286743,2.978025197982788,4.615322589874268,2.9165234565734863,1.7740639448165894,-0.39260396361351013,-5.753547191619873,51.642578125,21.321067810058594,18.5231876373291,16.365478515625,9.848495483398438,10.96749210357666,10.470353126525879,7.93109655380249,7.879317283630371,6.831571578979492,7.3481268882751465,6.694080352783203,6.2724289894104,3009.9775390625,659.8839721679688,0.1447443962097168,0.05888352543115616,0.41608870029449463,0.29632747173309326,112.3471450805664,6130.82958984375,1337.814697265625,2777.974853515625,368.2818908691406,0.14280498027801514,0.05609976872801781,18.832857131958008,6.874701499938965,rock,rock.00040.wav
-35.399131774902344,73.67545318603516,-20.210777282714844,17.16295623779297,14.951290130615234,10.214681625366211,7.604469299316406,1.5989147424697876,4.177347183227539,0.7355448603630066,-0.3854457437992096,-1.313180685043335,-2.049189567565918,37.67943572998047,22.266254425048828,16.57729148864746,13.98524284362793,11.167902946472168,8.173617362976074,8.69050121307373,7.307653427124023,6.385446071624756,6.305659770965576,6.575572967529297,5.740618705749512,5.781103610992432,2807.300537109375,660.0424194335938,0.14837174117565155,0.05753343552350998,0.4022149443626404,0.2828253507614136,117.4538345336914,5678.49072265625,1360.7003173828125,2688.50341796875,343.655517578125,0.16064365208148956,0.045297857373952866,18.831363677978516,5.7598395347595215,rock,rock.00041.wav
-74.19892120361328,76.74987030029297,-3.812321186065674,28.032583236694336,8.144328117370605,6.01887321472168,4.306131362915039,0.505243718624115,2.8562192916870117,-0.9419192671775818,-2.350552797317505,-0.282863587141037,-1.4562792778015137,59.77894592285156,26.768857955932617,22.698518753051758,16.224802017211914,13.139657020568848,9.137206077575684,9.625391960144043,7.023557186126709,8.258886337280273,6.593022346496582,8.466217041015625,6.440122127532959,6.7532172203063965,2794.370849609375,781.9459228515625,0.1376480758190155,0.0652770847082138,0.4443834125995636,0.2834056615829468,161.4990234375,5877.40625,1656.2069091796875,2731.942138671875,454.36859130859375,0.1189284548163414,0.04419746994972229,17.174837112426758,4.488135814666748,rock,rock.00042.wav
-62.0799446105957,75.84868621826172,-26.75746726989746,18.27989387512207,2.4523019790649414,5.82619571685791,11.583855628967285,0.009005851112306118,8.69517993927002,5.51440954208374,-0.251000314950943,2.399003744125366,-1.7422585487365723,68.55648803710938,22.95303726196289,20.61566734313965,14.328588485717773,9.012231826782227,8.548083305358887,10.64101505279541,8.453474044799805,9.041933059692383,7.6348042488098145,6.235963344573975,7.302384853363037,7.16970157623291,2740.154296875,639.060302734375,0.14402899146080017,0.051536258310079575,0.4202406704425812,0.2970188558101654,89.10291290283203,5327.29296875,1409.738037109375,2541.9072265625,410.22222900390625,0.13984785974025726,0.05829500034451485,17.48960304260254,4.909407138824463,rock,rock.00043.wav
-118.35712432861328,130.22547912597656,-3.0720033645629883,15.734302520751953,3.9399168491363525,10.663591384887695,6.8349127769470215,3.3929507732391357,0.7619886994361877,-2.5365586280822754,-3.1070427894592285,-2.8583638668060303,-1.622406244277954,48.91650390625,31.050941467285156,21.657197952270508,15.601810455322266,10.889184951782227,7.866811275482178,6.794258117675781,6.312890529632568,6.770907878875732,5.759748935699463,6.930939674377441,9.099858283996582,6.522026062011719,1652.1793212890625,502.0865173339844,0.06892966479063034,0.022599318996071815,0.3113982081413269,0.28843235969543457,92.28515625,3456.85400390625,1543.257080078125,2104.396484375,562.70361328125,0.1443280726671219,0.03513666242361069,20.25406837463379,5.188121318817139,rock,rock.00044.wav
-172.5916748046875,142.76536560058594,-55.78308868408203,79.31111907958984,-1.8683820962905884,4.8111419677734375,0.23752738535404205,-11.501947402954102,-0.27545619010925293,-9.372540473937988,-7.673828125,-11.25028133392334,-5.676462173461914,62.360206604003906,14.571905136108398,20.035139083862305,10.295683860778809,11.034582138061523,8.178832054138184,7.334657192230225,6.473580837249756,5.501093864440918,6.719632148742676,5.390550136566162,5.224541187286377,5.052567958831787,1561.5465087890625,300.84320068359375,0.07896512746810913,0.028514953330159187,0.36134955286979675,0.28742775321006775,151.99908447265625,3243.23046875,531.5042724609375,1568.9776611328125,105.64096069335938,0.09699847549200058,0.028578225523233414,20.540254592895508,5.18992280960083,rock,rock.00045.wav
-83.09334564208984,91.52498626708984,-13.697012901306152,16.139076232910156,10.334052085876465,5.5303425788879395,-9.44882869720459,-6.6147942543029785,-3.031773090362549,4.939131259918213,2.6464743614196777,1.0551013946533203,-3.6679461002349854,50.43389892578125,26.684526443481445,20.893991470336914,9.22915267944336,9.044960975646973,8.904668807983398,8.724410057067871,7.458578109741211,7.769058704376221,6.22018575668335,5.971237659454346,6.6099324226379395,7.137016296386719,2428.5322265625,665.777587890625,0.11816519498825073,0.040956005454063416,0.36131179332733154,0.28645429015159607,103.359375,5034.111328125,1654.219970703125,2501.839111328125,466.31378173828125,0.12062349170446396,0.037010446190834045,18.94344711303711,5.342912673950195,rock,rock.00046.wav
-58.28947830200195,62.49394226074219,-12.66530704498291,31.92991065979004,8.108556747436523,2.252082109451294,3.901430368423462,1.4481050968170166,-2.7169504165649414,1.1021153926849365,-0.4605376124382019,-2.382965564727783,1.2428723573684692,43.08185577392578,26.24345588684082,18.30309295654297,16.5695858001709,10.359267234802246,11.170450210571289,13.237100601196289,10.250978469848633,9.427420616149902,9.221744537353516,5.947046279907227,7.012836456298828,7.267269611358643,2998.556884765625,738.3411865234375,0.15630365908145905,0.07172892987728119,0.4613814949989319,0.29403531551361084,107.666015625,5963.35546875,1415.915283203125,2691.38623046875,372.3594665527344,0.13890297710895538,0.044473327696323395,17.452491760253906,5.220945358276367,rock,rock.00047.wav
-93.35920715332031,137.46543884277344,-45.09274673461914,37.81913375854492,-9.423070907592773,12.591269493103027,-7.494570732116699,5.548374176025391,-3.7386364936828613,-2.0140531063079834,-2.458911895751953,-9.575428009033203,-3.1775431632995605,36.640419006347656,22.71193504333496,12.6101655960083,12.412721633911133,11.931992530822754,9.852721214294434,7.1293721199035645,8.06737995147705,7.91343879699707,6.156550884246826,7.373380661010742,6.8256754875183105,7.538284778594971,1646.6339111328125,343.8904724121094,0.08526478707790375,0.02793186902999878,0.32153019309043884,0.2858131229877472,129.19921875,3184.3056640625,711.7131958007812,1701.411376953125,231.0494384765625,0.1455613076686859,0.023994682356715202,19.57390022277832,4.902852535247803,rock,rock.00048.wav
-142.48468017578125,116.1689224243164,2.269467353820801,31.065383911132812,6.192659854888916,0.11036233603954315,0.3172527253627777,7.7940239906311035,3.2462353706359863,-3.0221729278564453,1.7105085849761963,0.7426469922065735,0.14290639758110046,99.41041564941406,46.20861053466797,21.2902774810791,13.738166809082031,11.829241752624512,9.107309341430664,7.800787925720215,7.510439872741699,7.2684407234191895,8.619075775146484,7.065796375274658,6.946895599365234,6.68825626373291,2077.544677734375,1103.191162109375,0.0913051888346672,0.05402112752199173,0.3961080312728882,0.2786537706851959,112.3471450805664,4495.3896484375,2579.388916015625,2333.931396484375,833.754150390625,0.10099384188652039,0.048147231340408325,17.813762664794922,3.950976848602295,rock,rock.00049.wav
-145.00860595703125,118.48389434814453,20.532211303710938,28.56977081298828,2.352550506591797,10.085841178894043,11.913154602050781,4.856400489807129,-0.06745915114879608,3.293766975402832,3.4043331146240234,3.653158664703369,5.371288776397705,71.1512680053711,35.83264923095703,18.359376907348633,10.864328384399414,9.236897468566895,8.390653610229492,7.466691017150879,7.291449069976807,8.132622718811035,6.5709099769592285,7.35538911819458,6.11626672744751,7.794261455535889,1720.59130859375,837.23388671875,0.05328954756259918,0.03816719725728035,0.3946422040462494,0.2986186444759369,123.046875,3810.0185546875,1984.878173828125,2311.9462890625,605.47705078125,0.14123225212097168,0.07133214175701141,17.254899978637695,3.87231707572937,rock,rock.00050.wav
-66.34944915771484,66.78922271728516,25.184574127197266,26.302906036376953,5.300069808959961,10.46248722076416,2.4782750606536865,0.7563055753707886,-0.37080544233322144,1.7285492420196533,3.213731050491333,5.036754608154297,-1.940718412399292,48.428321838378906,24.045204162597656,18.748291015625,11.53250789642334,11.44573974609375,8.765506744384766,9.26579761505127,8.406366348266602,8.118319511413574,8.376606941223145,6.821964740753174,7.483884334564209,7.243181228637695,3030.435546875,869.8103637695312,0.12080841511487961,0.07633107155561447,0.3687775731086731,0.2950368821620941,172.265625,6731.70947265625,1313.15771484375,3055.317138671875,293.64959716796875,0.16165073215961456,0.04680538550019264,16.91410255432129,3.9108259677886963,rock,rock.00051.wav
-181.2550811767578,103.40521240234375,9.393451690673828,19.076099395751953,13.793488502502441,-0.4987662732601166,4.365122318267822,-7.60660457611084,-8.104534149169922,-0.1455000638961792,-5.163271903991699,-6.306929588317871,-5.4644317626953125,97.70661926269531,44.071388244628906,27.70123291015625,17.832855224609375,14.180322647094727,16.590906143188477,12.718734741210938,9.826728820800781,10.535964012145996,9.549581527709961,9.419827461242676,9.039323806762695,7.54583740234375,2187.20849609375,1325.985107421875,0.08860566467046738,0.08180662244558334,0.34070101380348206,0.3114270865917206,129.19921875,4463.72314453125,2664.76513671875,2449.200927734375,725.5473022460938,0.1132863312959671,0.07461903244256973,18.187992095947266,4.458451271057129,rock,rock.00052.wav
4.066039085388184,52.615936279296875,-11.040759086608887,19.7084903717041,11.29083251953125,7.062537670135498,5.064019203186035,4.561151027679443,0.028141139075160027,5.148392677307129,3.39976167678833,1.1702251434326172,0.5825346112251282,33.20601272583008,15.549809455871582,11.037492752075195,10.401054382324219,9.278271675109863,7.855381488800049,7.9758782386779785,6.810842990875244,6.813488483428955,6.417810440063477,6.561119079589844,5.625358581542969,5.724335193634033,3361.767333984375,551.705078125,0.18757331371307373,0.05972691625356674,0.40914294123649597,0.2738316059112549,117.4538345336914,6920.52490234375,1010.2083129882812,2933.202392578125,234.74317932128906,0.19013544917106628,0.04348135367035866,16.6441707611084,3.3774783611297607,rock,rock.00053.wav
-156.23690795898438,75.61201477050781,-16.506853103637695,16.34114646911621,5.8195719718933105,6.018424034118652,-4.133172512054443,-3.7573888301849365,-6.168892860412598,-8.928879737854004,-4.102284908294678,-2.2225193977355957,-4.650421619415283,48.42975616455078,31.528390884399414,16.570636749267578,15.145593643188477,11.205224990844727,9.775795936584473,8.722572326660156,9.843709945678711,9.322463035583496,9.588879585266113,8.373321533203125,9.56174087524414,9.23736572265625,2632.740234375,979.4561157226562,0.13243305683135986,0.0854543000459671,0.3466451168060303,0.29415783286094666,107.666015625,5310.9013671875,1814.459228515625,2550.511474609375,448.3089904785156,0.06547273695468903,0.025220274925231934,20.05902099609375,4.405584335327148,rock,rock.00054.wav
-91.8997802734375,130.0064697265625,1.790188193321228,11.658317565917969,3.228639602661133,-1.966854453086853,-2.212193727493286,-0.8591418862342834,-4.337864398956299,-3.5468602180480957,-1.5544235706329346,-0.5467613339424133,0.4062906801700592,45.759483337402344,22.18356704711914,19.259254455566406,14.648300170898438,8.7898588180542,10.741460800170898,7.10326623916626,7.885970592498779,7.280676364898682,7.604508399963379,5.721529960632324,5.671899795532227,6.026991844177246,1711.1893310546875,521.5420532226562,0.06657442450523376,0.019149044528603554,0.4316136837005615,0.27138152718544006,129.19921875,3614.619873046875,1626.0498046875,2248.255615234375,457.3374938964844,0.1471862494945526,0.047941889613866806,16.67815589904785,3.6933772563934326,rock,rock.00055.wav
-7.851338863372803,59.508636474609375,3.669032573699951,28.985015869140625,4.145484924316406,10.275527954101562,2.544891834259033,7.594005584716797,-1.3849740028381348,2.960132122039795,4.042452335357666,-0.7512194514274597,1.0540920495986938,39.77475357055664,18.44887351989746,15.152609825134277,9.868877410888672,8.412137031555176,6.695552349090576,8.678215980529785,6.217599391937256,6.274351596832275,6.616138935089111,6.065399169921875,5.646233081817627,5.287891387939453,3303.90478515625,678.9500122070312,0.17756393551826477,0.06830819696187973,0.4885188937187195,0.26912814378738403,135.99917602539062,6719.4345703125,1116.181640625,2914.147705078125,277.4234619140625,0.1756976693868637,0.045361652970314026,15.724759101867676,3.1944618225097656,rock,rock.00056.wav
-58.60115051269531,64.89225769042969,15.939432144165039,5.449437141418457,7.535342216491699,9.880082130432129,1.5892502069473267,5.345211505889893,-1.2376223802566528,-2.029954433441162,2.443626642227173,-0.7237524390220642,-0.31555259227752686,39.048885345458984,19.82196044921875,13.199122428894043,12.916121482849121,9.977741241455078,6.665735244750977,7.885865211486816,7.98026704788208,6.8473663330078125,6.422597408294678,7.198920249938965,5.914093494415283,6.349465370178223,3488.99560546875,748.412109375,0.17510287463665009,0.06284309178590775,0.3901253938674927,0.28968366980552673,123.046875,7660.5703125,1160.3643798828125,3241.748291015625,285.1231689453125,0.12258004397153854,0.031727612018585205,17.025081634521484,3.5200932025909424,rock,rock.00057.wav
-142.0154266357422,96.99694061279297,23.240543365478516,10.443575859069824,6.282169342041016,4.967879295349121,1.0824390649795532,1.0958389043807983,-4.841728210449219,0.8765875101089478,-3.4558091163635254,-2.0117530822753906,-5.893535137176514,35.79301452636719,29.402286529541016,17.98765754699707,12.065078735351562,10.361929893493652,9.007832527160645,8.81539249420166,7.417361736297607,8.055660247802734,7.907956600189209,7.574136257171631,7.852715015411377,7.382445812225342,2437.580078125,1003.19384765625,0.09894309192895889,0.06521771103143692,0.30106091499328613,0.2929689586162567,135.99917602539062,5497.92529296875,2049.21484375,2789.916015625,479.5398254394531,0.0874408707022667,0.01416917983442545,19.311185836791992,4.302104949951172,rock,rock.00058.wav
-219.125244140625,94.35542297363281,42.787418365478516,16.116039276123047,9.527345657348633,12.908823013305664,7.72127628326416,2.3854546546936035,-1.0225296020507812,-1.9537667036056519,-1.979730248451233,3.1503796577453613,-0.8850412368774414,46.04087448120117,32.822242736816406,20.672874450683594,17.037517547607422,11.499902725219727,9.714200019836426,7.764005184173584,7.139930248260498,7.870882987976074,7.1683197021484375,6.81345796585083,7.236093997955322,5.8959221839904785,2424.966796875,1070.208740234375,0.08656750619411469,0.05179320275783539,0.3395315706729889,0.28797560930252075,117.4538345336914,5645.75732421875,2481.68505859375,2927.561767578125,573.11328125,0.051181402057409286,0.013552531599998474,18.93716812133789,4.2225799560546875,rock,rock.00059.wav
-82.66664123535156,83.48526000976562,-0.5739465355873108,10.484199523925781,10.418731689453125,7.0719404220581055,5.080420017242432,0.0834524929523468,-0.20796477794647217,-0.9347753524780273,-0.09718938916921616,-1.6991580724716187,-1.0245147943496704,37.55327606201172,22.968578338623047,15.005894660949707,15.261540412902832,8.766883850097656,8.289969444274902,9.526453018188477,8.27546501159668,7.666866779327393,6.794576168060303,6.855893135070801,6.759293556213379,6.567328929901123,2797.384033203125,792.0293579101562,0.13467605412006378,0.051107391715049744,0.4054853022098541,0.2853964865207672,89.10291290283203,6205.4541015625,1881.057861328125,2891.871826171875,478.233154296875,0.10329776257276535,0.024485411122441292,17.06336784362793,3.7805869579315186,rock,rock.00060.wav
-193.56298828125,98.39903259277344,44.0577278137207,23.779394149780273,12.564505577087402,8.460668563842773,2.1713907718658447,-0.34650662541389465,-8.192858695983887,-9.118400573730469,-5.235873222351074,-4.838527202606201,-1.3708207607269287,66.65059661865234,29.118671417236328,26.12235450744629,14.757719993591309,11.900127410888672,9.159496307373047,9.061175346374512,7.524539470672607,7.929952144622803,7.119542598724365,7.944741249084473,6.8151164054870605,6.800402641296387,2072.9853515625,894.84619140625,0.06909104436635971,0.04856639727950096,0.29976487159729004,0.2927807867527008,80.74951171875,4691.10498046875,2319.31787109375,2740.29248046875,488.2438049316406,0.08834068477153778,0.021003680303692818,18.43282699584961,4.6464152336120605,rock,rock.00061.wav
-212.29835510253906,65.75984954833984,45.1823616027832,19.73008155822754,11.80588436126709,8.06157398223877,4.434144973754883,4.215857982635498,-2.318168878555298,-2.189948081970215,-1.6369863748550415,-4.651898384094238,-3.726616859436035,63.972137451171875,28.262784957885742,27.050220489501953,17.780384063720703,15.18051528930664,11.54997444152832,11.015750885009766,7.5052361488342285,7.978025913238525,8.350907325744629,7.686548709869385,5.952130317687988,6.789134979248047,2947.109130859375,1004.6541748046875,0.10857001692056656,0.06711174547672272,0.31972646713256836,0.30311325192451477,123.046875,6983.2080078125,1801.9068603515625,3203.015380859375,456.0249938964844,0.06044034659862518,0.02814018540084362,18.920719146728516,4.622463703155518,rock,rock.00062.wav
-302.7938232421875,116.16437530517578,44.75728988647461,25.957435607910156,18.726181030273438,7.572909832000732,7.33574914932251,4.042331218719482,-4.186881065368652,0.8677524924278259,0.9239050149917603,2.8157293796539307,1.4195157289505005,88.5785140991211,50.49121856689453,26.66975975036621,23.055814743041992,17.148649215698242,13.424805641174316,12.194934844970703,9.773499488830566,12.038597106933594,11.593273162841797,13.298081398010254,9.813790321350098,11.2712984085083,1711.66259765625,1238.9599609375,0.05583450570702553,0.052965760231018066,0.3296278119087219,0.3061023950576782,75.99954223632812,3492.65380859375,2883.33056640625,2310.12255859375,830.6448974609375,0.053099069744348526,0.019103916361927986,20.75765609741211,5.28009557723999,rock,rock.00063.wav
-118.81869506835938,104.41145324707031,-29.167768478393555,42.10883712768555,-13.289315223693848,29.063268661499023,-20.876985549926758,21.613054275512695,-24.322349548339844,10.711962699890137,-15.105816841125488,5.9485650062561035,-11.778100967407227,55.03694534301758,17.42853546142578,20.311494827270508,11.125804901123047,12.46539306640625,11.090386390686035,9.021110534667969,6.999239444732666,8.151518821716309,7.776906967163086,7.41688871383667,6.838212013244629,6.590672016143799,2181.718017578125,394.412841796875,0.10637614876031876,0.03837689012289047,0.37433740496635437,0.2911321818828583,151.99908447265625,4691.0048828125,989.7622680664062,2181.496826171875,274.8190002441406,0.10704803466796875,0.04064929485321045,21.317184448242188,9.026270866394043,rock,rock.00064.wav
-95.29631042480469,103.81673431396484,-37.021419525146484,52.69776916503906,-20.76406478881836,27.576885223388672,-17.5366268157959,24.813133239746094,-11.30056095123291,16.64461898803711,-9.249601364135742,10.18789291381836,-8.786783218383789,44.523162841796875,20.528806686401367,19.647159576416016,12.48538875579834,12.167795181274414,9.586398124694824,9.519108772277832,8.731167793273926,9.680335998535156,9.978620529174805,8.958579063415527,7.728983402252197,7.25183629989624,2294.29150390625,426.14361572265625,0.12912128865718842,0.03764205798506737,0.39521196484565735,0.2842255234718323,123.046875,4730.4130859375,875.89892578125,2104.185546875,275.3912658691406,0.11465216428041458,0.03605104982852936,21.258615493774414,9.09268569946289,rock,rock.00065.wav
-245.18563842773438,95.09854125976562,-21.243844985961914,45.65591812133789,-3.5624685287475586,14.98202896118164,-20.670310974121094,19.526782989501953,-21.713743209838867,7.3274712562561035,-9.289677619934082,0.8187548518180847,-13.016045570373535,95.22177124023438,28.42381477355957,24.765758514404297,16.815032958984375,12.47585678100586,15.834869384765625,14.186991691589355,10.790546417236328,14.360472679138184,10.818428039550781,9.45749568939209,9.000736236572266,7.902327537536621,2209.342041015625,634.0095825195312,0.10714711993932724,0.053107455372810364,0.360093891620636,0.29509472846984863,75.99954223632812,4575.447265625,1310.8297119140625,2175.09765625,363.6542053222656,0.042979974299669266,0.028778063133358955,21.845796585083008,7.142765045166016,rock,rock.00066.wav
-123.72794342041016,94.75421905517578,-9.56672191619873,53.2689094543457,-13.7581148147583,17.72808265686035,-19.212339401245117,25.298622131347656,-18.704410552978516,15.385912895202637,-12.513976097106934,9.367707252502441,-11.601577758789062,50.72150421142578,27.183856964111328,19.772891998291016,14.749939918518066,11.313504219055176,12.18803882598877,11.262807846069336,9.285987854003906,9.891463279724121,8.477685928344727,8.242223739624023,7.399204254150391,7.046102046966553,2414.0029296875,692.077880859375,0.11991915106773376,0.06038745865225792,0.3929072320461273,0.29091545939445496,103.359375,5212.2353515625,1220.4945068359375,2338.98779296875,327.0638427734375,0.10014721006155014,0.0392497181892395,21.863340377807617,9.024799346923828,rock,rock.00067.wav
-121.09557342529297,91.74797058105469,-14.709611892700195,52.973697662353516,-11.412967681884766,31.00334358215332,-17.49176788330078,24.202194213867188,-24.778627395629883,17.113521575927734,-15.886059761047363,10.376738548278809,-8.625384330749512,41.12533950805664,20.36415672302246,15.596626281738281,9.149489402770996,8.580413818359375,9.572154998779297,7.926514148712158,8.426580429077148,8.707603454589844,7.716090202331543,7.235839366912842,7.0484185218811035,6.219836235046387,2467.064697265625,531.5989990234375,0.1182800829410553,0.050497233867645264,0.4021151065826416,0.2875938415527344,123.046875,5402.50048828125,888.8591918945312,2398.962890625,211.45626831054688,0.09121902287006378,0.023548198863863945,21.54366683959961,9.23481559753418,rock,rock.00068.wav
-203.31390380859375,85.3817138671875,-11.569647789001465,54.77840042114258,-11.609861373901367,20.57291603088379,-27.770662307739258,18.87808609008789,-31.656442642211914,10.70988941192627,-11.932769775390625,4.121627330780029,-4.0036139488220215,44.742733001708984,28.823328018188477,17.24300193786621,12.044692039489746,10.548006057739258,11.915826797485352,11.906746864318848,8.234625816345215,13.113951683044434,10.209864616394043,9.100005149841309,9.097187995910645,10.125296592712402,2569.105224609375,777.3511352539062,0.13768965005874634,0.0648752823472023,0.31144073605537415,0.29694005846977234,172.265625,5365.80908203125,1280.314208984375,2345.2802734375,323.4101257324219,0.04701054096221924,0.016519218683242798,23.325164794921875,7.91951847076416,rock,rock.00069.wav
-202.2282257080078,75.21359252929688,-14.220876693725586,66.3117904663086,-8.28917407989502,24.374107360839844,-16.250934600830078,17.125219345092773,-21.2917537689209,3.9677858352661133,-19.749534606933594,0.4896693229675293,-4.503657341003418,59.010433197021484,23.8328800201416,23.21269989013672,16.025463104248047,13.957389831542969,11.625226020812988,11.944461822509766,9.305985450744629,9.73590087890625,11.516107559204102,8.759419441223145,8.061060905456543,8.86732006072998,2512.144287109375,626.88330078125,0.13914088904857635,0.06009002402424812,0.3679928481578827,0.29618173837661743,172.265625,5130.46875,1070.4093017578125,2245.287353515625,296.7200012207031,0.05409812182188034,0.025430887937545776,23.800954818725586,8.14028549194336,rock,rock.00070.wav
-79.84978485107422,109.94087219238281,-17.126644134521484,47.195335388183594,-11.945710182189941,33.33559799194336,-11.699732780456543,23.630064010620117,-13.667415618896484,18.453720092773438,-6.937197685241699,13.033838272094727,-11.58344841003418,57.380409240722656,18.984386444091797,15.902786254882812,14.917525291442871,11.365934371948242,9.386500358581543,9.495949745178223,7.862542629241943,9.509602546691895,8.246023178100586,7.985770225524902,6.547617435455322,6.500934600830078,2024.9671630859375,467.9643859863281,0.09080822020769119,0.03520101308822632,0.45442816615104675,0.2801031470298767,112.3471450805664,4571.1474609375,1004.5359497070312,2215.187255859375,267.41107177734375,0.16090843081474304,0.05011233687400818,19.97615623474121,9.466903686523438,rock,rock.00071.wav
-95.32930755615234,112.44343566894531,-2.0780863761901855,47.04460525512695,-10.373583793640137,29.782087326049805,-15.11297607421875,20.185731887817383,-12.67420482635498,16.488859176635742,-7.857435703277588,11.875227928161621,-11.181129455566406,53.72947692871094,24.271102905273438,20.3705997467041,14.36048698425293,10.773612022399902,9.214083671569824,8.08681869506836,7.005405902862549,7.259379863739014,8.325761795043945,6.837964057922363,7.0411577224731445,6.4990644454956055,1933.566650390625,650.1864624023438,0.08172853291034698,0.05156945437192917,0.4033683240413666,0.2906375229358673,103.359375,4360.04052734375,1333.6820068359375,2211.33642578125,310.1450500488281,0.16546212136745453,0.048510417342185974,20.995214462280273,9.115945816040039,rock,rock.00072.wav
-61.65255355834961,103.55276489257812,-16.907657623291016,49.269325256347656,-14.810510635375977,31.711088180541992,-17.215972900390625,24.628934860229492,-14.482388496398926,18.02622413635254,-11.670495986938477,11.484824180603027,-9.816041946411133,42.71369171142578,18.773319244384766,13.383580207824707,10.883233070373535,8.07307243347168,8.329208374023438,8.186101913452148,6.575622081756592,7.420905113220215,8.256505012512207,6.2056145668029785,6.805596828460693,6.3193488121032715,2224.31103515625,540.940673828125,0.11005867272615433,0.04937794432044029,0.45865029096603394,0.27319321036338806,95.703125,4918.4951171875,962.5530395507812,2287.986572265625,229.62657165527344,0.16931797564029694,0.046456318348646164,20.532577514648438,9.786688804626465,rock,rock.00073.wav
-83.33729553222656,103.88043975830078,-13.938496589660645,56.89741134643555,-14.43038272857666,32.189998626708984,-14.128750801086426,19.15924644470215,-9.344779014587402,13.159194946289062,-11.727716445922852,8.406355857849121,-9.399951934814453,45.42823791503906,17.179988861083984,13.487951278686523,9.687433242797852,8.021064758300781,7.1767354011535645,8.445125579833984,6.536269664764404,9.075215339660645,7.1442365646362305,6.777645111083984,6.614887714385986,6.460381507873535,2140.759033203125,449.6011657714844,0.09116309136152267,0.031947989016771317,0.39440351724624634,0.29149770736694336,112.3471450805664,4832.44580078125,804.5316162109375,2246.2626953125,240.58612060546875,0.1538156270980835,0.04436295107007027,21.37445831298828,9.044193267822266,rock,rock.00074.wav
-113.69888305664062,94.93524169921875,-4.118005275726318,51.78670883178711,-13.77385425567627,34.33351516723633,-17.59379005432129,22.54424476623535,-12.406814575195312,17.20265769958496,-9.234708786010742,9.976574897766113,-13.472090721130371,60.1883659362793,25.091711044311523,20.04296112060547,12.679695129394531,12.301690101623535,11.581939697265625,10.701396942138672,9.549906730651855,9.187727928161621,8.9955472946167,8.999631881713867,8.481473922729492,6.7893781661987305,2301.69140625,641.6206665039062,0.11154543608427048,0.05658440664410591,0.4085308611392975,0.30105480551719666,117.4538345336914,5091.869140625,1102.989501953125,2355.02490234375,276.1071472167969,0.12686443328857422,0.04222992807626724,20.778406143188477,9.51750659942627,rock,rock.00075.wav
-132.3564453125,124.6559829711914,-9.664942741394043,46.451988220214844,-6.28532600402832,30.546499252319336,-11.1397705078125,20.411029815673828,-11.21324348449707,9.37702465057373,-5.824519634246826,7.82903528213501,-8.72843074798584,47.435359954833984,28.554691314697266,17.910661697387695,13.543672561645508,15.1893949508667,12.492319107055664,11.035627365112305,8.472198486328125,8.039639472961426,9.762584686279297,8.209831237792969,8.896648406982422,8.4631986618042,1659.8731689453125,713.4618530273438,0.07120667397975922,0.05415043979883194,0.34563642740249634,0.3055940866470337,95.703125,3580.9033203125,1368.763671875,1953.6246337890625,337.1907043457031,0.14587216079235077,0.04807647690176964,22.182409286499023,8.042672157287598,rock,rock.00076.wav
-103.93917846679688,101.90093994140625,-10.340606689453125,43.674171447753906,-11.524457931518555,26.93070411682129,-9.990091323852539,25.020719528198242,-14.218496322631836,19.7019100189209,-10.535614013671875,12.671650886535645,-12.685294151306152,53.91743469238281,18.734224319458008,20.666248321533203,12.574422836303711,11.619610786437988,9.183479309082031,10.281855583190918,7.071741580963135,7.162079811096191,7.668058395385742,6.948369026184082,6.986324787139893,6.765355587005615,2188.17626953125,488.3982849121094,0.10627675801515579,0.04169329255819321,0.4554080665111542,0.27835536003112793,107.666015625,4994.0029296875,1127.0797119140625,2350.783447265625,293.814697265625,0.12869976460933685,0.04373940825462341,20.624961853027344,9.37661361694336,rock,rock.00077.wav
-130.98988342285156,111.0154800415039,-2.153920888900757,41.78767013549805,-3.1985132694244385,34.658477783203125,-17.611370086669922,19.876789093017578,-9.144963264465332,14.890434265136719,-6.844168663024902,9.199766159057617,-6.975000858306885,51.00265884399414,26.104854583740234,19.01236343383789,14.567967414855957,13.998230934143066,11.186500549316406,10.624725341796875,9.274284362792969,9.152873039245605,9.271404266357422,8.301939964294434,6.944911003112793,7.706869602203369,1878.090087890625,721.9765625,0.07173047959804535,0.057368822395801544,0.3579820990562439,0.3033101558685303,99.38401794433594,4285.44091796875,1482.976806640625,2204.215576171875,368.90057373046875,0.14438898861408234,0.045750051736831665,22.270689010620117,8.457806587219238,rock,rock.00078.wav
-91.38539123535156,112.11522674560547,-27.342018127441406,47.98101806640625,-19.606639862060547,27.728473663330078,-18.553401947021484,17.439449310302734,-13.1617431640625,14.429666519165039,-15.21798038482666,11.52908992767334,-12.585803031921387,42.180519104003906,19.950199127197266,15.749419212341309,9.608963012695312,9.140210151672363,7.832049369812012,8.557049751281738,6.3048624992370605,8.394262313842773,7.156099796295166,6.798572063446045,6.566737651824951,5.9990105628967285,2148.47021484375,503.80224609375,0.10911649465560913,0.03927868604660034,0.3600652813911438,0.2898034453392029,123.046875,4479.50634765625,989.6346435546875,2107.138671875,268.7501525878906,0.11669325828552246,0.028076034039258957,21.973134994506836,9.416852951049805,rock,rock.00079.wav
-88.00072479248047,93.53732299804688,-23.228851318359375,48.1299934387207,-21.44626808166504,27.758792877197266,-20.340560913085938,18.754474639892578,-15.226568222045898,16.13050651550293,-21.412471771240234,10.874083518981934,-12.021344184875488,38.61924743652344,17.834108352661133,14.059924125671387,9.642489433288574,9.07997989654541,8.056077003479004,9.846714973449707,8.276814460754395,7.7466864585876465,7.459535598754883,8.201620101928711,6.029094219207764,7.253146171569824,2606.256591796875,509.208740234375,0.14968088269233704,0.048271842300891876,0.3686484396457672,0.2875030040740967,117.4538345336914,5339.1845703125,940.0728759765625,2318.6787109375,242.7803192138672,0.10433086007833481,0.029668791219592094,22.51833152770996,9.509501457214355,rock,rock.00080.wav
-121.43798065185547,89.51823425292969,-33.493106842041016,41.97275161743164,-25.92999839782715,23.025859832763672,-20.269113540649414,14.35069751739502,-16.349435806274414,17.03437042236328,-16.95542335510254,9.146751403808594,-10.111248016357422,71.7213363647461,26.64828109741211,16.210357666015625,15.065057754516602,12.432907104492188,10.897039413452148,11.692570686340332,10.092483520507812,10.507156372070312,10.280704498291016,8.238444328308105,8.158373832702637,7.153977870941162,2553.899169921875,599.8981323242188,0.13617339730262756,0.05956219509243965,0.33577901124954224,0.2946884036064148,117.4538345336914,5123.7939453125,1027.504638671875,2219.133056640625,267.32568359375,0.09363885223865509,0.038313135504722595,22.50739860534668,9.163342475891113,rock,rock.00081.wav
-95.47613525390625,78.3237533569336,-26.22216033935547,44.23744583129883,-22.463899612426758,29.737852096557617,-21.56705093383789,23.95587921142578,-16.57855796813965,20.470060348510742,-19.642690658569336,13.886457443237305,-12.624654769897461,48.43736267089844,17.235727310180664,17.041057586669922,10.742114067077637,11.326252937316895,9.239057540893555,9.575709342956543,8.077716827392578,6.9536638259887695,6.874642848968506,8.367709159851074,7.4403276443481445,7.972683906555176,2976.003173828125,544.4727783203125,0.18373584747314453,0.06421168893575668,0.38245007395744324,0.29330816864967346,99.38401794433594,5926.6806640625,822.4678955078125,2423.215087890625,225.9187469482422,0.09327282011508942,0.03213418275117874,21.786212921142578,9.784623146057129,rock,rock.00082.wav
-119.17545318603516,107.44642639160156,-10.972755432128906,58.55445098876953,-12.931377410888672,26.83179473876953,-17.6407413482666,19.37105369567871,-15.608501434326172,13.566648483276367,-16.671030044555664,11.872086524963379,-12.187864303588867,37.251590728759766,16.56973648071289,14.052080154418945,7.6606245040893555,9.034308433532715,7.573493957519531,7.151398181915283,7.113809585571289,6.613198757171631,7.350726127624512,6.774805545806885,5.823943614959717,5.908998012542725,2115.98388671875,435.2388610839844,0.09280102699995041,0.028483830392360687,0.37879300117492676,0.2851674556732178,123.046875,4689.61328125,907.4175415039062,2245.276611328125,248.57650756835938,0.10167484730482101,0.02278066799044609,22.31249237060547,8.794048309326172,rock,rock.00083.wav
-94.30160522460938,91.88177490234375,-17.58851432800293,45.52394104003906,-15.698275566101074,32.63909149169922,-18.020702362060547,21.573335647583008,-15.734346389770508,16.795480728149414,-18.303876876831055,13.33747386932373,-15.461037635803223,42.02248001098633,21.4334716796875,16.430513381958008,9.494453430175781,12.573260307312012,7.658391952514648,9.181672096252441,7.475549697875977,7.951066017150879,6.787793159484863,7.055455684661865,7.218438148498535,7.489988803863525,2581.809326171875,646.877685546875,0.1392160952091217,0.06439714878797531,0.3567730188369751,0.29850006103515625,129.19921875,5391.13427734375,1071.725341796875,2376.373291015625,254.46490478515625,0.10681610554456711,0.028050433844327927,22.341508865356445,9.626687049865723,rock,rock.00084.wav
-185.45333862304688,98.93243408203125,-36.44243240356445,44.426692962646484,-17.757999420166016,21.304088592529297,-20.296018600463867,13.779586791992188,-15.489944458007812,11.040962219238281,-16.79224967956543,2.326029062271118,-12.639384269714355,63.10133743286133,29.505062103271484,18.180866241455078,15.407692909240723,15.177797317504883,13.718101501464844,12.24321460723877,11.124382019042969,11.506514549255371,11.854382514953613,11.342389106750488,10.028800964355469,9.587998390197754,2256.004638671875,729.664794921875,0.12098982185125351,0.06106771528720856,0.3218926191329956,0.29767343401908875,184.5703125,4509.2978515625,1215.4542236328125,2058.046142578125,325.22479248046875,0.06301802396774292,0.02960881032049656,24.348329544067383,7.696272373199463,rock,rock.00085.wav
-160.12103271484375,88.73147583007812,-35.49324417114258,47.491817474365234,-12.622673034667969,17.308822631835938,-19.139455795288086,14.591328620910645,-20.38043975830078,11.096237182617188,-11.145569801330566,7.704707622528076,-9.865750312805176,104.60528564453125,30.72418975830078,28.532974243164062,19.920263290405273,13.569681167602539,11.979572296142578,11.756274223327637,9.512505531311035,11.756355285644531,10.285290718078613,8.833375930786133,8.471495628356934,7.944576263427734,2521.464111328125,769.005859375,0.1463245153427124,0.07490004599094391,0.3909728229045868,0.2955217659473419,129.19921875,4830.49560546875,1248.908935546875,2133.3603515625,325.4156494140625,0.07627316564321518,0.04788148030638695,20.99109649658203,8.450129508972168,rock,rock.00086.wav
-42.66564178466797,102.98204040527344,-36.866947174072266,44.534725189208984,-11.986276626586914,25.571468353271484,-22.683826446533203,28.34067726135254,-19.27325439453125,21.487628936767578,-15.257318496704102,11.752054214477539,-11.576942443847656,27.762672424316406,12.86818790435791,12.893805503845215,8.991899490356445,9.652198791503906,8.088379859924316,7.133970737457275,6.0906500816345215,5.61022424697876,6.172271728515625,5.957961082458496,5.620409965515137,4.957324981689453,2334.7587890625,336.24444580078125,0.12858085334300995,0.02811455726623535,0.39313745498657227,0.2763479948043823,129.19921875,4819.85400390625,840.2977905273438,2208.273193359375,210.27496337890625,0.16569988429546356,0.03207947313785553,21.279157638549805,9.908317565917969,rock,rock.00087.wav
-118.01446533203125,84.0493392944336,-50.279659271240234,46.06394958496094,-17.69577407836914,20.860382080078125,-21.651596069335938,16.67853546142578,-12.957173347473145,12.828729629516602,-13.105274200439453,11.298574447631836,-12.60710334777832,66.68012237548828,26.783889770507812,18.193098068237305,15.176775932312012,9.324575424194336,9.412643432617188,10.483232498168945,8.177882194519043,9.156464576721191,8.21733283996582,8.210649490356445,7.1962409019470215,8.289960861206055,2591.11669921875,553.1394653320312,0.1617809534072876,0.060391828417778015,0.40842345356941223,0.29842254519462585,92.28515625,4889.82861328125,974.0797119140625,2078.651611328125,277.76214599609375,0.08947667479515076,0.03840713948011398,20.87787437438965,8.943958282470703,rock,rock.00088.wav
-156.2683868408203,130.7677459716797,-25.246170043945312,43.49665832519531,-12.14410400390625,25.410446166992188,-7.9474592208862305,17.621599197387695,-8.632111549377441,9.57370662689209,-8.363633155822754,5.776412487030029,-7.044429779052734,53.77641677856445,26.046119689941406,14.536309242248535,13.5022611618042,11.425935745239258,9.523252487182617,10.652188301086426,8.116185188293457,9.667450904846191,8.065710067749023,7.887721061706543,7.2185258865356445,7.008147716522217,1610.189697265625,591.0552978515625,0.07329320907592773,0.04208430275321007,0.3434580862522125,0.2942097783088684,107.666015625,3381.496337890625,1223.827392578125,1816.2003173828125,356.390625,0.10521844774484634,0.03721415251493454,23.68387794494629,7.684338092803955,rock,rock.00089.wav
-89.05668640136719,86.21659851074219,-24.4185848236084,47.110076904296875,-33.64547348022461,29.479248046875,-19.750383377075195,21.647640228271484,-16.7561092376709,6.549621105194092,-13.397908210754395,7.489511013031006,-12.868062973022461,46.84466552734375,27.133779525756836,16.25890350341797,15.204835891723633,12.513154029846191,8.040682792663574,9.266342163085938,9.542780876159668,9.021857261657715,10.090550422668457,9.375657081604004,11.7418212890625,10.553086280822754,2495.620361328125,523.2267456054688,0.12064250558614731,0.04210072383284569,0.2557002902030945,0.301044225692749,123.046875,5212.82666015625,728.5909423828125,2249.630615234375,194.42166137695312,0.1546425074338913,0.03855481743812561,22.335224151611328,9.399767875671387,rock,rock.00090.wav
-74.30169677734375,100.11320495605469,-47.37080764770508,49.623390197753906,-18.414453506469727,24.62058448791504,-15.91473388671875,23.901294708251953,-22.833791732788086,23.33636474609375,-16.94891929626465,14.9324312210083,-11.504433631896973,28.89702796936035,21.095991134643555,17.1422176361084,10.84292221069336,8.2346830368042,6.937575340270996,7.950526714324951,6.512892723083496,5.779326915740967,7.132914066314697,5.886804103851318,5.596834182739258,5.395338535308838,2474.5546875,508.2418212890625,0.1501835137605667,0.0425826758146286,0.44358378648757935,0.2639990746974945,143.5546875,4754.65478515625,1079.8228759765625,2123.312744140625,288.39495849609375,0.10825303196907043,0.012780052609741688,22.443029403686523,9.617846488952637,rock,rock.00091.wav
-70.11753845214844,94.18165588378906,-50.328033447265625,46.96289825439453,-16.114253997802734,19.996185302734375,-23.95972442626953,16.34402847290039,-22.188528060913086,14.435193061828613,-20.092636108398438,12.150915145874023,-14.765588760375977,23.816043853759766,14.13975715637207,9.394254684448242,7.863498210906982,7.087222576141357,6.005496501922607,6.163201808929443,6.054557800292969,5.50557279586792,5.899374961853027,5.467367649078369,5.051131725311279,5.3029398918151855,2471.30224609375,329.713623046875,0.1509450376033783,0.031195735558867455,0.41648173332214355,0.2715720236301422,129.19921875,4687.15478515625,677.1534423828125,2102.197265625,161.2716827392578,0.10687875002622604,0.014712857082486153,22.18903160095215,9.688786506652832,rock,rock.00092.wav
-114.74584197998047,119.2917251586914,-50.72455978393555,42.63133239746094,-6.70927095413208,19.71417808532715,-16.88706398010254,19.3933048248291,-17.41594696044922,17.31191635131836,-10.866726875305176,6.668211936950684,-15.753815650939941,31.637718200683594,21.874595642089844,14.743199348449707,11.629134178161621,9.623847007751465,9.256258964538574,7.645003318786621,6.765279293060303,7.161659240722656,8.159167289733887,6.570181369781494,5.945023536682129,6.682187080383301,1939.9141845703125,398.5016784667969,0.09836637228727341,0.02613322250545025,0.3435116410255432,0.2861194610595703,103.359375,3749.093994140625,926.3299560546875,1881.683349609375,301.9097595214844,0.10574260354042053,0.021932372823357582,23.072439193725586,8.352130889892578,rock,rock.00093.wav
-90.21276092529297,80.05299377441406,-46.36942672729492,56.04584884643555,-8.101378440856934,27.485427856445312,-17.328845977783203,22.97190284729004,-17.603975296020508,18.401447296142578,-17.448110580444336,7.651446342468262,-19.30083656311035,24.792007446289062,11.6285982131958,14.677347183227539,7.0476250648498535,5.993619441986084,5.216996669769287,5.598575115203857,4.726604461669922,6.765874862670898,6.055239200592041,6.170612812042236,6.019163131713867,5.222257614135742,2629.304443359375,306.18865966796875,0.14670470356941223,0.03192305937409401,0.38914114236831665,0.27094852924346924,112.3471450805664,5086.75244140625,679.0979614257812,2210.6103515625,193.0543975830078,0.10193109512329102,0.019278235733509064,23.213802337646484,9.337301254272461,rock,rock.00094.wav
-153.61648559570312,109.89451599121094,-23.106590270996094,59.00746154785156,-7.5279951095581055,19.730127334594727,-16.48607635498047,18.083520889282227,-22.215627670288086,15.403846740722656,-12.378472328186035,12.349250793457031,-12.316457748413086,50.40913772583008,21.3107967376709,13.708888053894043,11.440837860107422,9.482701301574707,7.63521671295166,9.436793327331543,6.617154598236084,8.807546615600586,7.812191009521484,6.532578468322754,6.596620082855225,7.00848388671875,2008.5369873046875,531.1727294921875,0.08926665782928467,0.0361064113676548,0.35199177265167236,0.28371238708496094,103.359375,4254.12451171875,1105.8177490234375,2106.34912109375,297.689208984375,0.07944141328334808,0.01859879493713379,22.980342864990234,8.361013412475586,rock,rock.00095.wav
-142.4420623779297,116.23844146728516,-32.1903190612793,49.11460876464844,-8.395415306091309,22.87228775024414,-18.311134338378906,20.106487274169922,-22.106910705566406,10.796754837036133,-13.00155258178711,14.067452430725098,-16.397626876831055,57.3049201965332,18.534526824951172,13.77396011352539,8.165843963623047,9.009658813476562,6.666197776794434,7.999754428863525,6.6314568519592285,6.0675859451293945,7.289149284362793,6.606899261474609,6.161779880523682,5.901365280151367,2006.00927734375,425.9542236328125,0.09765889495611191,0.029462376609444618,0.39876094460487366,0.274070680141449,117.4538345336914,4147.16650390625,1020.7379150390625,2068.224853515625,286.2183837890625,0.07642539590597153,0.024282127618789673,22.66913604736328,8.58077335357666,rock,rock.00096.wav
-125.06510925292969,115.20330810546875,-48.00468063354492,52.843101501464844,-13.491937637329102,21.76540756225586,-12.42856216430664,20.139965057373047,-18.370885848999023,10.11968994140625,-16.055442810058594,10.486739158630371,-17.95963478088379,40.96150588989258,21.799253463745117,17.031206130981445,10.640031814575195,8.781065940856934,8.983521461486816,7.7468485832214355,6.447846412658691,6.680020809173584,9.05074405670166,6.575268268585205,6.55241584777832,6.654918670654297,2077.166748046875,481.3659362792969,0.12182427942752838,0.04120224341750145,0.43190938234329224,0.27430260181427,129.19921875,4030.750732421875,896.8604736328125,1926.895751953125,273.26837158203125,0.08158259093761444,0.01796233467757702,22.317138671875,8.413627624511719,rock,rock.00097.wav
-224.99404907226562,123.66968536376953,-9.775933265686035,56.6057243347168,10.427105903625488,20.634145736694336,-10.257256507873535,15.5733060836792,-8.251973152160645,12.805177688598633,-9.004446029663086,7.690067768096924,-10.085665702819824,103.79005432128906,22.213045120239258,24.5677490234375,13.780771255493164,12.503182411193848,14.530518531799316,10.345752716064453,10.160542488098145,8.342934608459473,9.626791954040527,7.996948719024658,8.687231063842773,7.5310187339782715,1398.58154296875,490.50177001953125,0.048731375485658646,0.028427600860595703,0.3624277710914612,0.3025013208389282,73.828125,3014.67333984375,1154.5015869140625,1817.8135986328125,330.27178955078125,0.0838344469666481,0.03473297506570816,22.493425369262695,7.431975364685059,rock,rock.00098.wav
-235.21820068359375,123.89323425292969,-22.541746139526367,52.92485427856445,-1.4473310708999634,24.66827392578125,-7.072872638702393,14.884822845458984,-12.778573989868164,16.70909881591797,-2.9464380741119385,10.071948051452637,-15.021038055419922,87.86119842529297,28.272966384887695,22.786399841308594,15.069692611694336,13.509756088256836,11.24040412902832,10.884007453918457,9.67607307434082,8.907960891723633,8.72559928894043,8.898979187011719,6.74578857421875,6.5612921714782715,1609.3699951171875,649.944580078125,0.07628978788852692,0.04660828784108162,0.35816487669944763,0.292926549911499,123.046875,3246.305419921875,1324.4959716796875,1796.9237060546875,346.8476867675781,0.05444213002920151,0.018348561599850655,24.27201271057129,7.048331260681152,rock,rock.00099.wav
